


<dir>
<title>300 Collection</title>
<tmdb>collection/125570</tmdb>
<thumbnail>https://image.tmdb.org/t/p/w1280/nKQqh6kJvPdpOJD24enD3Bm1Hy5.jpg</thumbnail>
<fanart></fanart>
</dir>

<dir>
<title>AVP Collection</title>
<tmdb>collection/115762</tmdb>
<thumbnail>https://image.tmdb.org/t/p/w1280/zrApSsUX9i0qVntcCD0Pp55TdCy.jpg</thumbnail>
<fanart>https://image.tmdb.org/t/p/original/cbAh128RfHTkKDsVsIZZjXwv593.jpg</fanart>
</dir>

<dir>
<title>Ace Ventura Collection</title>
<tmdb>collection/3167</tmdb>
<thumbnail>https://image.tmdb.org/t/p/w1280/1b6XZaWAnX3RonaJbL1jKbRaOy7.jpg</thumbnail>
<fanart>http://image.tmdb.org/t/p/original/nTMmTrbrnBC7q4rEqN0Jx7lE2Ua.jpg</fanart>
</dir>

<dir>
<title>Addam's Family Collection</title>
<tmdb>collection/11716</tmdb>
<thumbnail>https://image.tmdb.org/t/p/w1280/t0ikkKvhjCGK62eos6K4MBIxF4i.jpg</thumbnail>
<fanart>http://image.tmdb.org/t/p/original/cf9WjvymdQMYyHHpp30ePvXrUZG.jpg</fanart>
</dir>

<dir>
<title>Alien Collection</title>
<tmdb>collection/8091</tmdb>
<thumbnail>https://image.tmdb.org/t/p/w1280/iVzIeC3PbG9BtDAudpwSNdKAgh6.jpg</thumbnail>
<fanart>https://image.tmdb.org/t/p/original/52Lhwd7srnktMFDYkfhtMoZdabT.jpg</fanart>
</dir>

<dir>
<title>American Pie (Spin-off) Collection</title>
<tmdb>collection/298820</tmdb>
<thumbnail>https://image.tmdb.org/t/p/w1280/deSui9fZHgArlSmOGxRV1ZBqYTO.jpg</thumbnail>
<fanart>https://image.tmdb.org/t/p/original/au9AnpVPqjFfTZIGGuV94276KaL.jpg</fanart>
</dir>

<dir>
<title>American Pie Collection</title>
<tmdb>collection/2806</tmdb>
<thumbnail>https://image.tmdb.org/t/p/w1280/twY1eM88fu8CCGVtem5ItlrgeDA.jpg</thumbnail>
<fanart>https://image.tmdb.org/t/p/original/lioHiduK5YIF29GkhCux01oYUbH.jpg</fanart>
</dir>

<dir>
<title>Anchorman Collection</title>
<tmdb>collection/93791</tmdb>
<thumbnail>https://image.tmdb.org/t/p/w1280/dgAcVz0lWFfo9Sed67y6hAQA5b0.jpg</thumbnail>
<fanart>http://image.tmdb.org/t/p/original/eUU6edsZcr7I0AO8rHcB3vQwcOH.jpg</fanart>
</dir>

<dir>
<title>Anchorman Collection</title>
<tmdb>collection/93791</tmdb>
<thumbnail>https://image.tmdb.org/t/p/w1280/dgAcVz0lWFfo9Sed67y6hAQA5b0.jpg</thumbnail>
<fanart>http://image.tmdb.org/t/p/original/eUU6edsZcr7I0AO8rHcB3vQwcOH.jpg</fanart>
</dir>

<dir>
<title>Austin Powers Collection</title>
<tmdb>collection/1006</tmdb>
<thumbnail>https://image.tmdb.org/t/p/w1280/9fg3fFqjr2ofmgjyWKfKgv6ZLu0.jpg</thumbnail>
<fanart>https://image.tmdb.org/t/p/original/3QJMI8nqQcwU5JBPy26m8TUXtTN.jpg</fanart>
</dir>

<dir>
<title>Avengers Collection</title>
<tmdb>collection/86311</tmdb>
<thumbnail>https://image.tmdb.org/t/p/w1280/qJawKUQcIBha507UahUlX0keOT7.jpg</thumbnail>
<fanart>http://image.tmdb.org/t/p/original/zuW6fOiusv4X9nnW3paHGfXcSll.jpg</fanart>
</dir>

<dir>
<title>Babylon 5 Collection</title>
<tmdb>collection/10441</tmdb>
<thumbnail>https://image.tmdb.org/t/p/w1280/4SmQl6eoFuyvHPj1noqqKf93yK6.jpg</thumbnail>
<fanart>https://image.tmdb.org/t/p/original/mpiKaJZSIDVGbuKxL1KyQPxeW6Y.jpg</fanart>
</dir>

<dir>
<title>Back To The Future Collection</title>
<tmdb>collection/264</tmdb>
<thumbnail>https://image.tmdb.org/t/p/w1280/UV8VEgAxgKVnCVnZhFACmhxjE4.jpg</thumbnail>
<fanart>https://image.tmdb.org/t/p/original/c9C9Pg2QctyjZHRmS0P8rZg1OTA.jpg</fanart>
</dir>

<dir>
<title>Bad Boys Collection</title>
<tmdb>collection/14890</tmdb>
<thumbnail>https://image.tmdb.org/t/p/w1280/tSVbihfvVTCbcm0zXKA7L8R6Y9v.jpg</thumbnail>
<fanart>https://image.tmdb.org/t/p/original/k9hhSHg5GS4UgWQC6MHBOZrarji.jpg</fanart>
</dir>

<dir>
<title>Barbershop Collection</title>
<tmdb>collection/176097</tmdb>
<thumbnail>https://image.tmdb.org/t/p/w185/glSSzT4jwKblxxGXN0lHWxbyhUH.jpg</thumbnail>
<fanart>https://image.tmdb.org/t/p/original/xIA97c95X8i6MlO81AfspMo21UN.jpg</fanart>
</dir>

<dir>
<title>Batman Collection</title>
<tmdb>collection/120794</tmdb>
<thumbnail>https://image.tmdb.org/t/p/w1280/4AUoqt72CVP4UV902hmdDj4t5Q9.jpg</thumbnail>
<fanart>http://image.tmdb.org/t/p/original/tg8azDJ7B53H26utdyWAkm88uZZ.jpg</fanart>
</dir>

<dir>
<title>Batman The Dark Knight Collection</title>
<tmdb>collection/263</tmdb>
<thumbnail>https://image.tmdb.org/t/p/w1280/bqS2lMgGkuodIXtDILFWTSWDDpa.jpg</thumbnail>
<fanart>https://image.tmdb.org/t/p/original/xfKot7lqaiW4XpL5TtDlVBA9ei9.jpg</fanart>
</dir>

<dir>
<title>Bean Movie Collection</title>
<tmdb>collection/120794</tmdb>
<thumbnail>https://image.tmdb.org/t/p/w1280/61Jcc1Gwc2KE7sIJ1HPqqdt67ji.jpg</thumbnail>
<fanart>http://image.tmdb.org/t/p/original/aIXcqHz5VKRLXHPsNo0dFoK7YP5.jpg</fanart>
</dir>

<dir>
<title>Beverly Hills Cop Collection</title>
<tmdb>collection/85861</tmdb>
<thumbnail>https://image.tmdb.org/t/p/w1280/ty7zsl0xkVDUlibYkFUjRAYUkvE.jpg</thumbnail>
<fanart>http://image.tmdb.org/t/p/original/shiGTBOj1b2SNnfVXN4RtjZD0Pt.jpg</fanart>
</dir>

<dir>
<title>Big Momma's House Collection</title>
<tmdb>collection/44979</tmdb>
<thumbnail>https://image.tmdb.org/t/p/w1280/nFJauk5E72nZNZJU4TZFCdMycYE.jpg</thumbnail>
<fanart>http://image.tmdb.org/t/p/original/wk7mQSZmDz5vSET5mleTHKe76Uy.jpg</fanart>
</dir>

<dir>
<title>Bill & Ted's Most Excellent Collection</title>
<tmdb>collection/91746</tmdb>
<thumbnail>https://image.tmdb.org/t/p/w1280/e8ytcWY0r32q3RdNJDnv5KRh9hC.jpg</thumbnail>
<fanart>http://image.tmdb.org/t/p/original/yTZKBx66njeBNXFM1A26Rm49AWL.jpg</fanart>
</dir>

<dir>
<title>Blade Collection</title>
<tmdb>collection/735</tmdb>
<thumbnail>https://image.tmdb.org/t/p/w1280/ltjxGZP6aJrwjl7oOZiiZhFgkF1.jpg</thumbnail>
<fanart>https://image.tmdb.org/t/p/original/ev9QybDDzVSahJQdOb71ZuqNVAo.jpg</fanart>
</dir>

<dir>
<title>Bourne Collection</title>
<tmdb>collection/31562</tmdb>
<thumbnail>https://image.tmdb.org/t/p/w1280/lTfOZ25PhQkmGb5NHmaFnwB7b13.jpg</thumbnail>
<fanart>https://image.tmdb.org/t/p/original/3MVICL7Dn7CHIaQ0u9YkZijgXA5.jpg</fanart>
</dir>

<dir>
<title>Bridget Jones Collection</title>
<tmdb>/collection/8936</tmdb>
<thumbnail>https://image.tmdb.org/t/p/w1280/fB3BE3TL85Wh7dxNJf226IYQCp.jpg</thumbnail>
<fanart>https://image.tmdb.org/t/p/original/o15nLGxWouLZgCexzSE2ybyBToV.jpg</fanart>
</dir>

<dir>
<title>Captain America Collection</title>
<tmdb>collection/131295</tmdb>
<thumbnail>https://image.tmdb.org/t/p/w1280/2tOgiY533JSFp7OrVlkeRJvsZpI.jpg</thumbnail>
<fanart>https://image.tmdb.org/t/p/original/ezEpSQhUQxVKdMx81zaSLsTHv7j.jpg</fanart>
</dir>

<dir>
<title>Carry On Collection</title>
<tmdb>collection/37261</tmdb>
<thumbnail>https://image.tmdb.org/t/p/w1280/2P0HNrYgKDvirV8RCdT1rBSJdbJ.jpg</thumbnail>
<fanart>https://image.tmdb.org/t/p/original/5AUd4xHlY9JTCF2IgZ9qsDUUlKN.jpg</fanart>
</dir>

<dir>
<title>City Slickers Collection</title>
<tmdb>collection/150156</tmdb>
<thumbnail>https://image.tmdb.org/t/p/w1280/nr8SERn6reF6Np6TdcpouBmNPKG.jpg</thumbnail>
<fanart>http://image.tmdb.org/t/p/original/fasgMMAJG1Bet1oBk2yzVaYE3xV.jpg</fanart>
</dir>

<dir>
<title>Clerks Collection</title>
<tmdb>collection/182813</tmdb>
<thumbnail>https://image.tmdb.org/t/p/w1280/dmNytzvQTjylI83qrgDoS1KQ0ev.jpg</thumbnail>
<fanart>http://image.tmdb.org/t/p/original/32hIvA99bXCArs8jjVDhVSKxNxC.jpg</fanart>
</dir>

<dir>
<title>Cocoon Collection</title>
<tmdb>collection/86307</tmdb>
<thumbnail>https://image.tmdb.org/t/p/w1280/gl5n88EJeVEMVv3rrGsDUUtibHf.jpg</thumbnail>
<fanart>https://image.tmdb.org/t/p/original/k2p8bbDARn6QwyJRsQfLldTJB38.jpg</fanart>
</dir>

<dir>
<title>Conan the Barbarian Collection</title>
<tmdb>collection/43055</tmdb>
<thumbnail>https://image.tmdb.org/t/p/w1280/vguM8mJmArTn9ePTm8fK0Ryt7EI.jpg</thumbnail>
<fanart>https://image.tmdb.org/t/p/original/lGhx5lQiPJ79piSrXHgN5pSmJjh.jpg</fanart>
</dir>

<dir>
<title>Crocodile Dundee Collection</title>
<tmdb>collection/9332</tmdb>
<thumbnail>https://image.tmdb.org/t/p/w1280/8JSZuR1263BACO7la0cQbQ74Lf.jpg</thumbnail>
<fanart>https://image.tmdb.org/t/p/original/pI2EqYQCzCRnrpiFHl8rrGp1qW9.jpg</fanart>
</dir>

<dir>
<title>Die Hard Collection</title>
<tmdb>collection/1570</tmdb>
<thumbnail>https://image.tmdb.org/t/p/w1280/dQP1lu4tBtCiAMeCRcuTFpJiM7y.jpg</thumbnail>
<fanart>https://image.tmdb.org/t/p/original/7LSSYjSt94Hs3YYDzMGLkAdGLoF.jpg</fanart>
</dir>

<dir>
<title>Dirty Dancing Collection</title>
<tmdb>collection/86058</tmdb>
<thumbnail>https://image.tmdb.org/t/p/w1280/gkrOvdbCFuGlxVwCYmczw7aw6Ku.jpg</thumbnail>
<fanart>http://image.tmdb.org/t/p/original/eEBKu4IjvMjCUrKjCkkSEEv7bvt.jpg</fanart>
</dir>

<dir>
<title>Dirty Harry Collection</title>
<tmdb>collection/10456</tmdb>
<thumbnail>https://image.tmdb.org/t/p/w1280/vY8MSRkKL0ZBeFP0c0I2o11IYDZ.jpg</thumbnail>
<fanart>http://image.tmdb.org/t/p/original/rMQovq1pGFLHG0IK7FKMskszELm.jpg</fanart>
</dir>

<dir>
<title>Divergent Collection</title>
<tmdb>collection/283579</tmdb>
<thumbnail>https://image.tmdb.org/t/p/w1280/nXuCj7NcsC2bPJlwD6t2l9ZTDnt.jpg</thumbnail>
<fanart>https://image.tmdb.org/t/p/original/L5QRL1O3fGs2hH1LbtYyVl8Tce.jpg</fanart>
</dir>

<dir>
<title>Dumb & Dumber Collection</title>
<tmdb>collection/96665</tmdb>
<thumbnail>https://image.tmdb.org/t/p/w1280/lh0IDV00gnR9qi69DXAqzVHRGRg.jpg</thumbnail>
<fanart>http://image.tmdb.org/t/p/original/ocnCspmaIbS1XAkz1G95EfSWokM.jpg</fanart>
</dir>

<dir>
<title>East is East Collection</title>
<tmdb>collection/159616</tmdb>
<thumbnail>https://image.tmdb.org/t/p/w1280/aCRRl0LNpFgkwyW66OlcdfwVUs3.jpg</thumbnail>
<fanart>https://image.tmdb.org/t/p/original/5wgiu0sgT9C3MIso8vJtJzhnvCX.jpg</fanart>
</dir>

<dir>
<title>Expendables Collection</title>
<tmdb>collection/126125</tmdb>
<thumbnail>https://image.tmdb.org/t/p/w1280/mpzHpaXjBc7bHAhwcerIznnq9qV.jpg</thumbnail>
<fanart>http://image.tmdb.org/t/p/original/qVXIIwpp0im7gxtJQHxZG4LaRQD.jpg</fanart>
</dir>

<dir>
<title>Fantastic Four Collection</title>
<tmdb>collection/9744</tmdb>
<thumbnail>https://image.tmdb.org/t/p/w1280/prObnUSCHIBC8ZjkGo2KHgjkWOo.jpg</thumbnail>
<fanart>http://image.tmdb.org/t/p/original/3JFe9AWoKuQWox7HO8HKgYRMOF7.jpg</fanart>
</dir>

<dir>
<title>Fast & Furious Collection</title>
<tmdb>collection/9485</tmdb>
<thumbnail>https://image.tmdb.org/t/p/w1280/mCkqJf4ijbNoBWvJ0RTWZJuhJUA.jpg</thumbnail>
<fanart>http://image.tmdb.org/t/p/original/pRxz33WtDEZm6KXNFNNa2amaVZY.jpg</fanart>
</dir>

<dir>
<title>Free Willy Collection</title>
<tmdb>collection/9328</tmdb>
<thumbnail>https://image.tmdb.org/t/p/w1280/3M2Q9ZDTyFBfi3ohz2gizFmnoL0.jpg</thumbnail>
<fanart>https://image.tmdb.org/t/p/original/1f1gdhqIcGIEXk1YnyIn2yDNwoF.jpg</fanart>
</dir>

<dir>
<title>Ghost Rider Collection</title>
<tmdb>collection/90306</tmdb>
<thumbnail>https://image.tmdb.org/t/p/w1280/bZBasloaMhjxCwH6tV0eziNMqut.jpg</thumbnail>
<fanart>https://image.tmdb.org/t/p/original/ee8zhn4VIXQh1J5t7efyybcvHLj.jpg</fanart>
</dir>

<dir>
<title>Ghostbusters Collection</title>
<tmdb>collection/2980</tmdb>
<thumbnail>https://image.tmdb.org/t/p/w1280/zsSnQq4lGocDkqsrdVUTNNjZz7R.jpg</thumbnail>
<fanart>https://image.tmdb.org/t/p/original/g54JU2Bn4EFezsawnI7ccpAzPC7.jpg</fanart>
</dir>

<dir>
<title>Green Street Hooligans Collection</title>
<tmdb>collection/152544</tmdb>
<thumbnail>https://image.tmdb.org/t/p/w1280/mRwNITcfDBRo9zC3Y67mBndMCzF.jpg</thumbnail>
<fanart>http://image.tmdb.org/t/p/original/qjFcAxslSRhT8Cb9Hj52Y9jQpez.jpg</fanart>
</dir>

<dir>
<title>Gremlins Collection</title>
<tmdb>collection/89151</tmdb>
<thumbnail>https://image.tmdb.org/t/p/w1280/mcrb8SdAOrJpSMbWWS3Hv304FCG.jpg</thumbnail>
<fanart>http://image.tmdb.org/t/p/original/zJTOsSw65H6hdNZq8gWMcmGm81t.jpg</fanart>
</dir>

<dir>
<title>Grown Ups Collection</title>
<tmdb>collection/180546</tmdb>
<thumbnail>https://image.tmdb.org/t/p/w1280/8m9PIgdP6Nj18P3thsyI70qs76s.jpg</thumbnail>
<fanart>https://image.tmdb.org/t/p/original/fKVGl9n52JvFxe6gMsvkdPqJWr4.jpg</fanart>
</dir>

<dir>
<title>Grumpy Old Men Collection</title>
<tmdb>collection/119050</tmdb>
<thumbnail>https://image.tmdb.org/t/p/w1280/nLvUdqgPgm3F85NMCii9gVFUcet.jpg</thumbnail>
<fanart>https://image.tmdb.org/t/p/original/hypTnLot2z8wpFS7qwsQHW1uV8u.jpg</fanart>
</dir>

<dir>
<title>Harold & Kumar Collection</title>
<tmdb>collection/30663</tmdb>
<thumbnail>https://image.tmdb.org/t/p/w1280/9OBP4MQBAXnBZ1uXLZykIWRGnBb.jpg</thumbnail>
<fanart>http://image.tmdb.org/t/p/original/wjR7sZZsRECRk3z1ZTgeAvTur5J.jpg</fanart>
</dir>

<dir>
<title>Harry Potter Collection</title>
<tmdb>collection/1241</tmdb>
<thumbnail>https://image.tmdb.org/t/p/w1280/eVPs2Y0LyvTLZn6AP5Z6O2rtiGB.jpg</thumbnail>
<fanart>https://image.tmdb.org/t/p/original/hWK8gTH2riuv65Ej43hPSeE16Mu.jpg</fanart>
</dir>

<dir>
<title>Has Fallen Collection</title>
<tmdb>collection/386534</tmdb>
<thumbnail>https://image.tmdb.org/t/p/w1280/kM0U7nzdSepUkC6sOvVrqZkdFk5.jpg</thumbnail>
<fanart>https://image.tmdb.org/t/p/original/w5GjGycHi5EOfPx2JSMshCN7OJn.jpg</fanart>
</dir>

<dir>
<title>Hellboy Collection<title>
<tmdb>collection/17235</tmdb>
<thumbnail>https://image.tmdb.org/t/p/w1280/7zzD8uQ5fyC4slZF1ATMS6gtyHS.jpg</thumbnail>
<fanart>http://image.tmdb.org/t/p/original/df21ZOrmNzHU63jiLm1NYwSOegE.jpg</fanart>
</dir>

<dir>
<title>Highlander Collection</title>
<tmdb>collection/8050</tmdb>
<thumbnail>https://image.tmdb.org/t/p/w1280/hxy9GZRAoEIt2OJ2e1YXSRP80ti.jpg</thumbnail>
<fanart>http://image.tmdb.org/t/p/original/89KuIenMGGpq5hKi2GCsu4PiRNS.jpg</fanart>
</dir>

<dir>
<title>Hollow Man Collection</title>
<tmdb>collection/166376</tmdb>
<thumbnail>https://image.tmdb.org/t/p/w1280/ubc2Nf3fJirAUcxVLUismTSo4XD.jpg</thumbnail>
<fanart>http://image.tmdb.org/t/p/original/7t9okXhuguoylKwFasAZbE8SHQP.jpg</fanart>
</dir>

<dir>
<title>Homeward Bound Collection</title>
<tmdb>collection/43058</tmdb>
<thumbnail>https://image.tmdb.org/t/p/w1280/4S9WMNUJFzxKOjcoS1mGrKFfygI.jpg</thumbnail>
<fanart>https://image.tmdb.org/t/p/original/xBodl3B2IvBHQYMjn0WwtrYuxLl.jpg</fanart>
</dir>

<dir>
<title>Honey, I Shrunk the Kids Collection</title>
<tmdb>collection/72119</tmdb>
<thumbnail>https://image.tmdb.org/t/p/w1280/xxIwqQARS0RZu5cIENahqZSRw2a.jpg</thumbnail>
<fanart>http://image.tmdb.org/t/p/original/1e6k8mj5qtQq3dKTSW4b3A82U8I.jpg</fanart>
</dir>

<dir>
<title>Horrible Bosses Collection</title>
<tmdb>collection/280588</tmdb>
<thumbnail>https://image.tmdb.org/t/p/w1280/zU3dVVBa3JW1nQVUsaFM0BeTnK.jpg</thumbnail>
<fanart>https://image.tmdb.org/t/p/original/7OluTl9LoaMDZ2MVdrFVuU2os09.jpg</fanart>
</dir>

<dir>
<title>Hot Shots Collection</title>
<tmdb>collection/52988</tmdb>
<thumbnail>https://image.tmdb.org/t/p/w1280/4CgbVEeazjh6z1zuwWNQHOtOHeI.jpg</thumbnail>
<fanart>http://image.tmdb.org/t/p/original/cRwfgVEV02xVA07tMidSIazYRJ.jpg</fanart>
</dir>

<dir>
<title>Independence Day Collection</title>
<tmdb>collection/304378</tmdb>
<thumbnail>https://image.tmdb.org/t/p/w1280/diCxphvzqas0Tr5eq7tLUzg5M7d.jpg</thumbnail>
<fanart>https://image.tmdb.org/t/p/original/lL4z5AybIhZBjGeZqjXDUeDrKjd.jpg</fanart>
</dir>

<dir>
<title>Indiana Jones Collection</title>
<tmdb>collection/84</tmdb>
<thumbnail>https://image.tmdb.org/t/p/w1280/lpxDrACKJhbbGOlwVMNz5YCj6SI.jpg</thumbnail>
<fanart>https://image.tmdb.org/t/p/original/6kh59mZizZsttZPR0HAdXk6Ve2n.jpg</fanart>
</dir>

<dir>
<title>Iron Man Collection</title>
<tmdb>collection/131292</tmdb>
<thumbnail>https://image.tmdb.org/t/p/w1280/fbeJ7f0aD4A112Bc1tnpzyn82xO.jpg</thumbnail>
<fanart>http://image.tmdb.org/t/p/original/hP7Lxr8V2k2PIZY30QnBYCR9I4q.jpg</fanart>
</dir>

<dir>
<title>Jackass Collection</title>
<tmdb>collection/17178</tmdb>
<thumbnail>https://image.tmdb.org/t/p/w1280/leaYqf3HLs97mHYjiHPYNaUVgIf.jpg</thumbnail>
<fanart>http://image.tmdb.org/t/p/original/q7A6qCqmy6daaqGRm3Ee3NUC3xN.jpg</fanart>
</dir>

<dir>
<title>Johnny English Collection</title>
<tmdb>collection/86117</tmdb>
<thumbnail>https://image.tmdb.org/t/p/w1280/4RwgzSS4qnqKpTpCtrKQo1cdQXD.jpg</thumbnail>
<fanart>http://image.tmdb.org/t/p/original/wNEsGAHws1UATmZfnjNBRi2Ln5.jpg</fanart>
</dir>

<dir>
<title>Journey Collection</title>
<tmdb>collection/72547</tmdb>
<thumbnail>https://image.tmdb.org/t/p/w1280/h7evp2firw73rIG0GfFlQsNBfZE.jpg</thumbnail>
<fanart>http://image.tmdb.org/t/p/original/j9AGoD7PG2pvjxyMqKWSRlo7YS1.jpg</fanart>
</dir>

<dir>
<title>Jump Street Collection</title>
<tmdb>collection/212562</tmdb>
<thumbnail>https://image.tmdb.org/t/p/w1280/vufY0iuDNXGEdYOgZNcJFAEZeak.jpg</thumbnail>
<fanart>https://image.tmdb.org/t/p/original/iiAbTNYXpMadPDH4MkjUoJzcGn4.jpg</fanart>
</dir>

<dir>
<title>Jurassic Park Collection</title>
<tmdb>collection/328</tmdb>
<thumbnail>https://image.tmdb.org/t/p/w640/qIm2nHXLpBBdMxi8dvfrnDkBUDh.jpg</thumbnail>
<fanart>https://image.tmdb.org/t/p/original/pJjIH9QN0OkHFV9eue6XfRVnPkr.jpg</fanart>
</dir>

<dir>
<title>Kick-Ass Collection</title>
<tmdb>collection/179892</tmdb>
<thumbnail>https://image.tmdb.org/t/p/w1280/2DtPSyODKWXluIRV7PVru0SSzja.jpg</thumbnail>
<fanart>https://image.tmdb.org/t/p/original/fYMsCXEMguNlSORJIHydfBgOnty.jpg</fanart>
</dir>

<dir>
<title>Kill Bill Collection</title>
<tmdb>collection/2883</tmdb>
<thumbnail>https://image.tmdb.org/t/p/w640/tf1nUtw3LJGUGv1EFFi23iz6ngr.jpg</thumbnail>
<fanart>https://image.tmdb.org/t/p/original/dNOa7s2D2ijOrA0YAOOK72L7Yqi.jpg</fanart>
</dir>

<dir>
<title>Legally Blonde Collection</title>
<tmdb>collection/86024</tmdb>
<thumbnail>https://image.tmdb.org/t/p/w1280/kupFjC97HLSqG5CX47NsTJNEyAs.jpg</thumbnail>
<fanart>http://image.tmdb.org/t/p/original/aabPyPAA6E8hJ7tUipwunr3Itzb.jpg</fanart>
</dir>

<dir>
<title>Lethal Weapon Collection</title>
<tmdb>collection/945</tmdb>
<thumbnail>https://image.tmdb.org/t/p/w640/5zg6QLY0tdDLVHLwn28oowG3m8H.jpg</thumbnail>
<fanart>https://image.tmdb.org/t/p/original/bSLbqUqs5FzBOb1aO9v7qz71R0U.jpg</fanart>
</dir>

<dir>
<title>Lost Boys Collection</title>
<tmdb>collection/109076</tmdb>
<thumbnail>https://image.tmdb.org/t/p/w640/rpuL8zSLmVt34gwk03gSGReSjog.jpg</thumbnail>
<fanart>https://image.tmdb.org/t/p/original/qXpWa7kDopkOyEhuZtOLgIh4SW9.jpg</fanart>
</dir>

<dir>
<title>Mad Max Collection</title>
<tmdb>collection/8945</tmdb>
<thumbnail>https://image.tmdb.org/t/p/w1280/uuvSvLb3ntGA9B0wx2JskVDSuWi.jpg</thumbnail>
<fanart>http://image.tmdb.org/t/p/original/h4MNLYzr6Cr02iHv3Hpqb9lmTPv.jpg</fanart>
</dir>

<dir>
<title>Major League Collection</title>
<tmdb>collection/97771</tmdb>
<thumbnail>https://image.tmdb.org/t/p/w1280/oGC2fr1vzfee7eIcr7D94Bd04Qx.jpg</thumbnail>
<fanart>https://image.tmdb.org/t/p/original/rnp03J08gfYLEPfEHD2QNZdLE97.jpg</fanart>
</dir>

<dir>
<title>Maze Runner Collection</title>
<tmdb>collection/295130</tmdb>
<thumbnail>https://image.tmdb.org/t/p/w1280/beR71cbwXH0vySlTMPZo0GQ54Q9.jpg</thumbnail>
<fanart>https://image.tmdb.org/t/p/original/eQ8iwAvGfuNnPjBCKTIVp5PsFw.jpg</fanart>
</dir>

<dir>
<title>Meet the Parents Collection</title>
<tmdb>collection/51509</tmdb>
<thumbnail>https://image.tmdb.org/t/p/w1280/WFkinadVm4NRynRKuUcaLFNIDx.jpg</thumbnail>
<fanart>http://image.tmdb.org/t/p/original/9mNfoET5NlXDVqW2UhJAJp6DR7k.jpg</fanart>
</dir>
  
<dir>
<title>Men In Black Collection</title>
<tmdb>collection/86055</tmdb>
<thumbnail>https://image.tmdb.org/t/p/w1280/rWcgZaoJ0nxTFRn0H6w9bdtoDUI.jpg</thumbnail>
<fanart>http://image.tmdb.org/t/p/original/agCihVGrXk3hmmwMIgsn2ao1eEa.jpg</fanart>
</dir>

<dir>
<title>Mission: Impossible Collection</title>
<tmdb>collection/87359</tmdb>
<thumbnail>https://image.tmdb.org/t/p/w640/gwyJPIhCK4Xz2WogeBnhCSQfUek.jpg</thumbnail>
<fanart>https://image.tmdb.org/t/p/original/49L0c5utmm0A4BkeDafM9BOhyBT.jpg</fanart>
</dir>

<dir>
<title>My Big Fat Greek Wedding Collection</title>
<tmdb>collection/389767</tmdb>
<thumbnail>https://image.tmdb.org/t/p/w1280/oalS0sTGzk2mgiAyOQ5iVR4juJC.jpg</thumbnail>
<fanart>https://image.tmdb.org/t/p/original/UzzUEBULGUuk695tZhLO9xShxV.jpg</fanart>
</dir>

<dir>
<title>Narnia Collection</title>
<tmdb>collection/420</tmdb>
<thumbnail>https://image.tmdb.org/t/p/w1280/6Mz8zLC2jHhmdH5xjS0yjrwnXzt.jpg</thumbnail>
<fanart>http://image.tmdb.org/t/p/original/bLdAkD5NEtnNL1pvQtccYvsxvmG.jpg</fanart>
</dir>

<dir>
<title>National Treasure Collection</title>
<tmdb>collection/52984</tmdb>
<thumbnail>https://image.tmdb.org/t/p/w640/z5EIRaI8XS0brelYwDFEVlxcpzM.jpg</thumbnail>
<fanart>https://image.tmdb.org/t/p/original/a0GLVfaDSf5GNZKK5H4FgGCD2VW.jpg</fanart>
</dir>

<dir>
<title>Never Back Down Collection</title>
<tmdb>collection/96676</tmdb>
<thumbnail>https://image.tmdb.org/t/p/w1280/2srb1k1nAPHk7lzpheLK8e76Clp.jpg</thumbnail>
<fanart>https://image.tmdb.org/t/p/original/f069jw6rYHIWfypDjzQvODuGSz8.jpg</fanart>
</dir>

<dir>
<title>Night at the Museum Collection</title>
<tmdb>collection/85943</tmdb>
<thumbnail>https://image.tmdb.org/t/p/w1280/1FOt56wB41Z6auT2vvhtHoOenUI.jpg</thumbnail>
<fanart>http://image.tmdb.org/t/p/original/8tuHQglvFEHDASvagt3m5nAam9O.jpg</fanart>
</dir>

<dir>
<title>Now You See Me Collection</title>
<tmdb>collection/382685</tmdb>
<thumbnail>https://image.tmdb.org/t/p/w640/n0ygWnRip5RYnejdI6Lpwxov0x7.jpg</thumbnail>
<fanart>https://image.tmdb.org/t/p/original/aaf233l8tO87BioeFnE2tsNIJkD.jpg</fanart>
</dir>

<dir>
<title>Ocean's Collection</title>
<tmdb>collection/304</tmdb>
<thumbnail>https://image.tmdb.org/t/p/w640/rMWeMGBftk6IxNW5mJVH8ZXAvuq.jpg</thumbnail>
<fanart>https://image.tmdb.org/t/p/original/z2TbwtEzjMxYZ8TXfbJmhbahkom.jpg</fanart>
</dir>

<dir>
<title>Percy Jackson Collection</title>
<tmdb>collection/179919</tmdb>
<thumbnail>https://image.tmdb.org/t/p/w640/fimFFNm5LTSTaYcQEbjrFXT4rgo.jpg</thumbnail>
<fanart>https://image.tmdb.org/t/p/original/e5bG0gqEXpyXxqZP81W3pIinh6a.jpg</fanart>
</dir>

<dir>
<title>Pirates of the Caribbean Collection</title>
<tmdb>collection/295</tmdb>
<thumbnail>https://image.tmdb.org/t/p/w640/zT5UKFhq9nk97VGlBbAxlAK8UFN.jpg</thumbnail>
<fanart>https://image.tmdb.org/t/p/original/cnKAGbX1rDkAquF2V1wVkptHDJO.jpg</fanart>
</dir>

<dir>
<title>Pitch Perfect Collection</title>
<tmdb>collection/306031</tmdb>
<thumbnail>https://image.tmdb.org/t/p/w1280/n1bCFVJeVxX1yCTnXy4OCRwynF1.jpg</thumbnail>
<fanart>https://image.tmdb.org/t/p/original/anItUS64TeGKPv6MJ99DMv7o0Z0.jpg</fanart>
</dir>

<dir>
<title>Planet of the Apes (Reboot) Collection</title>
<tmdb>collection/173710</tmdb>
<thumbnail>https://image.tmdb.org/t/p/w640/qQrEMycfVN2gRlKTLWGn0QdOnSk.jpg</thumbnail>
<fanart>https://image.tmdb.org/t/p/original/mepJpyqVtD6P65vgCU1ngGFEjs5.jpg</fanart>
</dir>

<dir>
<title>Planet of the Apes Original Collection</title>
<tmdb>collection/1709</tmdb>
<thumbnail>https://image.tmdb.org/t/p/w640/r7TBDEcpBAuFoqdtUz7z2nSeFej.jpg</thumbnail>
<fanart>https://image.tmdb.org/t/p/original/eYf3GRnuVCgeFQfEo0qK7ua5rCR.jpg</fanart>
</dir>

<dir>
<title>Police Academy Collection</title>
<tmdb>collection/9338</tmdb>
<thumbnail>https://image.tmdb.org/t/p/w1280/1VRdXVy2FYlX4EtllnLKWK6kYDJ.jpg</thumbnail>
<fanart>http://image.tmdb.org/t/p/original/RhpI828r9EKPV4x0pyHiqCDZDQ.jpg</fanart>
</dir>

<dir>
<title>Porky's Collection</title>
<tmdb>collection/109592</tmdb>
<thumbnail>https://image.tmdb.org/t/p/w640/fGnfEA244AKrKgcN6uyvEFCgaR6.jpg</thumbnail>
<fanart>https://image.tmdb.org/t/p/original/1Ra6Un73JwIjGHfEU0lM3397Q8z.jpg</fanart>
</dir>

<dir>
<title>Predator Collection</title>
<tmdb>collection/399</tmdb>
<thumbnail>https://image.tmdb.org/t/p/w1280/6Z7lASptoiRVxiCFvZaFgH9qp7u.jpg</thumbnail>
<fanart>http://image.tmdb.org/t/p/original/e8ycFoI8vGoZSOY7KmxFzZA1dkE.jpg</fanart>
</dir>

<dir>
<title>R.E.D. Collection</title>
<tmdb>collection/163902</tmdb>
<thumbnail>https://image.tmdb.org/t/p/w1280/d9T3DkXxDahif4eXPzrH28yayaL.jpg</thumbnail>
<fanart>http://image.tmdb.org/t/p/original/7OsWpRJowfXdZ610iKiBA7FzaD6.jpg</fanart>
</dir>

<dir>
<title>Rambo Collection</title>
<tmdb>collection/5039</tmdb>
<thumbnail>https://image.tmdb.org/t/p/w640/feGOEOVrOLyjtEnVa88rQLgD3XY.jpg</thumbnail>
<fanart>https://image.tmdb.org/t/p/original/7x3GUZALySIuhqkUZjYSFFbYaxl.jpg</fanart>
</dir>

<dir>
<title>Ride Along Collection</title>
<tmdb>collection/376650</tmdb>
<thumbnail>https://image.tmdb.org/t/p/w1280/7bjrke8mdxWG3PnFgvipbEOhc0Q.jpg</thumbnail>
<fanart>https://image.tmdb.org/t/p/original/3ZX5hvXjMxWJ5joyJxmWJT5nZDo.jpg</fanart>
</dir>

<dir>
<title>Robocop Collection</title>
<tmdb>collection/5547</tmdb>
<thumbnail>https://image.tmdb.org/t/p/w1280/zYP1BCs7wRTxdjNRBxTWIwnhYZM.jpg</thumbnail>
<fanart>http://image.tmdb.org/t/p/original/azQScQWHpz5puIV4YeCcqgiT9Tn.jpg</fanart>
</dir>

<dir>
<title>Rocky Collection</title>
<tmdb>collection/1575</tmdb>
<thumbnail>https://image.tmdb.org/t/p/w640/mCY5dMkSSFQufGCViI6jNUU6pXq.jpg</thumbnail>
<fanart>https://image.tmdb.org/t/p/original/w4h6gjdWPvmu5R9H6zeGDPo1ZuV.jpg</fanart>
</dir>

<dir>
<title>Romancing the Stone Collection</title>
<tmdb>collection/89264</tmdb>
<thumbnail>https://image.tmdb.org/t/p/w1280/ml0ikDZPzgRNOVBeytHLrDyuYiQ.jpg</thumbnail>
<fanart>https://image.tmdb.org/t/p/original/5MNAokmkK4NPtYJCPmQ2fgErW9n.jpg</fanart>
</dir>

<dir>
<title>Rush Hour Collection</title>
<tmdb>collection/90863</tmdb>
<thumbnail>https://image.tmdb.org/t/p/w640/pTjvzlYByJuZ4TTkmlHIe4aDFy2.jpg</thumbnail>
<fanart>https://image.tmdb.org/t/p/original/uoDt3eCCKpcxSQVWjPTgN8T0gjm.jpg</fanart>
</dir>

<dir>
<title>Sherlock Holmes Collection</title>
<tmdb>collection/102322</tmdb>
<thumbnail>https://image.tmdb.org/t/p/w1280/bsUN9Ph1nUituteKWOhPQGguNXt.jpg</thumbnail>
<fanart>http://image.tmdb.org/t/p/original/uM414ugc1B910bTvGEIzsucfMMC.jpg</fanart>
</dir>

<dir>
<title>Short Circuit Collection</title>
<tmdb>collection/86347</tmdb>
<thumbnail>https://image.tmdb.org/t/p/w1280/cK8hZ4rMUkA9N3oMqTV4OFxspum.jpg</thumbnail>
<fanart>http://image.tmdb.org/t/p/original/o3C0qlKyg7Haot9ZVqtRtsrKwWc.jpg</fanart>
</dir>

<dir>
<title>Sin City Collection</title>
<tmdb>collection/135179</tmdb>
<thumbnail>https://image.tmdb.org/t/p/w1280/aGgHxGVmjssn7lw1ZucY5U2gI8K.jpg</thumbnail>
<fanart>http://image.tmdb.org/t/p/original/qs200GlvLNIQKUns6AIeLcJWtPT.jpg</fanart>
</dir>

<dir>
<title>Sister Act Collection</title>
<tmdb>collection/103573</tmdb>
<thumbnail>https://image.tmdb.org/t/p/w1280/bqHDI08NIe5xoLVeUV2DUGmL1Nx.jpg</thumbnail>
<fanart>http://image.tmdb.org/t/p/original/dvt6M1gtdUUg5NJVkkGw5Fleomd.jpg</fanart>
</dir>

<dir>
<title>Smokey and the Bandit Collection</title>
<tmdb>collection/87220</tmdb>
<thumbnail>https://image.tmdb.org/t/p/w1280/fEeDCTaYwGCGRL3TWYVi2VHnRv7.jpg</thumbnail>
<fanart>http://image.tmdb.org/t/p/original/ldGGb98U7ytidfLHY5wKazeB6MO.jpg</fanart>
</dir>

<dir>
<title>Species Collection</title>
<tmdb>collection/9887</tmdb>
<thumbnail>https://image.tmdb.org/t/p/w640/t5J0JH1L8L7CmtC3sL3K2ybgTbE.jpg</thumbnail>
<fanart>https://image.tmdb.org/t/p/original/vnpcoCTZhg1EdEog1kAS0pklx1o.jpg</fanart>
</dir>

<dir>
<title>Spider-Man Collection</title>
<tmdb>collection/556</tmdb>
<thumbnail>https://image.tmdb.org/t/p/w1280/iXFRY1cnIfwvWKPQNJnMiDpeBw1.jpg</thumbnail>
<fanart>https://image.tmdb.org/t/p/original/waZqriYTuBE3WqXI3SDGi3kfDQE.jpg</fanart>
</dir>

<dir>
<title>Spy Kids Collection</title>
<tmdb>collection/86486</tmdb>
<thumbnail>https://image.tmdb.org/t/p/w1280/yqpS8N5w7VYo3gmFtHsGwHTV4Td.jpg</thumbnail>
<fanart>http://image.tmdb.org/t/p/original/oxjNAfQJ1OrySttZSeLayky6T9k.jpg</fanart>
</dir>

<dir>
<title>Star Trek: Alternate Reality Collection</title>
<tmdb>collection/115575</tmdb>
<thumbnail>https://image.tmdb.org/t/p/w640/w2IVqa43Ge49mrY3qSaJWpyDtz6.jpg</thumbnail>
<fanart>https://image.tmdb.org/t/p/original/gWl5pN2FplE709aVtA4lakwsE6t.jpg</fanart>
</dir>

<dir>
<title>Star Trek: The Next Generation Collection</title>
<tmdb>collection/115570</tmdb>
<thumbnail>https://image.tmdb.org/t/p/w640/sddV6vaUC6x37icJS3opIXTXB07.jpg</thumbnail>
<fanart>https://image.tmdb.org/t/p/original/r7MMQenUURHhAVHFymtOb8AX4Bm.jpg</fanart>
</dir>

<dir>
<title>Star Trek: The Original Series Collection</title>
<tmdb>collection/151</tmdb>
<thumbnail>https://image.tmdb.org/t/p/w640/zcB8KxHA4EapOoZZPAvwgmE1iGK.jpg</thumbnail>
<fanart>https://image.tmdb.org/t/p/original/9BQj9hq0aK6yM9Tm2NJ28jg572y.jpg</fanart>
</dir>

<dir>
<title>Star Wars Collection</title>
<tmdb>collection/10</tmdb>
<thumbnail>https://image.tmdb.org/t/p/w1280/gq5Wi7i4SF3lo4HHkJasDV95xI9.jpg</thumbnail>
<fanart>https://image.tmdb.org/t/p/original/d8duYyyC9J5T825Hg7grmaabfxQ.jpg</fanart>
</dir>

<dir>
<title>Starship Troopers Collection</title>
<tmdb>collection/10522</tmdb>
<thumbnail>https://image.tmdb.org/t/p/w1280/n0gPcUXRST4rasLkph7mkhH9jx4.jpg</thumbnail>
<fanart>http://image.tmdb.org/t/p/original/uCwhq35OvUyJbpAeTzywr9wTDMN.jpg</fanart>
</dir>

<dir>
<title>Step Up Collection</title>
<tmdb>collection/86092</tmdb>
<thumbnail>https://image.tmdb.org/t/p/w1280/gyLww7ZlcwuzqvIwM1osR9Ioqtm.jpg</thumbnail>
<fanart>http://image.tmdb.org/t/p/original/3jr0rQcsWyfqBlmzE0h0igjJohS.jpg</fanart>
</dir>

<dir>
<title>Superman Collection</title>
<tmdb>collection/8537</tmdb>
<thumbnail>https://image.tmdb.org/t/p/w640/fgTdu62v1jjNDPh68V9TJZMgXbo.jpg</thumbnail>
<fanart>https://image.tmdb.org/t/p/original/la0EhOrgVAiY8sf3ILz3wgoaNXH.jpg</fanart>
</dir>

<dir>
<title>Taken Collection</title>
<tmdb>collection/135483</tmdb>
<thumbnail>https://image.tmdb.org/t/p/w1280/4PNFiSaJWvWhkdOw0KF9Vf7v3gC.jpg</thumbnail>
<fanart>http://image.tmdb.org/t/p/original/hO1R1TI429PjkOjby4dTPBrWFwn.jpg</fanart>
</dir>

<dir>
<title>Ted Collection</title>
<tmdb>collection/266672</tmdb>
<thumbnail>https://image.tmdb.org/t/p/w1280/uHKT9b6ptLpttGHlUF95sKQbtqF.jpg</thumbnail>
<fanart>https://image.tmdb.org/t/p/original/sPiFgbWMSQxVMO6TuRFrkeWwarI.jpg</fanart>
</dir>

<dir>
<title>Teen Wolf Collection</title>
<tmdb>collection/43066</tmdb>
<thumbnail>https://image.tmdb.org/t/p/w1280/gJEtFrz4lNFhPoQ5cFvSekZQJDT.jpg</thumbnail>
<fanart>https://image.tmdb.org/t/p/original/9dlrYqfqaxUgWIRPxxlRWZS1kp.jpg</fanart>
</dir>

<dir>
<title>Teenage Mutant Ninja Turtles (Original) Collection</title>
<tmdb>collection/1582</tmdb>
<thumbnail>https://image.tmdb.org/t/p/w1280/9TLc09TqYi0Ct3zmUeHGwVxLHhq.jpg</thumbnail>
<fanart>https://image.tmdb.org/t/p/original/7dusELv6x1ANRGorNvqbKhKIUPY.jpg</fanart>
</dir>

<dir>
<title>eenage Mutant Ninja Turtles (Remake) Collection</title>
<tmdb>collection/401562</tmdb>
<thumbnail>https://image.tmdb.org/t/p/w1280/ezGOdWbZDYwuxXeuMPZQbPZRyay.jpg</thumbnail>
<fanart>http://image.tmdb.org/t/p/original/PxZWmNlfpuU8A26ZrYzpLaOX9S.jpg</fanart>
</dir>  
  
<dir>
<title>The Amazing Spider-Man Collection</title>
<tmdb>collection/125574</tmdb>
<thumbnail>https://image.tmdb.org/t/p/w640/moNJa86FgDYy8SWeDym2gnsLLMa.jpg</thumbnail>
<fanart>https://image.tmdb.org/t/p/original/aLrNTcLN2kDu9jAJ4tS5haiWGc6.jpg</fanart>
</dir>

<dir>
<title>The Best Exotic Marigold Hotel Collection</title>
<tmdb>collection/306937</tmdb>
<thumbnail>https://image.tmdb.org/t/p/w1280/8pMHYwfR8K2xR19RilAuVCyEBT.jpg</thumbnail>
<fanart>https://image.tmdb.org/t/p/original/6rJSC6vA9tfEnAh4RN9ne6cInQL.jpg</fanart>
</dir>

<dir>
<title>The Blues Brothers Collection</title>
<tmdb>collection/112636</tmdb>
<thumbnail>https://image.tmdb.org/t/p/w1280/pQf9LzCokihzlLmgQlPG7yBpZ1o.jpg</thumbnail>
<fanart>https://image.tmdb.org/t/p/original/wWtL5f0gCYgaH2GhLDDqEawjtBR.jpg</fanart>
</dir>

<dir>
<title>The Fly Collection</title>
<tmdb>collection/109609</tmdb>
<thumbnail>https://image.tmdb.org/t/p/w1280/r6mRcDV2MIbDQ79JpeGls5DnDfr.jpg</thumbnail>
<fanart>http://image.tmdb.org/t/p/original/aOX2qCSmd28pvn5XphpnM3w6GhV.jpg</fanart>
</dir>

<dir>
<title>The Godfather Collection</title>
<tmdb>collection/230</tmdb>
<thumbnail>https://image.tmdb.org/t/p/w1280/7SJVjEDoo7xH62TS8stkqRk4Byo.jpg</thumbnail>
<fanart>https://image.tmdb.org/t/p/original/3WZTxpgscsmoUk81TuECXdFOD0R.jpg</fanart>
</dir>

<dir>
<title>The Hangover Collection</title>
<tmdb>collection/86119</tmdb>
<thumbnail>https://image.tmdb.org/t/p/w1280/aMmNLuyXvdBih1R5RRHtdtNaS6N.jpg</thumbnail>
<fanart>https://image.tmdb.org/t/p/original/uEtsf26a9RsRDy85MOIv1xAj44x.jpg</fanart>
</dir>

<dir>
<title>The Hobbit Collection</title>
<tmdb>collection/121938</tmdb>
<thumbnail>https://image.tmdb.org/t/p/w1280/fLl6HTFUB1PkBSxB7pDDrhBk8Hy.jpg</thumbnail>
<fanart>http://image.tmdb.org/t/p/original/7wO7MSnP5UcwR2cTHdJFF1vP4Ie.jpg</fanart>
</dir>

<dir>
<title>The Hunger Games Collection</title>
<tmdb>collection/131635</tmdb>
<thumbnail>https://image.tmdb.org/t/p/w1280/jx01NsSaawonjtmiyetmrKUGKhi.jpg</thumbnail>
<fanart>https://image.tmdb.org/t/p/original/uYB1zKgPVNlBaXonWfd55NWNkCO.jpg</fanart>
</dir>

<dir>
<title>The Inbetweeners Collection</title>
<tmdb>collection/279959</tmdb>
<thumbnail>https://image.tmdb.org/t/p/w640/a0TY3FKTs1c8GCZ2yxATfZNn98s.jpg</thumbnail>
<fanart>https://image.tmdb.org/t/p/original/7yim7pBz0PfFghRNft7Qy4MSp62.jpg</fanart>
</dir>

<dir>
<title>The Jack Ryan Collection</title>
<tmdb>collection/192492</tmdb>
<thumbnail>https://image.tmdb.org/t/p/w1280/uCuiExsQDyJagov5aVAyw38YEm.jpg</thumbnail>
<fanart>https://image.tmdb.org/t/p/original/qYlcVBifq5T4wyWV00a5Awq0kUi.jpg</fanart>
</dir>

<dir>
<title>The Jaws Collection</title>
<tmdb>collection/2366</tmdb>
<thumbnail>https://image.tmdb.org/t/p/w640/gPJoIq2LBFXy6VXiKNiYjXv2LRV.jpg</thumbnail>
<fanart>https://image.tmdb.org/t/p/original/1e2QvI2u7Q4d2admK6Xw0AjLjVp.jpg</fanart>
</dir>

<dir>
<title>The Karate Kid Collection</title>
<tmdb>collection/8580</tmdb>
<thumbnail>https://image.tmdb.org/t/p/w640/o6h2F0C5eZOy50Q76fNYzc9mvvw.jpg</thumbnail>
<fanart>https://image.tmdb.org/t/p/original/1ok5JGCsDt4Sh3CkFeXh2F2KB7F.jpg</fanart>
</dir>

<dir>
<title>The Lord of the Rings Collection</title>
<tmdb>collection/119</tmdb>
<thumbnail>https://image.tmdb.org/t/p/w640/p4UokEk2XnjjRTdXGe6DLYXlbI1.jpg</thumbnail>
<fanart>https://image.tmdb.org/t/p/original/bccR2CGTWVVSZAG0yqmy3DIvhTX.jpg</fanart>
</dir>

<dir>
<title>The Matrix Collection</title>
<tmdb>collection/2344</tmdb>
<thumbnail>https://image.tmdb.org/t/p/w640/lh4aGpd3U9rm9B8Oqr6CUgQLtZL.jpg</thumbnail>
<fanart>https://image.tmdb.org/t/p/original/bRm2DEgUiYciDw3myHuYFInD7la.jpg</fanart>
</dir>

<dir>
<title>The Mechanic Collection</title>
<tmdb>collection/280504</tmdb>
<thumbnail>https://image.tmdb.org/t/p/w1280/kdkk8ngboO48DbYsz74ugrMgtXM.jpg</thumbnail>
<fanart>https://image.tmdb.org/t/p/original/vexuvLnuX6MD2A9A8CZ5dxczmgp.jpg</fanart>
</dir>

<dir>
<title>The Mighty Ducks Collection</title>
<tmdb>collection/10709</tmdb>
<thumbnail>https://image.tmdb.org/t/p/w1280/aUM5CXRiOu0YgrRZtDZSp997zgr.jpg</thumbnail>
<fanart>http://image.tmdb.org/t/p/original/3OONNXaYIFzAgOGWpp57f3v7Lm7.jpg</fanart>
</dir>

<dir>
<title>The Mummy Collection</title>
<tmdb>collection/1733</tmdb>
<thumbnail>https://image.tmdb.org/t/p/w640/4UMn5KmXopgpkC862Ms3t5j1sXl.jpg</thumbnail>
<fanart>https://image.tmdb.org/t/p/original/1BeKi6IytbfQlQocJSvP2k6sO1a.jpg</fanart>
</dir>

<dir>
<title>The Naked Gun Collection</title>
<tmdb>collection/37139</tmdb>
<thumbnail>https://image.tmdb.org/t/p/w1280/xLzcqGBBU6MoKa1JQ8AhnlkzHmV.jpg</thumbnail>
<fanart>http://image.tmdb.org/t/p/original/vBvfE7oUpJggU1Cf4UXgeeXocsg.jpg</fanart>
</dir>

<dir>
<title>The Neverending Story Collection</title>
<tmdb>collection/91430</tmdb>
<thumbnail>https://image.tmdb.org/t/p/w1280/dORLSptO3HMvJLHGiIvvDpBqNGr.jpg</thumbnail>
<fanart>http://image.tmdb.org/t/p/original/sG3Du3Ha6rGeSzFfXme1nh8S2Jl.jpg</fanart>
</dir>

<dir>
<title>The Pink Panther Collection -Steve Martin</title>
<tmdb>collection/130440</tmdb>
<thumbnail>https://image.tmdb.org/t/p/w1280/xYbMC6vo4rMIX8hkTUZva86r0i5.jpg</thumbnail>
<fanart>http://image.tmdb.org/t/p/original/m28E1Qn9J427qT423dKIXpokb7m.jpg</fanart>
</dir>

<dir>
<title>The Riddick Collection</title>
<tmdb>collection/2794</tmdb>
<thumbnail>https://image.tmdb.org/t/p/w640/4R2zrqk9KzgxU9UDH3yUUsENXR.jpg</thumbnail>
<fanart>https://image.tmdb.org/t/p/original/xb5zyHecWA7UACdiNPXDA3m5HSY.jpg</fanart>
</dir>

<dir>
<title>The Scorpion King Collection</title>
<tmdb>collection/116669</tmdb>
<thumbnail>https://image.tmdb.org/t/p/w1280/cmfoQxHqXSAw8hLlyVhu58F8d28.jpg</thumbnail>
<fanart>http://image.tmdb.org/t/p/original/efHyP2jSaw6NHuPA0plvxHcvI44.jpg</fanart>
</dir>

<dir>
<title>The Terminator Collection</title>
<tmdb>collection/528</tmdb>
<thumbnail>https://image.tmdb.org/t/p/w640/vxiKtcxAJxHhlg2H1X8y7zcM3k6.jpg</thumbnail>
<fanart>https://image.tmdb.org/t/p/original/cpmbkwSxZnKO69V82A9a34tvk2E.jpg</fanart>
</dir>

<dir>
<title>The Titans Collection</title>
<tmdb>collection/86780</tmdb>
<thumbnail>https://image.tmdb.org/t/p/w1280/80kN26YcvOUZ2fNRXG69TcUCk06.jpg</thumbnail>
<fanart>http://image.tmdb.org/t/p/original/Awy2ye1yJ75ukpDP0qtOx0r7Eng.jpg</fanart>
</dir>

<dir>
<title>The Transporter Collection</title>
<tmdb>collection/9518</tmdb>
<thumbnail>https://image.tmdb.org/t/p/w640/uakYnYtFxqjS8pjEWW9lGWmdMRz.jpg</thumbnail>
<fanart>https://image.tmdb.org/t/p/original/qDuTIGAEbxF3jP9zNILLAoxNLpU.jpg</fanart>
</dir>

<dir>
<title>The Whole Nine/Ten Yards Collection</title>
<tmdb>collection/103577</tmdb>
<thumbnail>https://image.tmdb.org/t/p/w1280/m6tkyCcOm4wzklAvsT0jyaM5mgY.jpg</thumbnail>
<fanart>https://image.tmdb.org/t/p/original/v6yqa2JwbSG8tRnzAbY3nIkmhVj.jpg</fanart>
</dir>

<dir>
<title>Think Like a Man Collection</title>
<tmdb>collection/239430</tmdb>
<thumbnail>https://image.tmdb.org/t/p/w1280/hCRM2diNsHt60vopldseJJ6o1Rr.jpg</thumbnail>
<fanart>http://image.tmdb.org/t/p/original/mhaIvfxnloqYqmwYs2WXgFLew3C.jpg</fanart>
</dir>

<dir>
<title>Thor Collection</title>
<tmdb>collection/131296</tmdb>
<thumbnail>https://image.tmdb.org/t/p/w1280/7vx64r9HS57yz2T53i31SdmqdEi.jpg</thumbnail>
<fanart>https://image.tmdb.org/t/p/original/FZhEgAes4PX86BJGJPXyZCXHrj.jpg</fanart>
</dir>

<dir>
<title>Tomb Raider Collection</title>
<tmdb>collection/2467</tmdb>
<thumbnail>https://image.tmdb.org/t/p/w1280/sgaP4WtVlKzz8FIcjbkevOycJiq.jpg</thumbnail>
<fanart>https://image.tmdb.org/t/p/original/dY55rtfQMOMGHJXGDNfSEyuHPGG.jpg</fanart>
</dir>

<dir>
<title>Transformers Collection</title>
<tmdb>collection/8650</tmdb>
<thumbnail>https://image.tmdb.org/t/p/w640/vOUPHWV8aGXq4yYQ2csje5LdT6g.jpg</thumbnail>
<fanart>https://image.tmdb.org/t/p/original/zvZBNNDWd5LcsIBpDhJyCB2MDT7.jpg</fanart>
</dir>

<dir>
<title>Tremors Collection</title>
<tmdb>collection/91799</tmdb>
<thumbnail>https://image.tmdb.org/t/p/w1280/1WkX3MBY3pqgfC4XuMMds8wrmbX.jpg</thumbnail>
<fanart>http://image.tmdb.org/t/p/original/87K8X2WixRlR3LxzeydW83N7nM0.jpg</fanart>
</dir>

<dir>
<title>Tron Collection</title>
<tmdb>collection/63043</tmdb>
<thumbnail>https://image.tmdb.org/t/p/w1280/cvFlDIfOwhYe4ouAAfdyq9E5zlZ.jpg</thumbnail>
<fanart>https://image.tmdb.org/t/p/original/8b1ht4mUHhzGl9L1zEvWtm2unNR.jpg</fanart>
</dir>

<dir>
<title>Under Siege Collection</title>
<tmdb>collection/11239</tmdb>
<thumbnail>http://image.tmdb.org/t/p/w92/5hkZdonGNmoqatnadpDnIgEbrho.jpg</thumbnail>
<fanart>http://image.tmdb.org/t/p/original/1nPbFoDf5gXJHoCi1EQM21YukLB.jpg</fanart>
</dir>

<dir>
<title>Universal Soldier Collection</title>
<tmdb>collection/10713</tmdb>
<thumbnail>https://image.tmdb.org/t/p/w1280/vz9ym8LnmyvEAm4ms9PH8JUmUuQ.jpg</thumbnail>
<fanart>http://image.tmdb.org/t/p/original/qvZPTodXmTGR6v2aw80YvJLx1xg.jpg</fanart>
</dir>

<dir>
<title>Wayne's World Collection</title>
<tmdb>collection/8979</tmdb>
<thumbnail>https://image.tmdb.org/t/p/w1280/8GjFBJiHeyi7hDrvX7XhGFMkNfz.jpg</thumbnail>
<fanart>http://image.tmdb.org/t/p/original/hlvWXoBn5CBqgbqpnhUXo4DOJmM.jpg</fanart>
</dir>

<dir>
<title>Weekend at Bernie's Collection</title>
<tmdb>collection/118221</tmdb>

<thumbnail>https://image.tmdb.org/t/p/w1280/77AHVx6dt5Bqajak83Cj0MYIaIK.jpg</thumbnail>
<fanart>http://image.tmdb.org/t/p/original/F35zibr76rjbu40cIBSTELo4n2.jpg</fanart>
</dir>
  
<dir>
<title>X-Men Collection</title>
<tmdb>collection/748</tmdb>
<thumbnail>https://image.tmdb.org/t/p/w1280/1Zo4J5SAni8lyXt7NxJwJZ0f0ip.jpg</thumbnail>
<fanart>https://image.tmdb.org/t/p/original/ykVHlrE3aSvHYeIXOrWDsYZ18vv.jpg</fanart>
</dir>

<dir>
<title>Young Guns Collection</title>
<tmdb>collection/9329</tmdb>
<thumbnail>https://image.tmdb.org/t/p/w1280/26Y1BApN2lOO18NX2ibEHOwbL1L.jpg</thumbnail>
<fanart>http://image.tmdb.org/t/p/original/whZZ13xGyCLFn21yVhQ9RXMSuKh.jpg</fanart>
</dir>

<dir>
<title>Zoolander Collection</title>
<tmdb>collection/352789</tmdb>
<thumbnail>https://image.tmdb.org/t/p/w1280/a53tBdjpma78xibq2OGJpMxhrNE.jpg</thumbnail>
<fanart>https://image.tmdb.org/t/p/original/tbWTPL6DiF28qv1OkDDH2gLWE6H.jpg</fanart>
</dir>

<dir>
<title>Zorro Collection</title>
<tmdb>collection/1657</tmdb>

<thumbnail>https://image.tmdb.org/t/p/w1280/ziQDmVR3VE0hC0GDWgaQwz0H3Ff.jpg</thumbnail>
<fanart>http://image.tmdb.org/t/p/original/iBap046T59zu90UeTwyD8pToUV9.jpg</fanart>
</dir>

<dir>
<title>xXx Collection</title>
<tmdb>collection/52785</tmdb>
<thumbnail>https://image.tmdb.org/t/p/w1280/omRo1Pw4phlELRgYOQ7RyAlccLt.jpg</thumbnail>
<fanart>http://image.tmdb.org/t/p/original/nPSbqzUCQGylYSTe5d8aBUecLSB.jpg</fanart>
</dir>