<xml>
  <dir>
    <title>[COLORred]Movies[/COLOR]</title>
    <link>file://movies.xml</link>
  </dir>

  <dir>
    <title>Movies genres</title>
    <link>file://genre_movies.xml</link>
  </dir>
  
  <dir>
    <title>Movies year</title>
    <link>file://movie-years.xml</link>
  </dir>
  
  <dir>
    <title>Boxset</title>
    <link>file://boxset.xml</link>
  </dir>
  
  <dir>
    <title>Production</title>
    <link>file://production.xml</link>
  </dir>

  <dir>
    <title>[COLORred]Tv shows[/COLOR]</title>
    <link>file://Tv.xml</link>
  </dir>

  <dir>
    <title>Tv shows genres</title>
    <link>file://genre_tv.xml</link>
  </dir>
  
  <dir>
  <title>Netflix</title>
  <tmdb>network/shows/213</tmdb>
  <thumbnail></thumbnail>
  <fantart></fantart>
  </dir>

  <dir>
  <title>HBO</title>
  <tmdb>network/shows/49</tmdb>
  <thumbnail></thumbnail>
  <fantart></fantart>
  </dir>

  <dir>
    <title>Networks</title>
    <link>file://networks .xml</link>
  </dir>
  
  <dir>
    <title>[COLORred]Kids boxset[/COLOR]</title>
    <link>file://kids_boxset.xml</link>
  </dir>
  
  <dir>
  <title>Animation</title>
  <tmdb>genre/movies/16</tmdb>
  </dir>

  <dir>
  <title>Animation tv</title>
  <tmdb>genre/shows/16</tmdb>
  </dir>
  
  <dir>
  <title>Kids tv</title>
  <tmdb>genre/shows/10762</tmdb>
  </dir>
  
  <dir>
  <title>Marvel Studios</title>
  <tmdb>company/movies/420</tmdb>
  </dir>
</xml>  
  