<?xml version="1.0" encoding="UTF-8" standalone="yes"?>
<addon id="plugin.program.tojelako" name="Tojelako Wizard" version="0.0.2" provider-name="tojelako">
  <requires>
    <import addon="xbmc.python" version="2.1.0"/>
  </requires>
  <extension point="xbmc.python.pluginsource" library="default.py">
    <provides>executable</provides>
  </extension>
  <extension point="xbmc.service" library="startup.py" start="startup" />
  <extension point="xbmc.addon.metadata">
    <summary lang="en">Tojelako</summary>
    <description lang="en">Tojelako Wizard Buldovi od autora Tojelako.</description>
    <platform>all</platform>
  </extension>
</addon>