<item>
<title>[COLOR gold]Absolute Radio[/COLOR]</title>
<link>http://icecast.timlradio.co.uk:80/ar128.mp3</link>
<thumbnail>https://i.ytimg.com/vi/CRLVNuHEnzM/hqdefault.jpg</thumbnail>
</item>

<item>
<title>[COLOR gold]Absolute 60s[/COLOR]</title>
<link>http://mp3-a6-32.timlradio.co.uk/</link>
<thumbnail>https://d24j9r7lck9cin.cloudfront.net/l/f/9/916.1405204800.png</thumbnail>
</item>

<item>
<title>[COLOR gold]Absolute 70s[/COLOR]</title>
<link>http://mp3-a7-32.timlradio.co.uk/</link>
<thumbnail>https://media.info/i/lv/absolute-radio-70s/1405204801/917.png</thumbnail>
</item>

<item>
<title>[COLOR gold]Absolute 80s[/COLOR]</title>
<link>http://mp3-a8-32.timlradio.co.uk/</link>
<thumbnail>https://cdn-radiotime-logos.tunein.com/p484804d.png</thumbnail>
</item>

<item>
<title>[COLOR gold]Absolute 90s[/COLOR]</title>
<link>http://mp3-a9-32.timlradio.co.uk/</link>
<thumbnail>http://www.bauermedia.co.uk/bauer-emptor/image/upload/c_fill,g_faces,h_400,q_65,w_960/v1517227632/bauer-emptor-keystone-test/press-releases/image/ga2kkshhwhm5viyjuucu.jpg</thumbnail>
</item>

<item>
<title>[COLOR gold]Absolute 00s[/COLOR]</title>
<link>http://mp3-a0-32.timlradio.co.uk/</link>
<thumbnail>https://thumborcdn.acast.com/05LipySWrjK-2izY6oRMFokklOk=/500x500/smart/filters:quality(80)/podcast.timlradio.co.uk%2Fabsolute_radio_00s%2Fabsolute_radio_00s_lrg.jpg</thumbnail>
</item>