<item>
<title>[COLOR gold]BBC Radio One[/COLOR]</title>
<link>http://bbcmedia.ic.llnwd.net/stream/bbcmedia_radio1_mf_q?s=1444861706&e=1444876106&h=fa502f197bfc9ac005532c68192462ad</link>
<thumbnail>https://johannesdujsik.files.wordpress.com/2010/11/bbc-radio-1-logo.jpg</thumbnail>
</item>

<item>
<title>[COLOR gold]BBC 1Extra[/COLOR]</title>
<link>http://bbcmedia.ic.llnwd.net/stream/bbcmedia_radio1xtra_mf_q?s=1444863218&e=1444877618&h=210fd2c55b541a73e3b3a06207b28169</link>
<thumbnail>http://i2.cdnds.net/broadcasting/library/160x120_logo_radio_bbc_1xtra_white.jpg</thumbnail>
</item>

<item>
<title>[COLOR gold]BBC Radio Two[/COLOR]</title>
<link>http://bbcmedia.ic.llnwd.net/stream/bbcmedia_radio2_mf_p </link>
<thumbnail>http://badwilf.com/wp-content/uploads/2012/05/IMG_5667.png</thumbnail>
</item>

<item>
<title>[COLOR gold]BBC Radio Three[/COLOR]</title>
<link>http://bbcmedia.ic.llnwd.net/stream/bbcmedia_radio3_mf_p</link>
<thumbnail>http://static4.wikia.nocookie.net/__cb20130215164726/logopedia/images/8/8b/Bbcradio3.png</thumbnail>
</item>

<item>
<title>[COLOR gold]BBC Radio Four[/COLOR]</title>
<link>http://bbcmedia.ic.llnwd.net/stream/bbcmedia_radio4fm_mf_p </link>
<thumbnail>http://www.bbc.co.uk/cornwall/content/images/2007/01/10/radio4_203_203x152.jpg</thumbnail>
</item>

<item>
<title>[COLOR gold]BBC Radio Four LW[/COLOR]</title>
<link>http://bbcmedia.ic.llnwd.net/stream/bbcmedia_radio4lw_mf_p</link>
<thumbnail>https://static-media.streema.com/media/cache/72/9e/729e90c16dac7af478521e28cf1fcae7.jpg</thumbnail>
</item>

<item>
<title>[COLOR gold]BBC Radio Four Extra[/COLOR]</title>
<link>http://bbcmedia.ic.llnwd.net/stream/bbcmedia_radio4extra_mf_p</link>
<thumbnail>https://pbs.twimg.com/profile_images/434022082850992128/xX9uQPaq_400x400.jpeg</thumbnail>
</item>

<item>
<title>[COLOR gold]BBC Five Live[/COLOR]</title>
<link>http://bbcmedia.ic.llnwd.net/stream/bbcmedia_radio5live_mf_p</link>
<thumbnail>https://whitewatergroup.eu/wp-content/uploads/2016/08/R-5-Live.jpeg</thumbnail>
</item>

<item>
<title>[COLOR gold]BBC Five Live Extra[/COLOR]</title>
<link>http://bbcmedia.ic.llnwd.net/stream/bbcmedia_radio5extra_mf_p</link>
<thumbnail>http://db.radioline.fr/pictures/radio_311efcf59fb739881df8d5232db9c0f7/logo200.jpg</thumbnail>
</item>

<item>
<title>[COLOR gold]BBC Six Music[/COLOR]</title>
<link>http://bbcmedia.ic.llnwd.net/stream/bbcmedia_6music_mf_p</link>
<thumbnail>http://www.bbc.co.uk/6music/news/media/6-logo205.jpg</thumbnail>
</item>