<dir>
<title>[COLOR gold][B]Music[/B][/COLOR]</title>
<link>file://MusicandRadio/lastfm.xml</link>
<thumbnail>special://home/addons/plugin.video.firecat/resources/media/icon.png</thumbnail>
<summary>Music</summary>
</dir>

<dir>
<title>[COLOR gold][B]Radio[/B][/COLOR]</title>
<link>file://MusicandRadio/radiomain.xml</link>
<thumbnail>special://home/addons/plugin.video.firecat/resources/media/icon.png</thumbnail>
<summary>Radio</summary>
</dir>

<dir>
<title>[COLOR gold][B]Concerts[/B][/COLOR]</title>
<link>file://MusicandRadio/concerts.xml</link>
<thumbnail>special://home/addons/plugin.video.firecat/resources/media/icon.png</thumbnail>
<summary>Concerts</summary>
</dir>