<dir>
<title>[COLOR gold][B]BBC Radio[/B][/COLOR]</title>
<link>file://MusicandRadio/bbcradiostations.xml</link>
<thumbnail>special://home/addons/plugin.video.firecat/resources/media/icon.png</thumbnail>
<summary>BBC Radio</summary>
</dir>

<dir>
<title>[COLOR gold][B]Absolute Radio[/B][/COLOR]</title>
<link>file://MusicandRadio/absoluteradiostations.xml</link>
<thumbnail>special://home/addons/plugin.video.firecat/resources/media/icon.png</thumbnail>
<summary>Radio</summary>
</dir>
