<?xml version="1.0" encoding="UTF-8" standalone="yes"?>
<addon id="script.nanook.artwork" version="2018.04.07" name="Nanook Artwork" provider-name="Nanook">
	<requires>
		<import addon="xbmc.python" version="2.19.0"/>
	</requires>
	<extension point="xbmc.python.script" library="default.py">
		<provides>executable</provides>
	</extension>
	<extension point="xbmc.addon.metadata">
		<summary>Themes for the Nanook Addon</summary>
		<description></description>
		<platform>all</platform>
		<news></news>
	</extension>
</addon>
