<?xml version="1.0" encoding="UTF-8" standalone="yes"?>
<addon id="plugin.video.reptilia" version="2.0.0" name="Reptilia" provider-name="Reptilia">
	<requires>
		<import addon="xbmc.python" version="2.19.0" />
		<import addon="script.module.reptilia" />
		<import addon="script.reptilia.artwork" version="1.0.0" />
		<import addon="script.reptilia.metadata" version="1.0.0" />
		<import addon="script.module.resolveurl" version="5.0.0" />
		<import addon="script.module.requests" />
		<import addon="script.module.metahandler" version="1.0.0" />
	</requires>
	<extension point="xbmc.python.pluginsource" library="reptilia.py">
		<provides>video</provides>
	</extension>
	<extension point="xbmc.service" library="service.py" start="startup" />
	<extension point="xbmc.addon.metadata">
		<summary lang="en">Reptilia</summary>
		<description lang="en">Respect to all devs</description>
		<disclaimer lang="en">The author does not host or distribute any of the content displayed by this addon. The author does not have any affiliation with the content provider.</disclaimer>
		<description lang="de"></description>
		<disclaimer lang="de"></disclaimer>
		<description lang="fr"></description>
		<disclaimer lang="fr"></disclaimer>
		<platform>all</platform>
		<license>GNU GENERAL PUBLIC LICENSE. Version 3, 29 June 2007</license>
		<forum>https://www.tvaddons.co/forums/</forum>
		<website>https://www.tvaddons.co/</website>
		<assets>
			<icon>icon.png</icon>
			<fanart>fanart.jpg</fanart>
    			<screenshot>resources/screenshots/screenshot-01.jpg</screenshot>
    			<screenshot>resources/screenshots/screenshot-02.jpg</screenshot>
    			<screenshot>resources/screenshots/screenshot-03.jpg</screenshot>
		</assets>
		<news></news>
	</extension>
</addon>
