  <dir>
    <title>1999</title>
    <tmdb>year/movies/1999</tmdb>
    <summary>Browse movies released in 1999</summary>
    <thumbnail>https://raw.githubusercontent.com/OpenELEQ/repository.elysium/master/images/Default/1999.png</thumbnail>
  </dir>

  <dir>
    <title>1998</title>
    <tmdb>year/movies/1998</tmdb>
    <summary>Browse movies released in 1998</summary>
    <thumbnail>https://raw.githubusercontent.com/OpenELEQ/repository.elysium/master/images/Default/1998.png</thumbnail>
  </dir>

  <dir>
    <title>1997</title>
    <tmdb>year/movies/1997</tmdb>
    <summary>Browse movies released in 1997</summary>
    <thumbnail>https://raw.githubusercontent.com/OpenELEQ/repository.elysium/master/images/Default/1997.png</thumbnail>
  </dir>

  <dir>
    <title>1996</title>
    <tmdb>year/movies/1996</tmdb>
    <summary>Browse movies released in 1996</summary>
    <thumbnail>https://raw.githubusercontent.com/OpenELEQ/repository.elysium/master/images/Default/1996.png</thumbnail>
  </dir>

  <dir>
    <title>1995</title>
    <tmdb>year/movies/1995</tmdb>
    <summary>Browse movies released in 1995</summary>
    <thumbnail>https://raw.githubusercontent.com/OpenELEQ/repository.elysium/master/images/Default/1995.png</thumbnail>
  </dir>

  <dir>
    <title>1994</title>
    <tmdb>year/movies/1994</tmdb>
    <summary>Browse movies released in 1994</summary>
    <thumbnail>https://raw.githubusercontent.com/OpenELEQ/repository.elysium/master/images/Default/1994.png</thumbnail>
  </dir>

  <dir>
    <title>1993</title>
    <tmdb>year/movies/1993</tmdb>
    <summary>Browse movies released in 1993</summary>
    <thumbnail>https://raw.githubusercontent.com/OpenELEQ/repository.elysium/master/images/Default/1993.png</thumbnail>
  </dir>

  <dir>
    <title>1992</title>
    <tmdb>year/movies/1992</tmdb>
    <summary>Browse movies released in 1992</summary>
    <thumbnail>https://raw.githubusercontent.com/OpenELEQ/repository.elysium/master/images/Default/1992.png</thumbnail>
  </dir>

  <dir>
    <title>1991</title>
    <tmdb>year/movies/1991</tmdb>
    <summary>Browse movies released in 1991</summary>
    <thumbnail>https://raw.githubusercontent.com/OpenELEQ/repository.elysium/master/images/Default/1991.png</thumbnail>
  </dir>

  <dir>
    <title>1990</title>
    <tmdb>year/movies/1990</tmdb>
    <summary>Browse movies released in 1990</summary>
    <thumbnail>https://raw.githubusercontent.com/OpenELEQ/repository.elysium/master/images/Default/1990.png</thumbnail>
  </dir>