<xml>

  <dir>
    <title>1980 Movies</title>
    <tmdb>year/movies/1980</tmdb>
  </dir>

<dir>
    <title>1979 Movies</title>
    <tmdb>year/movies/1979</tmdb>
  </dir>

  <dir>
    <title>1978 Movies</title>
    <tmdb>year/movies/1978</tmdb>
  </dir>

  <dir>
    <title>1977 Movies</title>
    <tmdb>year/movies/1977</tmdb>
  </dir>

  <dir>
    <title>1976 Movies</title>
    <tmdb>year/movies/1976</tmdb>
  </dir>

  <dir>
    <title>1975 Movies</title>
    <tmdb>year/movies/1975</tmdb>
  </dir>

  <dir>
    <title>1974 Movies</title>
    <tmdb>year/movies/1974</tmdb>
  </dir>

  <dir>
    <title>1973 Movies</title>
    <tmdb>year/movies/1973</tmdb>
  </dir>

  <dir>
    <title>1972 Movies</title>
    <tmdb>year/movies/1972</tmdb>
  </dir>

  <dir>
    <title>1971 Movies</title>
    <tmdb>year/movies/1971</tmdb>
  </dir>

  <dir>
    <title>1970 Movies</title>
    <tmdb>year/movies/1970</tmdb>
  </dir>

  <dir>
    <title>1969 Movies</title>
    <tmdb>year/movies/1969</tmdb>
  </dir>

  <dir>
    <title>1968 Movies</title>
    <tmdb>year/movies/1968</tmdb>
  </dir>

  <dir>
    <title>1967 Movies</title>
    <tmdb>year/movies/1967</tmdb>
  </dir>

  <dir>
    <title>1966 Movies</title>
    <tmdb>year/movies/1966</tmdb>
  </dir>

  <dir>
    <title>1965 Movies</title>
    <tmdb>year/movies/1965</tmdb>
  </dir>

  <dir>
    <title>1964 Movies</title>
    <tmdb>year/movies/1964</tmdb>
  </dir>

  <dir>
    <title>1963 Movies</title>
    <tmdb>year/movies/1963</tmdb>
  </dir>

  <dir>
    <title>1962 Movies</title>
    <tmdb>year/movies/1962</tmdb>
  </dir>

  <dir>
    <title>1961 Movies</title>
    <tmdb>year/movies/1961</tmdb>
  </dir>

  <dir>
    <title>1960 Movies</title>
    <tmdb>year/movies/1960</tmdb>
  </dir>
  
  <dir>
    <title>1959 Movies</title>
    <tmdb>year/movies/1959</tmdb>
  </dir>

  <dir>
    <title>1958 Movies</title>
    <tmdb>year/movies/1958</tmdb>
  </dir>

  <dir>
    <title>1957 Movies</title>
    <tmdb>year/movies/1957</tmdb>
  </dir>

  <dir>
    <title>1956 Movies</title>
    <tmdb>year/movies/1956</tmdb>
  </dir>

  <dir>
    <title>1955 Movies</title>
    <tmdb>year/movies/1955</tmdb>
  </dir>

  <dir>
    <title>1954 Movies</title>
    <tmdb>year/movies/1954</tmdb>
  </dir>

  <dir>
    <title>1953 Movies</title>
    <tmdb>year/movies/1953</tmdb>
  </dir>

  <dir>
    <title>1952 Movies</title>
    <tmdb>year/movies/1952</tmdb>
  </dir>

  <dir>
    <title>1951 Movies</title>
    <tmdb>year/movies/1951</tmdb>
  </dir>

  <dir>
    <title>1950 Movies</title>
    <tmdb>year/movies/1950</tmdb>
  </dir>

  <dir>
    <title>1949 Movies</title>
    <tmdb>year/movies/1949</tmdb>
  </dir>

  <dir>
    <title>1948 Movies</title>
    <tmdb>year/movies/1948</tmdb>
  </dir>

  <dir>
    <title>1947 Movies</title>
    <tmdb>year/movies/1947</tmdb>
  </dir>

  <dir>
    <title>1946 Movies</title>
    <tmdb>year/movies/1946</tmdb>
  </dir>

  <dir>
    <title>1945 Movies</title>
    <tmdb>year/movies/1945</tmdb>
  </dir>

  <dir>
    <title>1944 Movies</title>
    <tmdb>year/movies/1944</tmdb>
  </dir>

  <dir>
    <title>1943 Movies</title>
    <tmdb>year/movies/1943</tmdb>
  </dir>

  <dir>
    <title>1942 Movies</title>
    <tmdb>year/movies/1942</tmdb>
  </dir>

  <dir>
    <title>1941 Movies</title>
    <tmdb>year/movies/1941</tmdb>
  </dir>
  
  
</xml>