﻿<?xml version="1.0" encoding="UTF-8" standalone="yes"?>
<addon id="plugin.video.AtTheFlix"
       name="[COLORred]At The Flix[/COLOR]"
       version="5.0.5"
       provider-name="Maverick">
    <requires>
        <import addon="xbmc.python" version="2.19.0" />
        <import addon="script.module.universalscrapers" version="1.0.0" />
        <import addon="script.module.python.koding.aio" version="0.9.6.6" />
        <import addon="script.module.beautifulsoup" version="3.2.1" />
        <import addon="script.module.requests" version="2.9.1" />
        <import addon="script.module.addon.common" version="2.0.0" />
        <import addon="script.module.xmltodict" version="0.9.0" />
		<import addon="plugin.video.youtube" version="3.0.0"/>
        <!--<import addon="script.module.web-pdb" version="1.0"/>-->
        <import addon="script.module.resolveurl" />
		<import addon="script.module.ATFlive" />
		<import addon="script.module.ATFmobdro" />
    </requires>
    <extension point="xbmc.python.pluginsource" library="default.py">
    <provides>audio video</provides>
    </extension>
	<extension point="xbmc.addon.metadata">
    <reuselanguageinvoker>false</reuselanguageinvoker>
    </extension>
    <extension point="xbmc.service" library="service.py" start="[login|startup]" />
    <extension point="xbmc.addon.metadata">
       <summary lang="en">Maverick TV</summary>
    <description lang="en">Maverick TV</description>
    <platform>all</platform>
  </extension>
</addon>
