<item>
<title>[COLOR=limegreen]Some Links Require Pairing or Real Debrid[/COLOR]</title>
<heading></heading>
</item>

<plugin>
	<name>[COLOR red]Pair and Auth RD[/COLOR]</name>
   <link>plugin://script.69DeathPair</link>
   <thumbnail>special://home/addons/plugin.video.chocolatesaltyballs/icon/pair.png</thumbnail>
   <fanart>https://ia601509.us.archive.org/25/items/fanart_20180611/fanart.jpg</fanart>
</plugin>

<item>
	<title>[COLOR orange]A Doggone Adventure[/COLOR]</title>
	<meta>
		<imdb>tt6912990</imdb>
		<content>movie</content>
		<title>A Doggone Adventure</title>
		<year>2018</year>
	</meta>
	<link>
		<sublink>https://streamcherry.com/embed/fntsaqflcemqpdbt (HD AC3 X264)</sublink>
		<sublink>searchhd</sublink>
	</link>
	<thumbnail>https://image.tmdb.org/t/p/w1280//xzDzDOVQnsUtLdg3ZjNp1iQZCaX.jpg</thumbnail>
	<fanart>https://image.tmdb.org/t/p/w1280//tffNLDEjXv1hZIgjPb3xPTnZhCD.jpg</fanart>
</item>

<item>
	<title>[COLOR red]Batman and Harley Quinn[/COLOR]</title>
	<meta>
		<imdb>tt6556890</imdb>
		<content>movie</content>
		<title>Batman and Harley Quinn</title>
		<year>2017</year>
	</meta>
	<link>
		<sublink>https://streamango.com/embed/moompdtqqtqsfklk (1080p)</sublink>
		<sublink>https://openload.co/embed/ASgf1PjCaKs (1080P)</sublink>
		<sublink>searchhd</sublink>
	</link>
	<thumbnail>https://image.tmdb.org/t/p/w1280//dPsjte846EcEWQpfMmGHrTWIJd8.jpg</thumbnail>
	<fanart>https://image.tmdb.org/t/p/w1280//mBzNVeSRX5LVCi7a3UrPeFWxRqw.jpg</fanart>
</item>

<item>
	<title>[COLOR orange]The Stolen Princess[/COLOR]</title>
	<meta>
		<imdb>tt5378092</imdb>
		<content>movie</content>
		<title>The Stolen Princess</title>
		<year>2018</year>
	</meta>
	<link>
		<sublink>http://dl7.film2movie.us/film/Th.e.Sto.len.Prin.cess.2018.1080p.wb-dl.x265.HEVC.Film2Movie_US.mkv (1080P HEVC X265)</sublink>
		<sublink>http://dl7.film2movie.us/film/Th.e.Sto.len.Prin.cess.2018.1080p.wb-dl.Film2Movie_US.mkv (1080P)</sublink>
		<sublink>https://streamcherry.com/embed/ttmteqfddopdstsk (720p HD X264)</sublink>
		<sublink>search</sublink>
	</link>
	<thumbnail>https://image.tmdb.org/t/p/w1280//s4IQMbi1owf8X2buyKNAkjFuZ9g.jpg</thumbnail>
	<fanart>https://image.tmdb.org/t/p/w1280//kzk5nmtpYdGXrScqKiTJOshVacc.jpg</fanart>
</item>

<item>
	<title>[COLOR orange]The Jungle Bunch[/COLOR]</title>
	<meta>
		<imdb>tt6314690</imdb>
		<content>movie</content>
		<title>The Jungle Bunch</title>
		<year>2017</year>
	</meta>
	<link>
		<sublink>https://rapidgator.net/file/0a0517dd450687b5b4ad0b12919afd1b/The.Jungle.Bunch.2017.BDRip.XviD.AC3-EVO.avi.html(RD)</sublink>
		<sublink>https://rapidgator.net/file/476af26a3da5c4f7f0d4a0b803086396/t-j-b2017.BDRip.XviD.AC3-EVO.avi.html(RD)</sublink>
		<sublink>search</sublink>
	</link>
	<thumbnail>https://image.tmdb.org/t/p/w1280//771CzGEt3sforEIBuVliKfQz7Md.jpg</thumbnail>
	<fanart>https://image.tmdb.org/t/p/w1280//l5ePjLvjBgga4cUK4EaSvxE3pJz.jpg</fanart>
</item>

<item>
	<title>[B][COLORlimegreen]Sherlock Gnomes (RD)[/COLOR][/B]</title>
	<meta>
		<imdb>tt2296777</imdb>
		<content>movie</content>
		<title>Sherlock Gnomes</title>
		<year>2018</year>
	</meta>
	<link>
		<sublink>https://rapidgator.net/file/d8a9b3e14b9dde5c7053a694930bca2f/TwoDDL_TwoDDLSherlock.Gnomes.2018.1080-GECKOS.mkv.html(RD)</sublink>
		<sublink>https://openload.co/f/av1ZwD0aLfk/Sherlock.Gnomes.2018.1080p.BluRay.x264-GECKOS.mkv</sublink>
	</link>
	<thumbnail>https://image.tmdb.org/t/p/w1280//xHdf2wRgCSp9MrZRryikiZIH6jB.jpg</thumbnail>
	<fanart>https://image.tmdb.org/t/p/w1280//dmbD8FDr6DDdinGEs14HC2FmY2w.jpg</fanart>
</item>

<item>
	<title>[B][COLORorange]Tad the Lost Explorer and the Secret of King Midas[/COLOR][/B]</title>
	<meta>
		<imdb>tt3896102</imdb>
		<content>movie</content>
		<title>Tad the Lost Explorer and the Secret of King Midas</title>
		<year>2017</year>
	</meta>
	<link>
		<sublink>https://rapidgator.net/file/b8f41e64d958c834902499d700e12063/TwoDDL_TwoDDLsnow-tad.the.lost.explorer.and.the.secret.of.king.midas.2017.1080.mkv.html(RD)</sublink>
		<sublink>http://nitroflare.com/view/CC761CC006EF1C5/TwoDDL_TwoDDLsnow-tad.the.lost.explorer.and.the.secret.of.king.midas.2017.1080.mkv(RD)</sublink>
		<sublink>search</sublink>
	</link>
	<thumbnail>https://image.tmdb.org/t/p/w1280//7WtFoWtGp45PLNmajM8iGtjAA7B.jpg</thumbnail>
	<fanart>https://image.tmdb.org/t/p/w1280//AsFLWRkMTWLdp9niddXarc6Epc7.jpg</fanart>
</item>

<item>
	<title>[B][COLORlimegreen]Early Man[/COLOR][/B]</title>
	<meta>
		<imdb>tt4701724</imdb>
		<content>movie</content>
		<title>Early Man</title>
		<year>2018</year>
	</meta>
	<link>
		<sublink>http://bit.ly/2GuGc10</sublink>
		<sublink>https://1fichier.com/?sgenivden5(RD)</sublink>
		<sublink>https://1fichier.com/?8vi503jolu(RD)</sublink>
		<sublink>https://streamango.com/f/dkntedtfqclcmeca/E_M_2018_1080p_READNFO_HDRip_X264_AC3-EVO_mkv_mp4</sublink>
		<sublink>search</sublink>
	</link>
	<thumbnail>https://image.tmdb.org/t/p/w1280//hXukFwTKOe7izDsf3ZOdeYikRxF.jpg</thumbnail>
	<fanart>https://image.tmdb.org/t/p/w1280//jyvWcB4PH1BSPo82t4h8sU4wr2a.jpg</fanart>
</item>

<item>
	<title>[COLOR red]Incredibles 2[/COLOR]</title>
	<meta>
		<imdb>tt3606756</imdb>
		<content>movie</content>
		<title>Incredibles 2</title>
		<year>2018</year>
	</meta>
	<link>
		<sublink>searchhd</sublink>
		<sublink>search</sublink>
	</link>
	<thumbnail>https://image.tmdb.org/t/p/w1280//hL9Uz2vq93vi20oxZEBBaSs4w8U.jpg</thumbnail>
	<fanart>https://image.tmdb.org/t/p/w1280//mabuNsGJgRuCTuGqjFkWe1xdu19.jpg</fanart>
</item>

<item>
	<title>[COLOR red]Monster Island[/COLOR]</title>
	<meta>
		<imdb>tt6269658</imdb>
		<content>movie</content>
		<title>Monster Island</title>
		<year>2017</year>
	</meta>
	<link>
		<sublink>https://rapidgator.net/file/c9c85e038ac15a20391e2552abb861bb/gua-monsterisland-1080p.mkv.html (1080P Real Debrid)</sublink>
		<sublink>https://rapidgator.net/file/4eb7e12a439b3eb66aca1744e9cf9071/gua-m-d-1080p.mkv.html (1080P Real Debrid)</sublink>
		<sublink>https://openload.co/embed/qm_zqEwWGL0 (1080P)</sublink>
		<sublink>search</sublink>
	</link>
	<thumbnail>https://image.tmdb.org/t/p/w1280//qgpDoUnfXEQmtuMqbzhg8dG8xgZ.jpg</thumbnail>
	<fanart>https://image.tmdb.org/t/p/w1280//f4hMCQlCfC3nQCCwAnwGuUzRXrB.jpg</fanart>
</item>

<item>
	<title>The Book of Life[/COLOR]</title>
	<meta>
		<imdb>tt2262227</imdb>
		<content>movie</content>
		<title>The Book of Life</title>
		<year>2014</year>
	</meta>
	<link>
		<sublink>https://openload.co/embed/owz7uACx1IU (1080P)</sublink>
		<sublink>https://streamango.com/embed/fntmctcfqprdnnla</sublink>
		<sublink>search</sublink>
	</link>
	<thumbnail>https://image.tmdb.org/t/p/w1280//5B4lKHSQAtT1FSEfbjJkQ8ylxAY.jpg</thumbnail>
	<fanart>https://image.tmdb.org/t/p/w1280//lVshZpxU5EB8zXJrnXxblaDps6m.jpg</fanart>
</item>

<item>
	<title>The Emoji Movie[/COLOR]</title>
	<meta>
		<imdb>tt4877122</imdb>
		<content>movie</content>
		<title>The Emoji Movie</title>
		<year>2017</year>
	</meta>
	<link>
		<sublink>https://streamango.com/embed/smnsslonqsdbotnn (1080P)</sublink>
		<sublink>https://vev.io/embed/j93w5jx0lz3d (1080P)</sublink>
		<sublink>search</sublink>
	</link>
	<thumbnail>https://image.tmdb.org/t/p/w1280//f5pF4OYzh4wb1dYL2ARQNdqUsEZ.jpg</thumbnail>
	<fanart>https://image.tmdb.org/t/p/w1280//kTrgxhRSj2sun89bDbnGCPBiey6.jpg</fanart>
</item>

<item>
	<title>Rise of the Guardians[/COLOR]</title>
	<meta>
		<imdb>tt1446192</imdb>
		<content>movie</content>
		<title>Rise of the Guardians</title>
		<year>2012</year>
	</meta>
	<link>
		<sublink>https://streamango.com/embed/erffmnsdcmotpmaf/</sublink>
		<sublink>https://openload.co/embed/8-9kFaTiAMI</sublink>
		<sublink>search</sublink>
	</link>
	<thumbnail>https://image.tmdb.org/t/p/w1280//sIZr3pWcnLTjMkOaTkBrV967lTK.jpg</thumbnail>
	<fanart>https://image.tmdb.org/t/p/w1280//uLAzeXooxaCJvxltbEqZQHLxniP.jpg</fanart>
</item>