<item>
	<title>[COLOR orange]211[/COLOR]</title>
	<meta>
		<content>movie</content>
		<imdb>tt4976192</imdb>
	</meta>
	<link>
		<sublink>http://dl6.dlsdm.ir/Movie/Foreign/Temporary/211.2018.1080p.WEB-DL.6CH.DibaMoviez.mkv</sublink>
		<sublink>https://cloud.mail.ru/public/12y8/2sGEFssbf</sublink>
		<sublink>http://bankupload.com/r20bzd878tsh/2-1-1.2018.720p.WEB-DL.DD5.1.H264-CMRG.mkv</sublink>
		<sublink>https://streamango.com/embed/todondbrfpfqfcsl</sublink>
		<sublink>https://uptobox.com/844jtz2zap1d</sublink>
		<sublink>search</sublink>
	</link>
	<thumbnail>https://image.tmdb.org/t/p/w600_and_h900_bestv2/raomiLDo4NQVEqsavlh7jgRnJOb.jpg</thumbnail>
</item>

<item>
	<title>[COLOR red]2036 Origin Unknown[/COLOR]</title>
	<meta>
		<imdb>tt4575328</imdb>
		<content>movie</content>
		<title>2036 Origin Unknown</title>
		<year>2018</year>
	</meta>
	<link>
		<sublink>http://www.filefactory.com/file/1glrs7ehjts9(RD)</sublink>
		<sublink>https://rapidgator.net/file/4c3ca5cdc48ec72ec919fb641d010d95/2036.Origin.Unknown.2018.1080p.WEB-DL.DD.5.1.x264.MW.mkv.html(RD)</sublink>
		<sublink>https://turbobit.net/geitjthbd7p0/2036.Origin.Unknown.2018.1080p.WEB-DL.DD.5.1.x264.MW.mkv.html(RD)</sublink>
		<sublink>search</sublink>
	</link>
	<thumbnail>https://image.tmdb.org/t/p/w1280//v3StJTYXbU3OZ26Vh1PbczqfyCD.jpg</thumbnail>
	<fanart>https://image.tmdb.org/t/p/w1280//4Bq50yeN11BMXTr2xNjak84nWaA.jpg</fanart>
</item>

<item>
	<title>[COLOR red]A Quiet Place[/COLOR]</title>
	<meta>
		<content>movie</content>
		<imdb>tt6644200</imdb>
		<title>A Quiet Place</title>
		<year>2018</year>
	</meta>
	<link>
		<sublink>https://rapidgator.net/file/22c1ebd1fe4ae7a3fdfafa1a8f5a70d9/A-Q-P.2018.1080p.bluray.x264-sparks.mkv.html (1080P Real Debrid)</sublink>
		<sublink>http://rapidrar.com/objg328j4myd</sublink>
	</link>
	<thumbnail>https://image.tmdb.org/t/p/w600_and_h900_bestv2/nAU74GmpUk7t5iklEp3bufwDq4n.jpg</thumbnail>
	<fanart/>
</item>

<item>
	<title>[B][COLORlimegreen]Black Panther 4K HDR[/COLOR][/B]</title>
	<meta>
		<imdb>tt1825683</imdb>
		<content>movie</content>
		<title>Black Panther</title>
		<year>2018</year>
	</meta>
	<link>
		<sublink>http://uptobox.com/92rjhdto2lva</sublink>
		<sublink>https://1fichier.com/?sjm1jvbfb5(RD)</sublink>
	</link>
	<thumbnail>https://image.tmdb.org/t/p/w1280//uxzzxijgPIY7slzFvMotPv8wjKA.jpg</thumbnail>
	<fanart>https://image.tmdb.org/t/p/w1280//6ELJEzQJ3Y45HczvreC3dg0GV5R.jpg</fanart>
</item>

<item>
	<title>[COLOR orange]Fasting[/COLOR]</title>
	<meta>
		<imdb>tt7813060</imdb>
		<content>movie</content>
		<title>Fasting</title>
		<year>2017</year>
	</meta>
	<link>
		<sublink>https://rapidgator.net/file/c0664f859d99d9c4d9896a5ec6852ffc/F-g.2017.1080p.AMZN.WEB-DL.DD2.0.H.264-QOQ.mkv.html (1080P Real Debrid)</sublink>
		<sublink>https://rapidgator.net/file/eb06f4df40d1ca126ee1f5debd70b6a2/Fasting.2017.WEBRip.x264-ION10.mp4.html</sublink>
	</link>
	<thumbnail>https://image.tmdb.org/t/p/w1280//1cvxM7GsEGburCZvSzWSFvI3rsa.jpg</thumbnail>
	<fanart>https://image.tmdb.org/t/p/w1280//adBDNDKmozFNiOAn9wPrqn34gcq.jpg</fanart>
</item>

<item>
	<title>[COLOR red]The Escape of Prisoner 614[/COLOR]</title>
	<meta>
		<content>movie</content>
		<imdb>tt7375578</imdb>
		<title>The Escape of Prisoner 614</title>
		<year>2018</year>
	</meta>
	<link>
		<sublink>https://rapidgator.net/file/22789dcbbe18de5acf9ef9a87449a28f/T-E-P.614.2018.1080p.bluray.x264-brmp.mkv.html (1080P Real Debrid)</sublink>
		<sublink>https://rapidgator.net/file/003ad805edf4abe3bfd1fc0ed838adae (1080P Real Debrid)</sublink>
	</link>
	<thumbnail>https://image.tmdb.org/t/p/w1280//o2zDJe9MaBW7XYjRdbYNlIqRNvZ.jpg</thumbnail>
	<fanart>https://image.tmdb.org/t/p/w1280//croro1uUgCeKEpyRXHNScDZeFXE.jpg</fanart>
</item>

<item>
	<title>[COLOR red]Ocean's 8[/COLOR]</title>
	<meta>
		<content>movie</content>
		<imdb>tt5164214</imdb>
		<title>Ocean's 8</title>
		<year>2018</year>
	</meta>
	<link>
		<sublink>https://openload.co/embed/RdoJNGvEkks/Oceans_8_%282018%29.mp4</sublink>
		<sublink>search</sublink>
	</link>
	<thumbnail>https://image.tmdb.org/t/p/w1280//7caaqQjTkovwoZsEOPzgHvkzOWB.jpg</thumbnail>
	<fanart>https://image.tmdb.org/t/p/w1280//h7L0fqwCHfJOYe7cQG2rAMhlfHh.jpg</fanart>
</item>

<item>
	<title>[COLOR orange]Pacific Rim: Uprising (2018)[/COLOR]</title>
	<meta>
		<content>movie</content>
		<imdb>tt2557478</imdb>
		<title>Pacific Rim: Uprising</title>
		<year>2018</year>
	</meta>
	<link>
		<sublink>https://rapidgator.net/file/a5758fa026f1f028193ece7630280699/P-R-U.2018.1080p.BluRay.x264-GECKOS.mkv.html (1080P Real Debrid)</sublink>
		<sublink>search</sublink>
	</link>
	<thumbnail>https://image.tmdb.org/t/p/w600_and_h900_bestv2/v5HlmJK9bdeHxN2QhaFP1ivjX3U.jpg</thumbnail>
	<fanart/>
</item>

<item>
	<title>[B][COLORorange]Peter Rabbit 4K UHD (3 Parts)[/COLOR][/B]</title>
	<meta>
		<imdb>tt5117670</imdb>
		<content>movie</content>
		<title>Peter Rabbit</title>
		<year>2018</year>
	</meta>
	<link>
		<sublink>https://rapidgator.net/file/bf0d147b1feba68edd40352771897762/P.R.2018.INTERNAL.2160p.UHD.BluRay.X265-IAMABLE.part1.rar.html</sublink>
		<sublink>https://rapidgator.net/file/83927d3cf681d136eb641af190b76278/P.R.2018.INTERNAL.2160p.UHD.BluRay.X265-IAMABLE.part2.rar.html</sublink>
		<sublink>https://rapidgator.net/file/bac75faee660ef6ed608a0af90fbcb3e/P.R.2018.INTERNAL.2160p.UHD.BluRay.X265-IAMABLE.part3.rar.html</sublink>
	</link>
	<thumbnail>https://image.tmdb.org/t/p/w1280//2yjSvEDuM3rLDng40erLsWkQRfn.jpg</thumbnail>
	<fanart>https://image.tmdb.org/t/p/w1280//e9dVo1OXZL6sWinc9uIS0Foo4QG.jpg</fanart>
</item>

<item>
	<title>[COLOR red]Rampage (2018)[/COLOR]</title>
	<meta>
		<content>movie</content>
		<imdb>tt2231461</imdb>
		<title>Rampage</title>
		<year>2018</year>
	</meta>
	<link>
		<sublink>https://www.filefactory.com/file/546ee046i4ht/rampage.2018.1080p.web.h264-webtiful.mkv (1080P Real Debrid)</sublink>
		<sublink>search</sublink>
	</link>
	<thumbnail>https://image.tmdb.org/t/p/w600_and_h900_bestv2/30oXQKwibh0uANGMs0Sytw3uN22.jpg</thumbnail>
	<fanart/>
</item>

<item>
	<title>[COLOR orange]Ready Player One (2018)[/COLOR]</title>
	<meta>
		<content>movie</content>
		<imdb>tt1677720</imdb>
		<title>Ready Player One</title>
		<year>2018</year>
	</meta>
	<link>
		<sublink>https://www.filefactory.com/file/3i3wyy5j3vgx/ready.player.one.2018.1080p.web.h264-webtiful.mkv (1080P Real Debrid)</sublink>
		<sublink>search</sublink>
	</link>
	<thumbnail>https://image.tmdb.org/t/p/w600_and_h900_bestv2/pU1ULUq8D3iRxl1fdX2lZIzdHuI.jpg</thumbnail>
	<fanart>https://image.tmdb.org/t/p/original/5a7lMDn3nAj2ByO0X1fg6BhUphR.jpg</fanart>
</item>

<item>
	<title>[COLOR red]Journey's End[/COLOR]</title>
	<meta>
		<imdb>tt3780500</imdb>
		<content>movie</content>
		<title>Journey's End</title>
		<year>2018</year>
	</meta>
	<link>
		<sublink>https://rapidgator.net/file/84d68e0c1480159825784bd3d329163b/Journeys.End.2017.1080p.BluRay.X264-AMIABLE.mkv.html (1080P Real Debrid)</sublink>
		<sublink>https://rapidgator.net/file/9558bf484d4be291b2a747ad50d27e5f (1080P Real Debrid)</sublink>
		<sublink>https://rapidgator.net/file/6ea45b66e10d1280f0f567ad14708b9b/Journeys.End.2017.1080p.BluRay.X264-AMIABLE.mkv.html (1080P Real Debrid)</sublink>
	</link>
	<thumbnail>https://image.tmdb.org/t/p/w1280//5gGkt84bCPt7XRo35FcsrOeer78.jpg</thumbnail>
	<fanart>https://image.tmdb.org/t/p/w1280//qsN29Wb7sqw06I9TzEnJE3soxHM.jpg</fanart>
</item>

<item>
	<title>[COLOR orange]Jumanji[/COLOR] [COLOR blue]Welcome to the Jungle[/COLOR]</title>
	<meta>
		<imdb>tt2283362</imdb>
		<content>movie</content>
		<title>Jumanji: Welcome to the Jungle</title>
		<year>2017</year>
	</meta>
	<link>
		<sublink>https://drive.google.com/file/d/15ccH00Nj_4I3MoM8szeO9XXzvFktEQvy/view (4K UHD)</sublink>
		<sublink>https://rapidgator.net/file/74fbca7ee75c1056c0fa7d1b601e747d/jumanji.welcome.to.the.jungle.2017.bdrip.x264-sparks.mkv.html (Real Debrid)</sublink>
	    <sublink>https://loadvid.online/embed/5ae0d7048f745</sublink>
		<sublink>https://streamango.com/f/tmnpfdfoaerffrmn/jwttj_2017_720p_bluray_x264-sparks_mkv_mp4</sublink>
		<sublink>search</sublink>
	</link>
	<thumbnail>https://image.tmdb.org/t/p/w1280//bXrZ5iHBEjH7WMidbUDQ0U2xbmr.jpg</thumbnail>
	<fanart>https://image.tmdb.org/t/p/w1280//rz3TAyd5kmiJmozp3GUbYeB5Kep.jpg</fanart>
</item>

<item>
	<title>[COLOR red]Escape Plan 2: Hades[/COLOR]</title>
	<meta>
		<imdb>tt6513656</imdb>
		<content>movie</content>
		<title>Escape Plan 2: Hades</title>
		<year>2018</year>
	</meta>
	<link>
		<sublink>https://rapidgator.net/file/1bb4bb6e5721db6e8ea9a0e75244b221/Escape.Plan.2.Hades.2018.1080p.BluRay.x264.DTS.MW.mkv.html</sublink>
		<sublink>http://www.filefactory.com/file/sqb1vwgv3cf</sublink>
		<sublink>https://turbobit.net/ft3ewmkzny9i/Escape.Plan.2.Hades.2018.1080p.BluRay.x264-YTS.AM.mp4.html</sublink>
		<sublink>searchhd</sublink>
	</link>
	<thumbnail>https://image.tmdb.org/t/p/w1280//Aqhl55vpzxNFqVfc2DpedUsR39L.jpg</thumbnail>
	<fanart>https://image.tmdb.org/t/p/w1280//xIAaN3AQqaJiN5RJ0WsmBady8Hq.jpg</fanart>
</item>

<item>
	<title>[B][COLORorange]Incoming[/COLOR][/B]</title>
	<meta>
		<imdb>tt6678874</imdb>
		<content>movie</content>
		<title>Incoming</title>
		<year>2018</year>
	</meta>
	<link>
		<sublink>https://rapidgator.net/file/2e84856eb745485b6d16227c1a6be2ce/TwoDDL_Incoming.2018.1080.WEB-DL.DD5.1.H264-CMRG.mkv.html(RD)</sublink>
		<sublink>https://rapidgator.net/file/13a64c62608bb97a88d9e82912c904ab/TwoDDL_Incoming.2018.720.WEB-DL.DD5.1.H264-CMRG.mkv.html(RD)</sublink>
		<sublink>search</sublink>
	</link>
	<thumbnail>https://image.tmdb.org/t/p/w1280//gb21lRTWA6uo1IdIIYotPCHHUP9.jpg</thumbnail>
	<fanart>https://image.tmdb.org/t/p/w1280//eIlAKDRlKN3doj4R6OG4UEzD6jI.jpg</fanart>
</item>

<item>
	<title>[B][COLORlimegreen]Tomb Raider[/COLOR][/B] [B][COLORred]First Link FULLHD[/COLOR][/B]</title>
	<meta>
		<imdb>tt1365519</imdb>
		<content>movie</content>
		<title>Tomb Raider</title>
		<year>2018</year>
	</meta>
	<link>
		<sublink>http://bit.ly/2J9UGFx</sublink>
		<sublink>https://rapidgator.net/file/9e91550ec7d4e8dfa3bfeed6dd0b7bea/T.R.2018.1080p.WEB-DL.H264.AC3-EVO.mkv.html(RD)</sublink>
		<sublink>http://nitroflare.com/view/0FE1D4BE8AEB480/T.R.2018.1080p.WEB-DL.H264.AC3-EVO.mkv(RD)</sublink>
		<sublink>https://rapidgator.net/file/9a96acc3fe6fee7f7292e33b5714b59d/Tomb.Raider.2018.HDRip.AC3.X264-CMRG.mkv.html(RD)</sublink>
		<sublink>search</sublink>
	</link>
	<thumbnail>https://image.tmdb.org/t/p/w1280//ePyN2nX9t8SOl70eRW47Q29zUFO.jpg</thumbnail>
	<fanart>https://image.tmdb.org/t/p/w1280//bLJTjfbZ1c5zSNiAvGYs1Uc82ir.jpg</fanart>
</item>

<item>
	<title>[B][COLORorange]Pacific Rim: Uprising[/COLOR][/B]</title>
	<meta>
		<imdb>tt2557478</imdb>
		<content>movie</content>
		<title>Pacific Rim: Uprising</title>
		<year>2018</year>
	</meta>
	<link>
		<sublink>https://rapidgator.net/file/7ad4535e2b7ef4123d38bf8f8e21f1c3/HD-Download.com__0899367688536.mp4.html(RD)</sublink>
		<sublink>https://1fichier.com/?fas34h8ga0(RD)</sublink>
		<sublink>https://uptobox.com/m1vgt3wu90e8(RD)</sublink>
		<sublink>search</sublink>
	</link>
	<thumbnail>https://image.tmdb.org/t/p/w1280//v5HlmJK9bdeHxN2QhaFP1ivjX3U.jpg</thumbnail>
	<fanart>https://image.tmdb.org/t/p/w1280//mo5EJsExrQCroqPDwUwp6jeq0xS.jpg</fanart>
</item>

<item>
	<title>[B][COLORorange]The Lost Viking[/COLOR][/B]</title>
	<meta>
		<imdb>tt6413868</imdb>
		<content>movie</content>
		<title>The Lost Viking</title>
		<year/>
	</meta>
	<link>
		<sublink>https://rapidgator.net/file/c9e062ce347e9352d0f713a53e3f9ea0/T-L-V.2018.1080p_WEB-DL_DD5.1_H264-CMRG.mkv.html(RD)</sublink>
		<sublink>http://nitroflare.com/view/0AFF2D77CF5C5A6/T-L-V.2018.1080p_WEB-DL_DD5.1_H264-CMRG.mkv(RD)</sublink>
		<sublink>http://nitroflare.com/view/72ABB57B9A03C9E/The.Lost.Viking.2018.WEB-DL.x264-FGT.www.RapidMovieZ.com.mp4(RD)</sublink>
		<sublink>http://fs05.clicknupload.net:182/d/fo5zffyklvyd7tr7qtfibmkjd66667yx7i5itazpu4hbilftw7af2xkajpmfucuunu5hcdh4/The.Lost.Viking.2018.WEB-DL.x264-FGT.www.RapidMovieZ.com.mp4</sublink>
		<sublink>search</sublink>
	</link>
	<thumbnail>https://image.tmdb.org/t/p/w1280//iEazqSEaDAkiMGYeXLWKG0Iiwpq.jpg</thumbnail>
	<fanart/>
</item>

<item>
	<title>[B][COLORlimegreen]Future World[/COLOR][/B]</title>
	<meta>
		<imdb>tt5737536</imdb>
		<content>movie</content>
		<title>Future World</title>
		<year>2018</year>
	</meta>
	<link>
		<sublink>https://uptobox.com/7zajxdae1m4o</sublink>
		<sublink>https://rapidgator.net/file/5e4056e3706c0824dc6667265ed13538/HD-Download.com__9430587346362.avi.html(RD)</sublink>
		<sublink>https://1fichier.com/?1wmo8wo5eb(RD)</sublink>
		<sublink>https://openload.co/embed/90tswciPDeU</sublink>
		<sublink>search</sublink>
	</link>
	<thumbnail>https://image.tmdb.org/t/p/w1280//kMA0IalnEEa0PaHRUzzjpTu5xXQ.jpg</thumbnail>
	<fanart>https://image.tmdb.org/t/p/w1280//g29nhwmOiYElKW27hzohK6nSwpC.jpg</fanart>
</item>

<item>
	<title>[B][COLORorange]Death Wish[/COLOR][/B]</title>
	<meta>
		<imdb>tt1137450</imdb>
		<content>movie</content>
		<title>Death Wish</title>
		<year>2018</year>
	</meta>
	<link>
		<sublink>http://79.127.127.112/sr1/mari/97/3/Death.Wish.2018.1080p.6CH.MkvCage.Tehmovies.mkv</sublink>
		<sublink>https://rapidgator.net/file/03c3c4e1b06d26d302430be198c73d3e/HD-Download.com__3660264065144.mkv(RD)</sublink>
		<sublink>https://rapidgator.net/file/c30dd4086c7e098f850c59992c4a9bab/D.W.2018.HDRip.AC3.X264-CMRG.35929.mkv(RD)</sublink>
		<sublink>search</sublink>
	</link>
	<thumbnail>https://image.tmdb.org/t/p/w1280//rxPghSvLbWCUjLplxkkcPMahbsz.jpg</thumbnail>
	<fanart>https://image.tmdb.org/t/p/w1280//uQqQvmptJLPTcWDrZXn22p7j7s3.jpg</fanart>
</item>

<item>
	<title>[B][COLORlimegreen]Father Figures[/COLOR][/B]</title>
	<meta>
		<imdb>tt1966359</imdb>
		<content>movie</content>
		<title>Father Figures</title>
		<year>2017</year>
	</meta>
	<link>
		<sublink>https://rapidgator.net/file/5b1fbf7537266ae0e986c78e419e57b8/father.figures.2017.1080p.bluray.x264-geckos.mkv.html(RD)</sublink>
		<sublink>http://www.filefactory.com/file/1f8rziebkwwn/father.figures.2017.bdrip.x264-geckos.mkv(RD)</sublink>
		<sublink>search</sublink>
	</link>
	<thumbnail>https://image.tmdb.org/t/p/w1280//avRiH6kbsw3Wxi1J7857alb9yyt.jpg</thumbnail>
	<fanart>https://image.tmdb.org/t/p/w1280//xfZZ0Dk2bOxOz1C8T8OQVRGGGIq.jpg</fanart>
</item>