<?xml version="1.0" encoding="UTF-8" standalone="yes"?>
<addon id="plugin.video.legacy" version="1.0.4" name="Legacy" provider-name="Legacy">
	<requires>
		<import addon="xbmc.python" version="2.19.0" />
		<import addon="script.module.legacy" />
		<import addon="script.legacy.artwork" version="1.0.0" />
		<import addon="script.legacy.metadata" version="1.0.0" />
		<import addon="script.module.resolveurl" version="5.0.0" />
		<import addon="script.module.requests" />
		<import addon="script.module.metahandler" version="1.0.0" />
	</requires>
	<extension point="xbmc.python.pluginsource" library="legacy.py">
		<provides>video</provides>
	</extension>
	<extension point="xbmc.service" library="service.py" start="startup" />
	<extension point="xbmc.addon.metadata">
		<summary lang="en">Legacy</summary>
		<description lang="en">To the legends who paved the way may their legacy be never forgotten</description>
		<disclaimer lang="en">The author does not host or distribute any of the content displayed by this addon. The author does not have any affiliation with the content provider.</disclaimer>
		<platform>all</platform>
		<license>GNU GENERAL PUBLIC LICENSE. Version 3, 29 June 2007</license>
		<assets>
			<icon>icon.png</icon>
			<fanart>fanart.jpg</fanart>
		</assets>
		<news></news>
	</extension>
</addon>
