<?xml version="1.0" encoding="UTF-8" standalone="yes"?>
<addon id="plugin.video.Legendary" version="2.4" name="Legendary" provider-name="Legendary">
	<requires>
		<import addon="xbmc.python" version="2.19.0" />
		<import addon="script.module.Legendary" />
		<import addon="script.Legendary.artwork" />
		<import addon="script.Legendary.metadata" />
		<import addon="script.module.resolveurl" />
		<import addon="script.module.requests" />
		<import addon="script.module.metahandler" version="1.0.0" />
	</requires>
	<extension point="xbmc.python.pluginsource" library="Legendary.py">
		<provides>video</provides>
	</extension>
	<extension point="xbmc.service" library="service.py" start="startup" />
	<extension point="xbmc.addon.metadata">
		<summary lang="en">Legendary</summary>
		<description lang="en">[I]New Resistance[/I][CR][CR][B]Legendary - Media for the Masses[/B][CR][CR]This addon is not have any part of the Kodi Media Centre. Please do not seek assistance with this addon from any of the Official Kodi Support Channels.[CR][CR]The author does not host any of the content in this addon and takes no responsibility for content found.</description>
		<platform>all</platform>
		<license>GNU GENERAL PUBLIC LICENSE. Version 3, 29 June 2007</license>
		<forum></forum>
		<website></website>
		<source></source>
		<disclaimer lang="en">The author of this addon do not host any of the content which is found and have no affiliation with any of the content providers. This addon simply searches websites for content. Use at your own risk!</disclaimer>
		<assets>
			<icon>icon.png</icon>
			<fanart>fanart.jpg</fanart>
    			<screenshot>resources/screenshots/screenshot-01.jpg</screenshot>
    			<screenshot>resources/screenshots/screenshot-02.jpg</screenshot>
    			<screenshot>resources/screenshots/screenshot-03.jpg</screenshot>
		</assets>
		<news>
[COLOR red]Fixed double scrapers[/COLOR]
List of providers 
https://xmovies8.nz                     Legendary (1)
https://yesmovies.to                    Legendary (2)
Library                                 Legendary (3)
https://movie4k.io                      Legendary (4)
https://www2.seriesonline8.co           Legendary (5)
https://www.timetowatch.video           Legendary (6)
https://movietube.online                Legendary (7)
https://seriesfree.to                   Legendary (8)
http://hdpopcorns.co                    Legendary (9)
https://123movies.ph                    Legendary (10)
http://bestrls.xyz                      Legendary (11)
http://www.best-moviez.ws               Legendary (12)
https://directdownload.tv               Legendary (13)
https://ww4.gowatchseries.co            Legendary (14)
https://www.300mbfilms.co               Legendary (15)
http://www.divxcrawler.tv               Legendary (16)
http://www2.vioozfree.net               Legendary (17)
http://www.ultrahdindir.com             Legendary (18)
http://search.rlsbb.ru                  Legendary (19)
http://2ddl.ws                          Legendary (20)
https://coolmoviezone.biz               Legendary (21)
https://tvbox.ag                        Legendary (22)
http://freemoviedownloads6.com          Legendary (23)
http://www1.123moviesfreenow.com        Legendary (24)
http://www.seehd.pl                     Legendary (25)
https://www.icefilms.info               Legendary (26)
		</news>
	</extension>
</addon>
