<item>
	<title>The Wicker Man - Iron Maiden</title>
	<meta>
		<content>song</content>
		<artist>Iron Maiden</artist>
		<title>The Wicker Man</title>
	</meta>
	<link>
		<sublink>https://openload.co/embed/nMkdDzo9p6I</sublink>
	</link>
	<thumbnail>https://lastfm-img2.akamaized.net/i/u/300x300/b31343b1e5f04af4afe88f62433cda69.png</thumbnail>
</item>
<item>
	<title>Ghost of the Navigator - Iron Maiden</title>
	<meta>
		<content>song</content>
		<artist>Iron Maiden</artist>
		<title>Ghost of the Navigator</title>
	</meta>
	<link>
		<sublink>https://openload.co/embed/IQ44D9nDC_8</sublink>
	</link>
	<thumbnail>https://lastfm-img2.akamaized.net/i/u/300x300/b31343b1e5f04af4afe88f62433cda69.png</thumbnail>
</item>
<item>
	<title>Brave New World - Iron Maiden</title>
	<meta>
		<content>song</content>
		<artist>Iron Maiden</artist>
		<title>Brave New World</title>
	</meta>
	<link>
		<sublink>https://openload.co/embed/8uRHIpP-8H0</sublink>
	</link>
	<thumbnail>https://lastfm-img2.akamaized.net/i/u/300x300/b31343b1e5f04af4afe88f62433cda69.png</thumbnail>
</item>
<item>
	<title>Blood Brothers - Iron Maiden</title>
	<meta>
		<content>song</content>
		<artist>Iron Maiden</artist>
		<title>Blood Brothers</title>
	</meta>
	<link>
		<sublink>https://openload.co/embed/uXHxVtcskZ8</sublink>
	</link>
	<thumbnail>https://lastfm-img2.akamaized.net/i/u/300x300/b31343b1e5f04af4afe88f62433cda69.png</thumbnail>
</item>
<item>
	<title>The Mercenary - Iron Maiden</title>
	<meta>
		<content>song</content>
		<artist>Iron Maiden</artist>
		<title>The Mercenary</title>
	</meta>
	<link>
		<sublink>https://openload.co/embed/IfaIO1L_qX4</sublink>
	</link>
	<thumbnail>https://lastfm-img2.akamaized.net/i/u/300x300/b31343b1e5f04af4afe88f62433cda69.png</thumbnail>
</item>
<item>
	<title>Dream of Mirrors - Iron Maiden</title>
	<meta>
		<content>song</content>
		<artist>Iron Maiden</artist>
		<title>Dream of Mirrors</title>
	</meta>
	<link>
		<sublink>https://openload.co/embed/7HtLNFjoo1A</sublink>
	</link>
	<thumbnail>https://lastfm-img2.akamaized.net/i/u/300x300/b31343b1e5f04af4afe88f62433cda69.png</thumbnail>
</item>
<item>
	<title>The Fallen Angel - Iron Maiden</title>
	<meta>
		<content>song</content>
		<artist>Iron Maiden</artist>
		<title>The Fallen Angel</title>
	</meta>
	<link>
		<sublink>https://openload.co/embed/RXPpxD3DBqk</sublink>
	</link>
	<thumbnail>https://lastfm-img2.akamaized.net/i/u/300x300/b31343b1e5f04af4afe88f62433cda69.png</thumbnail>
</item>
<item>
	<title>The Nomad - Iron Maiden</title>
	<meta>
		<content>song</content>
		<artist>Iron Maiden</artist>
		<title>The Nomad</title>
	</meta>
	<link>
		<sublink>https://openload.co/embed/pC0aRN79AS8</sublink>
	</link>
	<thumbnail>https://lastfm-img2.akamaized.net/i/u/300x300/b31343b1e5f04af4afe88f62433cda69.png</thumbnail>
</item>
<item>
	<title>Out of the Silent Planet - Iron Maiden</title>
	<meta>
		<content>song</content>
		<artist>Iron Maiden</artist>
		<title>Out of the Silent Planet</title>
	</meta>
	<link>
		<sublink>https://openload.co/embed/zlB9MO_3ALQ</sublink>
	</link>
	<thumbnail>https://lastfm-img2.akamaized.net/i/u/300x300/b31343b1e5f04af4afe88f62433cda69.png</thumbnail>
</item>