<item>
	<title>Be Quick or Be Dead - Iron Maiden</title>
	<meta>
		<content>song</content>
		<artist>Iron Maiden</artist>
		<title>Be Quick or Be Dead</title>
	</meta>
	<link>
		<sublink>https://openload.co/embed/0D2H3IVdPg4</sublink>
	</link>
	<thumbnail>https://lastfm-img2.akamaized.net/i/u/300x300/e58867ee1d2b4463be6b4fd2acdd9ed9.png</thumbnail>
</item>
<item>
	<title>From Here to Eternity - Iron Maiden</title>
	<meta>
		<content>song</content>
		<artist>Iron Maiden</artist>
		<title>From Here to Eternity</title>
	</meta>
	<link>
		<sublink>https://openload.co/embed/QlIqOsKChrw</sublink>
	</link>
	<thumbnail>https://lastfm-img2.akamaized.net/i/u/300x300/e58867ee1d2b4463be6b4fd2acdd9ed9.png</thumbnail>
</item>
<item>
	<title>Afraid to Shoot Strangers - Iron Maiden</title>
	<meta>
		<content>song</content>
		<artist>Iron Maiden</artist>
		<title>Afraid to Shoot Strangers</title>
	</meta>
	<link>
		<sublink>https://openload.co/embed/yoYpZpWcwqM</sublink>
	</link>
	<thumbnail>https://lastfm-img2.akamaized.net/i/u/300x300/e58867ee1d2b4463be6b4fd2acdd9ed9.png</thumbnail>
</item>
<item>
	<title>Fear Is the Key - Iron Maiden</title>
	<meta>
		<content>song</content>
		<artist>Iron Maiden</artist>
		<title>Fear Is the Key</title>
	</meta>
	<link>
		<sublink>https://openload.co/embed/zcCv3xCovrQ</sublink>
	</link>
	<thumbnail>https://lastfm-img2.akamaized.net/i/u/300x300/e58867ee1d2b4463be6b4fd2acdd9ed9.png</thumbnail>
</item>
<item>
	<title>Childhood's End - Iron Maiden</title>
	<meta>
		<content>song</content>
		<artist>Iron Maiden</artist>
		<title>Childhood's End</title>
	</meta>
	<link>
		<sublink>https://openload.co/embed/rk06aknGsa4</sublink>
	</link>
	<thumbnail>https://lastfm-img2.akamaized.net/i/u/300x300/e58867ee1d2b4463be6b4fd2acdd9ed9.png</thumbnail>
</item>
<item>
	<title>Wasting Love - Iron Maiden</title>
	<meta>
		<content>song</content>
		<artist>Iron Maiden</artist>
		<title>Wasting Love</title>
	</meta>
	<link>
		<sublink>https://openload.co/embed/-dBhAHvPbw0</sublink>
	</link>
	<thumbnail>https://lastfm-img2.akamaized.net/i/u/300x300/e58867ee1d2b4463be6b4fd2acdd9ed9.png</thumbnail>
</item>
<item>
	<title>The Fugitive - Iron Maiden</title>
	<meta>
		<content>song</content>
		<artist>Iron Maiden</artist>
		<title>The Fugitive</title>
	</meta>
	<link>
		<sublink>https://openload.co/embed/OFSZlLv0GdI</sublink>
	</link>
	<thumbnail>https://lastfm-img2.akamaized.net/i/u/300x300/e58867ee1d2b4463be6b4fd2acdd9ed9.png</thumbnail>
</item>
<item>
	<title>Chains of Misery - Iron Maiden</title>
	<meta>
		<content>song</content>
		<artist>Iron Maiden</artist>
		<title>Chains of Misery</title>
	</meta>
	<link>
		<sublink>https://openload.co/embed/i4ElLHGh7NE</sublink>
	</link>
	<thumbnail>https://lastfm-img2.akamaized.net/i/u/300x300/e58867ee1d2b4463be6b4fd2acdd9ed9.png</thumbnail>
</item>
<item>
	<title>The Apparition - Iron Maiden</title>
	<meta>
		<content>song</content>
		<artist>Iron Maiden</artist>
		<title>The Apparition</title>
	</meta>
	<link>
		<sublink>https://openload.co/embed/7lcF-MZVkeA</sublink>
	</link>
	<thumbnail>https://lastfm-img2.akamaized.net/i/u/300x300/e58867ee1d2b4463be6b4fd2acdd9ed9.png</thumbnail>
</item>
<item>
	<title>Judas Be My Guide - Iron Maiden</title>
	<meta>
		<content>song</content>
		<artist>Iron Maiden</artist>
		<title>Judas Be My Guide</title>
	</meta>
	<link>
		<sublink>https://openload.co/embed/qWjKGwzr5XU</sublink>
	</link>
	<thumbnail>https://lastfm-img2.akamaized.net/i/u/300x300/e58867ee1d2b4463be6b4fd2acdd9ed9.png</thumbnail>
</item>
<item>
	<title>Weekend Warrior - Iron Maiden</title>
	<meta>
		<content>song</content>
		<artist>Iron Maiden</artist>
		<title>Weekend Warrior</title>
	</meta>
	<link>
		<sublink>https://openload.co/embed/PI0MvO0XCA0</sublink>
	</link>
	<thumbnail>https://lastfm-img2.akamaized.net/i/u/300x300/e58867ee1d2b4463be6b4fd2acdd9ed9.png</thumbnail>
</item>
<item>
	<title>Fear of the Dark - Iron Maiden</title>
	<meta>
		<content>song</content>
		<artist>Iron Maiden</artist>
		<title>Fear of the Dark</title>
	</meta>
	<link>
		<sublink>https://openload.co/embed/syy7anTMS-8</sublink>
	</link>
	<thumbnail>https://lastfm-img2.akamaized.net/i/u/300x300/e58867ee1d2b4463be6b4fd2acdd9ed9.png</thumbnail>
</item>
