<xml>
  <dir>
    <title>[COLORyellow]Movies[/COLOR]</title>
    <link>file://movies.xml</link>
  </dir>

  <dir>
    <title>Movies genres</title>
    <link>file://genre_movies.xml</link>
  </dir>
  
   <dir>
    <title>[COLORred]Kids Boxset[/COLOR]</title>
    <link>file://kids_boxset.xml</link>
  </dir>
  
  <dir>
    <title>Movies year</title>
    <link>file://movie-years.xml</link>
  </dir>
  
  <dir>
    <title>[COLORyellow]Tv shows[/COLOR]</title>
    <link>file://Tv.xml</link>
  </dir>

  <dir>
    <title>Tv shows genres</title>
    <link>file://genre_tv.xml</link>
  </dir>
  
  <dir>
  <title>[COLORred]Netflix[/COLOR]</title>
  <tmdb>network/shows/213</tmdb>
  <thumbnail></thumbnail>
  <fantart></fantart>
</dir>

  <dir>
    <title>Networks</title>
    <link>file://networks .xml</link>
  </dir>
</xml>  
  