<?xml version="1.0" encoding="UTF-8" standalone="yes"?>
<addon id="script.Scrubs.artwork" version="1.1" name="[COLOR orange]Scrubs Artwork[/COLOR]" provider-name="JewBMX">
	<requires>
		<import addon="xbmc.python" version="2.19.0"/>
	</requires>
	<extension point="xbmc.python.module" library="lib" />
	<extension point="xbmc.addon.metadata">
		<summary>Scrubs Artwork</summary>
		<description>Scrubs Artwork</description>
		<platform>all</platform>
		<assets>
			<icon>icon.jpg</icon>
		</assets>
	</extension>
</addon>
