<?xml version="1.0" encoding="UTF-8" standalone="yes"?>
<addon id="plugin.video.Darklove" version="7.7.7" name="Darklove" provider-name="KryptKeeper">
	<requires>
		<import addon="xbmc.python" version="2.19.0" />
		<import addon="script.module.Darklove" />
		<import addon="script.Superbeast.artwork" />
		<import addon="script.Darklove.metadata" />
		<import addon="script.module.resolveurl" />
		<import addon="script.module.requests" />
		<import addon="script.module.metahandler" version="1.0.0" />
	</requires>
	<extension point="xbmc.python.pluginsource" library="Darklove.py">
		<provides>video</provides>
	</extension>
	<extension point="xbmc.service" library="service.py" start="startup" />
	<extension point="xbmc.addon.metadata">
		<summary lang="en">Darklove</summary>
		<description lang="en"></description>
        <platform>all</platform>
		<license>GNU GENERAL PUBLIC LICENSE. Version 3, 29 June 2007</license>
		<forum></forum>
		<website></website>
		<assets>
			<icon>icon.jpg</icon>
			<fanart>fanart.jpg</fanart>
    			<screenshot></screenshot>
    			<screenshot></screenshot>
    			<screenshot></screenshot>
		</assets>

	</extension>
</addon>
