﻿<?xml version="1.0" encoding="UTF-8" standalone="yes"?>
<addon id="plugin.video.astroplane" version="7.7.7" name=" Astroplane" provider-name="KryptKeeper">
	<requires>
		<import addon="xbmc.python" version="2.19.0" />
		        <import addon="script.Superbeast.artwork"/>
		        <import addon="script.AnArchy.metadata"/>
                <import addon="script.module.resolveurl" version="1.0.0.0" />
                <import addon="script.module.metahandler"/>
                <import addon="script.module.requests"/>
                <import addon="script.module.beautifulsoup"/>
                <import addon="script.module.bc.common"/>
                <import addon="script.module.futures"/>				
                <import addon="script.module.universalscrapers" version="1.0.0.0" />
	</requires>
	<extension point="xbmc.python.pluginsource" library="Astroplane.py">
		<provides>video</provides>
	</extension>
	<extension point="xbmc.service" library="service.py" start="startup" />
	<extension point="xbmc.addon.metadata">
		<summary lang="en"></summary>
		<description lang="en">Movie, TV Show, and Playlist Add-on</description>
		<disclaimer lang="en">The author does not host or distribute any of the content displayed by this addon. The author does not have any affiliation with the content provider.</disclaimer>
		<platform>all</platform>
		<forum></forum>
		<website></website>
		<source></source>
		<assets>
			<icon>icon.png</icon>
			<fanart>fanart.jpg</fanart>
		</assets>
		<news></news>
	</extension>
</addon>