<xml>

<dir>
	<title>Amateur</title>
	<cobp>category/amateur</cobp>
</dir>

<dir>
	<title>Anal</title>
	<cobp>category/anal</cobp>
</dir>

<dir>
	<title>Asian</title>
	<cobp>category/asian</cobp>
</dir>

<dir>
	<title>BBC</title>
	<cobp>category/bbc</cobp>
</dir>

<dir>
	<title>Big Ass</title>
	<cobp>category/big-ass</cobp>
</dir>

<dir>
	<title>Big Dick</title>
	<cobp>category/big-dick</cobp>
</dir>

<dir>
	<title>Big Tits</title>
	<cobp>category/big-tits</cobp>
</dir>

<dir>
	<title>Blonde</title>
	<cobp>category/blonde</cobp>
</dir>

<dir>
	<title>Blowjobs</title>
	<cobp>category/blowjobs</cobp>
</dir>

<dir>
	<title>British</title>
	<cobp>category/british</cobp>
</dir>

<dir>
	<title>Brunette</title>
	<cobp>category/brunette</cobp>
</dir>

<dir>
	<title>Cartoon</title>
	<cobp>category/cartoon</cobp>
</dir>

<dir>
	<title>Casting</title>
	<cobp>category/casting</cobp>
</dir>

<dir>
	<title>Couple</title>
	<cobp>category/couple</cobp>
</dir>

<dir>
	<title>Cream Pie</title>
	<cobp>category/cream-pie</cobp>
</dir>

<dir>
	<title>Cuckold</title>
	<cobp>category/cuckold</cobp>
</dir>

<dir>
	<title>Cumshots</title>
	<cobp>category/cumshots</cobp>
</dir>

<dir>
	<title>Czech</title>
	<cobp>category/czech</cobp>
</dir>

<dir>
	<title>Deep Throat</title>
	<cobp>category/deep-throat</cobp>
</dir>

<dir>
	<title>Double Penetration</title>
	<cobp>category/double-penetration</cobp>
</dir>

<dir>
	<title>Ebony</title>
	<cobp>category/ebony</cobp>
</dir>

<dir>
	<title>Foot Fetish</title>
	<cobp>category/foot-fetish</cobp>
</dir>

<dir>
	<title>Gang Bang</title>
	<cobp>category/gang-bang</cobp>
</dir>

<dir>
	<title>German</title>
	<cobp>category/german</cobp>
</dir>

<dir>
	<title>Girlfriend</title>
	<cobp>category/girlfriend</cobp>
</dir>

<dir>
	<title>Glamcore</title>
	<cobp>category/glamcore</cobp>
</dir>

<dir>
	<title>Group Sex</title>
	<cobp>category/group-sex</cobp>
</dir>

<dir>
	<title>Hairy</title>
	<cobp>category/hairy</cobp>
</dir>

<dir>
	<title>Handjobs</title>
	<cobp>category/handjobs</cobp>
</dir>

<dir>
	<title>Hardcore</title>
	<cobp>category/hardcore</cobp>
</dir>

<dir>
	<title>HD</title>
	<cobp>category/hd</cobp>
</dir>

<dir>
	<title>Hentai</title>
	<cobp>category/hentai</cobp>
</dir>

<dir>
	<title>Interracial</title>
	<cobp>category/interracial</cobp>
</dir>

<dir>
	<title>Japanese</title>
	<cobp>category/japanese</cobp>
</dir>

<dir>
	<title>Latin</title>
	<cobp>category/latin</cobp>
</dir>

<dir>
	<title>Lesbian</title>
	<cobp>category/lesbian</cobp>
</dir>

<dir>
	<title>Lingerie</title>
	<cobp>category/lingerie</cobp>
</dir>

<dir>
	<title>Massage</title>
	<cobp>category/massage</cobp>
</dir>

<dir>
	<title>Masturbation</title>
	<cobp>category/masturbation</cobp>
</dir>

<dir>
	<title>Milf</title>
	<cobp>category/milf</cobp>
</dir>

<dir>
	<title>Old And Young</title>
	<cobp>category/old-and-young</cobp>
</dir>

<dir>
	<title>Orgasm</title>
	<cobp>category/orgasm</cobp>
</dir>

<dir>
	<title>Orgy</title>
	<cobp>category/orgy</cobp>
</dir>

<dir>
	<title>Parody</title>
	<cobp>category/parody</cobp>
</dir>

<dir>
	<title>Pov</title>
	<cobp>category/pov</cobp>
</dir>

<dir>
	<title>Public</title>
	<cobp>category/public</cobp>
</dir>

<dir>
	<title>Redheads</title>
	<cobp>category/redheads</cobp>
</dir>

<dir>
	<title>Russian</title>
	<cobp>category/russian</cobp>
</dir>

<dir>
	<title>Schoolgirl</title>
	<cobp>category/schoolgirl</cobp>
</dir>

<dir>
	<title>Spanish Porn</title>
	<cobp>category/spanish-porn</cobp>
</dir>

<dir>
	<title>Squirting</title>
	<cobp>category/Squirting</cobp>
</dir>

<dir>
	<title>Tattoo</title>
	<cobp>category/tattoo</cobp>
</dir>

<dir>
	<title>Teen</title>
	<cobp>category/teen</cobp>
</dir>

<dir>
	<title>Threesome</title>
	<cobp>category/threesome</cobp>
</dir>

<dir>
	<title>Toys</title>
	<cobp>category/toys</cobp>
</dir>

<dir>
	<title>Uniform</title>
	<cobp>category/uniform</cobp>
</dir>

<dir>
	<title>Webcams</title>
	<cobp>category/webcams</cobp>
</dir>


</xml>
