<dir>
<title>[I][COLORaqua]Top 100 Kids Animation[/COLOR][/I]</title>
<imdburl>list/ls057336394</imdburl>
<thumbnail></thumbnail>
<fanart></fanart>
</dir>

<dir>
<title>[I][COLORaqua]Complete Disney Collection[/COLOR][/I]</title>
<imdburl>list/ls068561553</imdburl>
<thumbnail></thumbnail>
<fanart></fanart>
</dir>

<dir>
<title>[I][COLORaqua]Disney-Pixar[/COLOR][/I]</title>
<imdburl>list/ls008512378</imdburl>
<thumbnail></thumbnail>
<fanart></fanart>
</dir>

<dir>
<title>[I][COLORaqua]Blue-Sky Studio Animation[/COLOR][/I]</title>
<imdburl>list/ls073385045</imdburl>
<thumbnail></thumbnail>
<fanart></fanart>
</dir>

<dir>
<title>[I][COLORaqua]Sony Animation[/COLOR][/I]</title>
<imdburl>list/ls073385455</imdburl>
<thumbnail></thumbnail>
<fanart></fanart>
</dir>

<dir>
<title>[I][COLORaqua]Best Family Films[/COLOR][/I]</title>
<imdburl>list/ls008600983</imdburl>
<thumbnail></thumbnail>
<fanart></fanart>
</dir>

<dir>
<title>[I][COLORaqua]Kids 90's Films[/COLOR][/I]</title>
<imdburl>list/ls006140103</imdburl>
<thumbnail></thumbnail>
<fanart></fanart>
</dir>

<dir>
<title>[I][COLORaqua]Old fashion kids films[/COLOR][/I]</title>
<imdburl>list/ls008744158</imdburl>
<thumbnail></thumbnail>
<fanart></fanart>
</dir>

<dir>
<title>[I][COLORaqua]Funny Kids Movies[/COLOR][/I]</title>
<imdburl>list/ls063622289</imdburl>
<thumbnail></thumbnail>
<fanart></fanart>
</dir>

<dir>
<title>[I][COLORaqua]Evil kid Horror Movies[/COLOR][/I]</title>
<imdburl>list/ls068148722</imdburl>
<thumbnail></thumbnail>
<fanart></fanart>
</dir>

<dir>
<title>[I][COLORaqua]Holloween Movies[/COLOR][/I]</title>
<imdburl>list/ls000091321</imdburl>
<thumbnail></thumbnail>
<fanart></fanart>
</dir>

<dir>
<title>[I][COLORaqua]Nickalodeon Movies[/COLOR][/I]</title>
<imdburl>list/ls050818579</imdburl>
<thumbnail></thumbnail>
<fanart></fanart>
</dir>