<dir>
<title>[I][COLORaqua]Kids TV Shows[/COLOR][/I]</title>
<imdburl>list/ls000017281</imdburl>
<thumbnail></thumbnail>
<fanart></fanart>
</dir>

<dir>
<title>[I][COLORaqua]Kids TV Programs[/COLOR][/I]</title>
<imdburl>list/ls050747133</imdburl>
<thumbnail></thumbnail>
<fanart></fanart>
</dir>

<dir>
<title>[I][COLORaqua]2000's List[/COLOR][/I]</title>
<imdburl>list/ls050747133</imdburl>
<thumbnail></thumbnail>
<fanart></fanart>
</dir>

<dir>
<title>[I][COLORaqua]Random List[/COLOR][/I]</title>
<imdburl>list/ls000718259</imdburl>
<thumbnail></thumbnail>
<fanart></fanart>
</dir>

<dir>
<title>[I][COLORaqua]90's-2000's[/COLOR][/I]</title>
<imdburl>list/ls000017249</imdburl>
<thumbnail></thumbnail>
<fanart></fanart>
</dir>

<dir>
<title>[I][COLORaqua]PBS Kids[/COLOR][/I]</title>
<imdburl>list/ls003317344</imdburl>
<thumbnail></thumbnail>
<fanart></fanart>
</dir>

<dir>
<title>[I][COLORaqua]Nickalodeon Shows[/COLOR][/I]</title>
<imdburl>list/ls070349693</imdburl>
<thumbnail></thumbnail>
<fanart></fanart>
</dir>

<dir>
<title>[I][COLORaqua]Nick Toons[/COLOR][/I]</title>
<imdburl>list/ls069383567</imdburl>
<thumbnail></thumbnail>
<fanart></fanart>
</dir>