
<item>
<title>[B][COLORorangered]Welcome to I am Groot Kids Media[/COLOR][/B]</title>
</item>

<dir>
        <name>[B][I][COLORaqua]Kid Movies[/COLOR][/B][/I]</name>
        <link>http://androidbboy.xyz/groot/movies/kidmovies.xml</link>
        <animated_thumbnail></animated_thumbnail>
        <thumbnail>http://ecx.images-amazon.com/images/I/51srAADGO5L.png</thumbnail>
        <animated_fanart></animated_fanart>
        <fanart>https://az616578.vo.msecnd.net/files/2016/11/07/6361407660922478571540843754_kidsmovies.jpg</fanart>
</dir>

<dir>
        <name>[B][I][COLORaqua]Kid Tube[/COLOR][/B][/I]</name>
        <link>http://androidbboy.xyz/groot/tv/kidtv.xml</link>
        <animated_thumbnail></animated_thumbnail>
        <thumbnail>http://www.umbag.com/wp-content/uploads/2013/07/94e53d6796_81um0aYp-XL.png</thumbnail>
        <animated_fanart></animated_fanart>
        <fanart>https://www.fluentu.com/blog/english/wp-content/uploads/sites/4/2015/07/best-cartoons-for-learning-english2.jpg</fanart>
</dir>

<dir>
<title>[I][COLORaqua]Thundercats[/COLOR][/I]</title>
<imdburl>list/ls025689146</imdburl>
<thumbnail>https://i.pinimg.com/originals/3a/77/32/3a77323a845121522cb10337e3dd4658.jpg</thumbnail>
<fanart>https://www.walldevil.com/wallpapers/a42/wallpaper-choppers-bird-david-entertainment-wallpapers.jpg</fanart>
</dir>

<dir>
<title>[I][COLORaqua]Transformers[/COLOR][/I]</title>
<imdburl>list/ls025689146</imdburl>
<thumbnail>http://files.softicons.com/download/tv-movie-icons/optimus-prime-helmet-icons-by-svengraph/png/512/Optimus_Prime_Helmet.png</thumbnail>
<fanart>https://www.hdwallpapers.in/download/optimus_prime_transformers-1920x1080.jpg</fanart>
</dir>

<dir>
<title>[I][COLORaqua]G.I. Joe[/COLOR][/I]</title>
<imdburl>list/ls000683140</imdburl>
<thumbnail>http://www.apkdlmod.com/wp-content/uploads/2017/01/g-i-joe-strike.jpg</thumbnail>
<fanart>https://images5.alphacoders.com/310/310851.jpg</fanart>
</dir>

<dir>
<title>[I][COLORaqua]Voltron[/COLOR][/I]</title>
<imdburl>list/ls026287424</imdburl>
<thumbnail>https://pbs.twimg.com/profile_images/865686039192416257/94eEB9RO.jpg</thumbnail>
<fanart>http://www.rotoscopers.com/wp-content/uploads/2017/09/Voltron_Image2.png</fanart>
</dir>

<dir>
<title>[I][COLORaqua]He-Man and She-Ra[/COLOR][/I]</title>
<imdburl>list/ls063900187</imdburl>
<thumbnail>http://cdn.agarz.com/he-man.png</thumbnail>
<fanart>https://i0.wp.com/www.tabeer.pk/wallpaper/wp-content/uploads/2018/01/He-Man-Wallpaper-HD-25.jpg</fanart>
</dir>

<dir>
<title>[I][COLORaqua]Various Classic Cartoons[/COLOR][/I]</title>
<imdburl>list/ls055884895</imdburl>
<thumbnail>https://images-na.ssl-images-amazon.com/images/I/71Hio6alsAL.png</thumbnail>
<fanart>https://i.pinimg.com/originals/cb/ed/d4/cbedd4a6393ef26318e5c49051d2e9be.jpg</fanart>
</dir>

<dir>
<title>[I][COLORaqua]Warner Bros. Cartoons[/COLOR][/I]</title>
<imdburl>list/ls000579156</imdburl>
<thumbnail>https://lh4.googleusercontent.com/-EWx9rzSe_hM/AAAAAAAAAAI/AAAAAAAAABs/m4H-WLKJKBM/photo.jpg</thumbnail>
<fanart>https://images.alphacoders.com/444/444264.png</fanart>
</dir>

<dir>
<title>[I][COLORaqua]Dragon Ball Z[/COLOR][/I]</title>
<imdburl>list/ls072528248</imdburl>
<thumbnail>https://i.pinimg.com/originals/73/a0/e8/73a0e8ebdc6343f23c9ed6a780da3ab2.png</thumbnail>
<fanart>http://www.guibingzhuche.com/data/out/167/1364409.jpeg</fanart>
</dir>

<dir>
<title>[I][COLORaqua]Pokemon[/COLOR][/I]</title>
<imdburl>list/ls050170829</imdburl>
<thumbnail>http://www.pngmart.com/files/2/Pokemon-PNG-Pic.png</thumbnail>
<fanart>http://getwallpapers.com/wallpaper/full/8/5/2/233046.jpg</fanart>
</dir>

<dir>
<title>[I][COLORaqua]Tom and Jerry[/COLOR][/I]</title>
<imdburl>list/ls063502951</imdburl>
<thumbnail>https://images-na.ssl-images-amazon.com/images/I/81J8PyqZp1L.png</thumbnail>
<fanart>http://globalmedicalco.com/photos/globalmedicalco/24/116595.jpg</fanart>
</dir>

<dir>
<title>[I][COLORaqua]Power Rangers[/COLOR][/I]</title>
<imdburl>list/ls025829016</imdburl>
<thumbnail>http://img.phone.baidu.com/public/uploads/store_0/9/7/6/1d5ffd65f3d1044b4451112b041b2968.png</thumbnail>
<fanart>http://nerdreactor.com/wp-content/uploads/2016/04/mighty-morphin-power-rangers.jpg</fanart>
</dir>

<dir>
<title>[I][COLORaqua]Anime[/COLOR][/I]</title>
<imdburl>list/ls004037854</imdburl>
<thumbnail>https://lh4.googleusercontent.com/-zNOOOeFoilQ/AAAAAAAAAAI/AAAAAAAAFjk/L41p6LX6Hd0/photo.jpg</thumbnail>
<fanart>http://wallpapersite.com/images/pages/pic_h/8040.jpg</fanart>
</dir>

<dir>
<title>[I][COLORaqua]Best 50 Anime[/COLOR][/I]</title>
<imdburl>list/ls036417104</imdburl>
<thumbnail>https://avatarfiles.alphacoders.com/445/44595.jpg</thumbnail>
<fanart>https://wallpapercave.com/wp/zg7NCpf.jpg</fanart>
</dir>
