<xml>

<plugin>
	<title>ABC Kid TV</title>
	<link>plugin://plugin.video.youtube/channel/UCbCmjCuTUZos6Inko4u57UQ/playlists/</link>
</plugin>

<plugin>
	<title>Bananas In Pyjamas</title>
	<link>plugin://plugin.video.youtube/channel/UCug61OHMkz5GgJkeyhxdepQ/playlists/</link>
</plugin>

<plugin>
	<title>Barney</title>
	<link>plugin://plugin.video.youtube/channel/UCTn45orVsFOsNZHxAJcZK5g/playlists/</link>
</plugin>

<plugin>
	<title>Care Bears</title>
	<link>plugin://plugin.video.youtube/channel/UChRHU6dbz5cpM2qVBK0Omng/playlists/</link>
</plugin>

<plugin>
	<title>Cartoon Network</title>
	<link>plugin://plugin.video.youtube/channel/UCGydrkfIhUDNCotYQI8TJhA/playlists/</link>
</plugin>

<plugin>
	<title>ChuChu TV</title>
	<link>plugin://plugin.video.youtube/channel/UCBnZ16ahKA2DZ_T5W0FPUXg/playlists/</link>
</plugin>

<plugin>
	<title>Curious George</title>
	<link>plugin://plugin.video.youtube/channel/UCGAIzfT0d0nj3KVsdMzIqrA/playlists/</link>
</plugin>

<plugin>
	<title>Cyber Chase</title>
	<link>plugin://plugin.video.youtube/channel/UCzsrOcypBagRDCYF7gTm8-A/playlists/</link>
</plugin>

<plugin>
	<title>Disney Junior</title>
	<link>plugin://plugin.video.youtube/channel/UC7Gf2tZ8coTX2ckTPgn62iQ/playlists/</link>
</plugin>

<plugin>
	<title>Harry and His Bucket Full of Dinosaurs</title>
	<link>plugin://plugin.video.youtube/channel/UCoHJXadQIxxMT69kHWt0zOQ/playlists/</link>
</plugin>

<plugin>
	<title>Kids Learning Videos</title>
	<link>plugin://plugin.video.youtube/channel/UCwynFfAvCF2kiRSMWiozQHg/playlists/</link>
</plugin>

<plugin>
	<title>Kids Tv Channel</title>
	<link>plugin://plugin.video.youtube/channel/UCU_If3OQp9FPHoP1BteFNlA/playlists/</link>
</plugin>

<plugin>
	<title>Little Bear</title>
	<link>plugin://plugin.video.youtube/channel/UCncFzSeWqySvOXEbQoEJsZg/playlists/</link>
</plugin>

<plugin>
	<title>Max & Ruby</title>
	<link>plugin://plugin.video.youtube/channel/UCjF2lVpoUweXPGf0oRJcP0A/playlists/</link>
</plugin>

<plugin>
	<title>Mr Bean Cartoon World</title>
	<link>plugin://plugin.video.youtube/channel/UCzoFjzSkbrDD1GHsz2YNLig/playlists/</link>
</plugin>

<plugin>
	<title>National Geographic Kids</title>
	<link>plugin://plugin.video.youtube/channel/UCXVCgDuD_QCkI7gTKU7-tpg/playlists/</link>
</plugin>

<plugin>
	<title>PBS Kids</title>
	<link>plugin://plugin.video.youtube/channel/UCrNnk0wFBnCS1awGjq_ijGQ/playlists/</link>
</plugin>

<plugin>
	<title>Sesame Street</title>
	<link>plugin://plugin.video.youtube/channel/UCoookXUzPciGrEZEXmh4Jjg/playlists/</link>
</plugin>

<plugin>
	<title>Strawberry Shortcake</title>
	<link>plugin://plugin.video.youtube/channel/UCURCSaXYhIsnsiK-jFFZg3w/playlists/</link>
</plugin>

<plugin>
	<title>Talking Tom</title>
	<link>plugin://plugin.video.youtube/channel/UCDCNmuaOXOo25Yn4mbMHhhQ/playlists/</link>
</plugin>

<plugin>
	<title>The Muppets</title>
	<link>plugin://plugin.video.youtube/channel/UCB0ABGbdSggBXLF0UdN4d5A/playlists/</link>
</plugin>

<plugin>
	<title>The Wiggles</title>
	<link>plugin://plugin.video.youtube/channel/UC5vVe2R4ucoMzJP53o38Yaw/playlists/</link>
</plugin>

<plugin>
	<title>Treehouse Direct</title>
	<link>plugin://plugin.video.youtube/channel/UCcJT_hEkkQ03NAzp_6NEBiw/playlists/</link>
</plugin>

<plugin>
	<title>Veggie Tales</title>
	<link>plugin://plugin.video.youtube/channel/UChddokv0fxIN3BS-KZpxFfA/playlists/</link>
</plugin>

<plugin>
	<title>Yo Gabba Gabba!</title>
	<link>plugin://plugin.video.youtube/channel/UCxezak0GpjlCenFGbJ2mpog/playlists/</link>
</plugin>


</xml>
