<xml>

<dir>
	<title>DreamWorks Animation</title>
	<tmdb>company/movies/521</tmdb>
</dir>

<dir>
	<title>Happy Madison Productions</title>
	<tmdb>company/movies/2608</tmdb>
</dir>

<dir>
	<title>Lions Gate Family Entertainment</title>
	<tmdb>company/movies/6574</tmdb>
</dir>

<dir>
	<title>Marvel Studios</title>
	<tmdb>company/movies/420</tmdb>
</dir>

<dir>
	<title>Pixar Animation</title>
	<tmdb>company/movies/3</tmdb>
</dir>

<dir>
	<title>Universal Animation Studios</title>
	<tmdb>company/movies/5556</tmdb>
</dir>

<dir>
	<title>Universal Cartoon Studios</title>
	<tmdb>company/movies/4285</tmdb>
</dir>

<dir>
	<title>Walt Disney Animation Studios</title>
	<tmdb>company/movies/6125</tmdb>
</dir>

<dir>
	<title>Walt Disney Productions</title>
	<tmdb>company/movies/3166</tmdb>
</dir>

<dir>
	<title>Warner Bros. Animation</title>
	<tmdb>company/movies/2785</tmdb>
</dir>


</xml>