<xml>

<dir>
	<title>Animation Movies Genre</title>
	<tmdb>genre/movies/16</tmdb>
</dir>

<dir>
	<title>Family Movies Genre</title>
	<tmdb>genre/movies/10751</tmdb>
</dir>

<dir>
	<title>DC Animated Movies</title>
	<tmdb>list/62764</tmdb>
</dir>

<dir>
	<title>Marvel Animated Movies</title>
	<tmdb>list/62905</tmdb>
</dir>

<dir>
	<title>Kids Boxsets</title>
	<link>file://shared/boxsets-kids.xml</link>
</dir>

<dir>
	<title>Movie Productions</title>
	<link>file://shared/movie-production.xml</link>
</dir>


</xml>
