<xml>

<plugin>
    <title>Clear Cache</title>
    <link>plugin://plugin.video.toontopia/?mode=clearCache</link>
    <thumbnail>special://home/addons/plugin.video.toontopia/resources/images/icons/Settings.png</thumbnail>
</plugin>

<item>
	<title>Pair Up</title>
	<pairwith>pairlist</pairwith>
	<thumbnail>special://home/addons/plugin.video.toontopia/resources/images/icons/Quicktools.png</thumbnail>
</item>

<item>
	<title>Pair Openload</title>
	<pairwith>openload</pairwith>
	<thumbnail>special://home/addons/plugin.video.toontopia/resources/images/icons/Quicktools.png</thumbnail>
</item>


</xml>
