<item>
	<title>Darkest Hour (2017)</title>
	<meta>
		<content>movie</content>
		<imdb>tt4555426</imdb>
		<title>Darkest Hour</title>
		<year>2017</year>
	</meta>
	<link>
		<sublink>search</sublink>
		<sublink>searchsd</sublink>
	</link>
	<thumbnail>https://ia.media-imdb.com/images/M/MV5BNTU4MjMwOTgyMV5BMl5BanBnXkFtZTgwODQzNjY2NDM@._V1_SY1000_SX800_AL_.jpg</thumbnail>
	<fanart/>
</item>
<item>
	<title>Dunkirk (2017)</title>
	<meta>
		<content>movie</content>
		<imdb>tt5013056</imdb>
		<title>Dunkirk</title>
		<year>2017</year>
	</meta>
	<link>
		<sublink>search</sublink>
		<sublink>searchsd</sublink>
	</link>
	<thumbnail>https://ia.media-imdb.com/images/M/MV5BN2YyZjQ0NTEtNzU5MS00NGZkLTg0MTEtYzJmMWY3MWRhZjM2XkEyXkFqcGdeQXVyMDA4NzMyOA@@._V1_SY1000_SX800_AL_.jpg</thumbnail>
	<fanart/>
</item>
<item>
	<title>Paul, Apostle of Christ (2018)</title>
	<meta>
		<content>movie</content>
		<imdb>tt7388562</imdb>
		<title>Paul, Apostle of Christ</title>
		<year>2018</year>
	</meta>
	<link>
		<sublink>search</sublink>
		<sublink>searchsd</sublink>
	</link>
	<thumbnail>https://ia.media-imdb.com/images/M/MV5BMWRkYTQ4NzctMDAwYS00NmE3LWI5NzUtMTMzNTQ0MDgwOWI1XkEyXkFqcGdeQXVyODQyOTY2OTA@._V1_SY1000_SX800_AL_.jpg</thumbnail>
	<fanart/>
</item>
<item>
	<title>The Irishman (2019)</title>
	<meta>
		<content>movie</content>
		<imdb>tt1302006</imdb>
		<title>The Irishman</title>
		<year>2019</year>
	</meta>
	<link>
		<sublink>search</sublink>
		<sublink>searchsd</sublink>
	</link>
	<thumbnail>https://ia.media-imdb.com/images/M/MV5BZjcyMmYwZTUtMzVjZi00YjI5LWEwNDktNDQ1ZGY2M2FlYTBiXkEyXkFqcGdeQXVyMzE3OTk0NjQ@._V1_UY98_CR2,0,67,98_AL_.jpg</thumbnail>
	<fanart/>
</item>
<item>
	<title>12 Strong (2018)</title>
	<meta>
		<content>movie</content>
		<imdb>tt1413492</imdb>
		<title>12 Strong</title>
		<year>2018</year>
	</meta>
	<link>
		<sublink>search</sublink>
		<sublink>searchsd</sublink>
	</link>
	<thumbnail>https://ia.media-imdb.com/images/M/MV5BNTEzMjk3NzkxMV5BMl5BanBnXkFtZTgwNjY2NDczNDM@._V1_SY1000_SX800_AL_.jpg</thumbnail>
	<fanart/>
</item>
<item>
	<title>The Post (2017)</title>
	<meta>
		<content>movie</content>
		<imdb>tt6294822</imdb>
		<title>The Post</title>
		<year>2017</year>
	</meta>
	<link>
		<sublink>search</sublink>
		<sublink>searchsd</sublink>
	</link>
	<thumbnail>https://ia.media-imdb.com/images/M/MV5BMjQyMjEwOTIwNV5BMl5BanBnXkFtZTgwOTkzNTMxNDM@._V1_SY1000_SX800_AL_.jpg</thumbnail>
	<fanart/>
</item>
<item>
	<title>The Danish Girl (2015)</title>
	<meta>
		<content>movie</content>
		<imdb>tt0810819</imdb>
		<title>The Danish Girl</title>
		<year>2015</year>
	</meta>
	<link>
		<sublink>search</sublink>
		<sublink>searchsd</sublink>
	</link>
	<thumbnail>https://ia.media-imdb.com/images/M/MV5BMjA0NjA4NjE2Nl5BMl5BanBnXkFtZTgwNzIxNTY2NjE@._V1_SY1000_SX800_AL_.jpg</thumbnail>
	<fanart/>
</item>
<item>
	<title>Hacksaw Ridge (2016)</title>
	<meta>
		<content>movie</content>
		<imdb>tt2119532</imdb>
		<title>Hacksaw Ridge</title>
		<year>2016</year>
	</meta>
	<link>
		<sublink>search</sublink>
		<sublink>searchsd</sublink>
	</link>
	<thumbnail>https://ia.media-imdb.com/images/M/MV5BMjQ1NjM3MTUxNV5BMl5BanBnXkFtZTgwMDc5MTY5OTE@._V1_SY1000_SX800_AL_.jpg</thumbnail>
	<fanart/>
</item>
<item>
	<title>American Made (2017)</title>
	<meta>
		<content>movie</content>
		<imdb>tt3532216</imdb>
		<title>American Made</title>
		<year>2017</year>
	</meta>
	<link>
		<sublink>search</sublink>
		<sublink>searchsd</sublink>
	</link>
	<thumbnail>https://ia.media-imdb.com/images/M/MV5BMTUxNzUwMjk1Nl5BMl5BanBnXkFtZTgwNDkwODI1MjI@._V1_SY1000_SX800_AL_.jpg</thumbnail>
	<fanart/>
</item>
<item>
	<title>Schindler's List (1993)</title>
	<meta>
		<content>movie</content>
		<imdb>tt0108052</imdb>
		<title>Schindler's List</title>
		<year>1993</year>
	</meta>
	<link>
		<sublink>search</sublink>
		<sublink>searchsd</sublink>
	</link>
	<thumbnail>https://ia.media-imdb.com/images/M/MV5BNDE4OTMxMTctNmRhYy00NWE2LTg3YzItYTk3M2UwOTU5Njg4XkEyXkFqcGdeQXVyNjU0OTQ0OTY@._V1_SY1000_SX800_AL_.jpg</thumbnail>
	<fanart/>
</item>
<item>
	<title>Chappaquiddick (2017)</title>
	<meta>
		<content>movie</content>
		<imdb>tt5270948</imdb>
		<title>Chappaquiddick</title>
		<year>2017</year>
	</meta>
	<link>
		<sublink>search</sublink>
		<sublink>searchsd</sublink>
	</link>
	<thumbnail>https://ia.media-imdb.com/images/M/MV5BMTU1ODM2Nzk1OV5BMl5BanBnXkFtZTgwMzA4MTc5NDM@._V1_SY1000_SX800_AL_.jpg</thumbnail>
	<fanart/>
</item>
<item>
	<title>Mary Queen of Scots (2018)</title>
	<meta>
		<content>movie</content>
		<imdb>tt2328900</imdb>
		<title>Mary Queen of Scots</title>
		<year>2018</year>
	</meta>
	<link>
		<sublink>search</sublink>
		<sublink>searchsd</sublink>
	</link>
	<thumbnail>https://ia.media-imdb.com/images/M/MV5BMTY4NTQ2MzcxNF5BMl5BanBnXkFtZTgwOTgwMjUyMzI@._V1_UY98_CR3,0,67,98_AL_.jpg</thumbnail>
	<fanart/>
</item>
<item>
	<title>The Revenant (2015)</title>
	<meta>
		<content>movie</content>
		<imdb>tt1663202</imdb>
		<title>The Revenant</title>
		<year>2015</year>
	</meta>
	<link>
		<sublink>search</sublink>
		<sublink>searchsd</sublink>
	</link>
	<thumbnail>https://ia.media-imdb.com/images/M/MV5BY2FmODc2N2QtYmY3MS00YTMwLWI2NGYtZWRmYWVkNjFjZmI0XkEyXkFqcGdeQXVyNTMxMjgxMzA@._V1_SY1000_SX800_AL_.jpg</thumbnail>
	<fanart/>
</item>
<item>
	<title>Hidden Figures (2016)</title>
	<meta>
		<content>movie</content>
		<imdb>tt4846340</imdb>
		<title>Hidden Figures</title>
		<year>2016</year>
	</meta>
	<link>
		<sublink>search</sublink>
		<sublink>searchsd</sublink>
	</link>
	<thumbnail>https://ia.media-imdb.com/images/M/MV5BMzg2Mzg4YmUtNDdkNy00NWY1LWE3NmEtZWMwNGNlMzE5YzU3XkEyXkFqcGdeQXVyMjA5MTIzMjQ@._V1_SY1000_SX800_AL_.jpg</thumbnail>
	<fanart/>
</item>
<item>
	<title>Troy (2004)</title>
	<meta>
		<content>movie</content>
		<imdb>tt0332452</imdb>
		<title>Troy</title>
		<year>2004</year>
	</meta>
	<link>
		<sublink>search</sublink>
		<sublink>searchsd</sublink>
	</link>
	<thumbnail>https://ia.media-imdb.com/images/M/MV5BMTk5MzU1MDMwMF5BMl5BanBnXkFtZTcwNjczODMzMw@@._V1_SY1000_SX800_AL_.jpg</thumbnail>
	<fanart/>
</item>
<item>
	<title>Gone with the Wind (1939)</title>
	<meta>
		<content>movie</content>
		<imdb>tt0031381</imdb>
		<title>Gone with the Wind</title>
		<year>1939</year>
	</meta>
	<link>
		<sublink>search</sublink>
		<sublink>searchsd</sublink>
	</link>
	<thumbnail>https://ia.media-imdb.com/images/M/MV5BYWQwOWVkMGItMDU2Yy00YjIzLWJkMjEtNmVkZjE3MjMwYzEzXkEyXkFqcGdeQXVyNjU0OTQ0OTY@._V1_SY1000_SX800_AL_.jpg</thumbnail>
	<fanart/>
</item>
<item>
	<title>Patriots Day (2016)</title>
	<meta>
		<content>movie</content>
		<imdb>tt4572514</imdb>
		<title>Patriots Day</title>
		<year>2016</year>
	</meta>
	<link>
		<sublink>search</sublink>
		<sublink>searchsd</sublink>
	</link>
	<thumbnail>https://ia.media-imdb.com/images/M/MV5BODYxMDc0NTg2Nl5BMl5BanBnXkFtZTgwNjY0NDYzOTE@._V1_SY1000_SX800_AL_.jpg</thumbnail>
	<fanart/>
</item>
<item>
	<title>Les Misérables (2012)</title>
	<meta>
		<content>movie</content>
		<imdb>tt1707386</imdb>
		<title>Les Misérables</title>
		<year>2012</year>
	</meta>
	<link>
		<sublink>search</sublink>
		<sublink>searchsd</sublink>
	</link>
	<thumbnail>https://ia.media-imdb.com/images/M/MV5BMTQ4NDI3NDg4M15BMl5BanBnXkFtZTcwMjY5OTI1OA@@._V1_SY1000_SX800_AL_.jpg</thumbnail>
	<fanart/>
</item>
<item>
	<title>Spotlight (I) (2015)</title>
	<meta>
		<content>movie</content>
		<imdb>tt1895587</imdb>
		<title>Spotlight</title>
		<year>I 2015</year>
	</meta>
	<link>
		<sublink>search</sublink>
		<sublink>searchsd</sublink>
	</link>
	<thumbnail>https://ia.media-imdb.com/images/M/MV5BMjIyOTM5OTIzNV5BMl5BanBnXkFtZTgwMDkzODE2NjE@._V1_SY1000_SX800_AL_.jpg</thumbnail>
	<fanart/>
</item>
<item>
	<title>Lincoln (2012)</title>
	<meta>
		<content>movie</content>
		<imdb>tt0443272</imdb>
		<title>Lincoln</title>
		<year>2012</year>
	</meta>
	<link>
		<sublink>search</sublink>
		<sublink>searchsd</sublink>
	</link>
	<thumbnail>https://ia.media-imdb.com/images/M/MV5BMTQzNzczMDUyNV5BMl5BanBnXkFtZTcwNjM2ODEzOA@@._V1_SY1000_SX800_AL_.jpg</thumbnail>
	<fanart/>
</item>
<item>
	<title>The Imitation Game (2014)</title>
	<meta>
		<content>movie</content>
		<imdb>tt2084970</imdb>
		<title>The Imitation Game</title>
		<year>2014</year>
	</meta>
	<link>
		<sublink>search</sublink>
		<sublink>searchsd</sublink>
	</link>
	<thumbnail>https://ia.media-imdb.com/images/M/MV5BOTgwMzFiMWYtZDhlNS00ODNkLWJiODAtZDVhNzgyNzJhYjQ4L2ltYWdlXkEyXkFqcGdeQXVyNzEzOTYxNTQ@._V1_SY1000_SX800_AL_.jpg</thumbnail>
	<fanart/>
</item>
<item>
	<title>Braveheart (1995)</title>
	<meta>
		<content>movie</content>
		<imdb>tt0112573</imdb>
		<title>Braveheart</title>
		<year>1995</year>
	</meta>
	<link>
		<sublink>search</sublink>
		<sublink>searchsd</sublink>
	</link>
	<thumbnail>https://ia.media-imdb.com/images/M/MV5BMzkzMmU0YTYtOWM3My00YzBmLWI0YzctOGYyNTkwMWE5MTJkXkEyXkFqcGdeQXVyNzkwMjQ5NzM@._V1_SY1000_SX800_AL_.jpg</thumbnail>
	<fanart/>
</item>
<item>
	<title>The Lost City of Z (2016)</title>
	<meta>
		<content>movie</content>
		<imdb>tt1212428</imdb>
		<title>The Lost City of Z</title>
		<year>2016</year>
	</meta>
	<link>
		<sublink>search</sublink>
		<sublink>searchsd</sublink>
	</link>
	<thumbnail>https://ia.media-imdb.com/images/M/MV5BMjQzNTk3MTkyNF5BMl5BanBnXkFtZTgwMDA2MDQzMTI@._V1_SY1000_SX800_AL_.jpg</thumbnail>
	<fanart/>
</item>
<item>
	<title>Straight Outta Compton (2015)</title>
	<meta>
		<content>movie</content>
		<imdb>tt1398426</imdb>
		<title>Straight Outta Compton</title>
		<year>2015</year>
	</meta>
	<link>
		<sublink>search</sublink>
		<sublink>searchsd</sublink>
	</link>
	<thumbnail>https://ia.media-imdb.com/images/M/MV5BMTA5MzkyMzIxNjJeQTJeQWpwZ15BbWU4MDU0MDk0OTUx._V1_UX67_CR0,0,67,98_AL_.jpg</thumbnail>
	<fanart/>
</item>
<item>
	<title>13 Hours (2016)</title>
	<meta>
		<content>movie</content>
		<imdb>tt4172430</imdb>
		<title>13 Hours</title>
		<year>2016</year>
	</meta>
	<link>
		<sublink>search</sublink>
		<sublink>searchsd</sublink>
	</link>
	<thumbnail>https://ia.media-imdb.com/images/M/MV5BYjY0OWVjMGQtNTIzZi00OGU5LWI4N2EtMGU0YzQ4OWM4ZmVhXkEyXkFqcGdeQXVyMTMxODk2OTU@._V1_SY1000_SX800_AL_.jpg</thumbnail>
	<fanart/>
</item>
<item>
	<title>The Big Short (2015)</title>
	<meta>
		<content>movie</content>
		<imdb>tt1596363</imdb>
		<title>The Big Short</title>
		<year>2015</year>
	</meta>
	<link>
		<sublink>search</sublink>
		<sublink>searchsd</sublink>
	</link>
	<thumbnail>https://ia.media-imdb.com/images/M/MV5BNDc4MThhN2EtZjMzNC00ZDJmLThiZTgtNThlY2UxZWMzNjdkXkEyXkFqcGdeQXVyNDk3NzU2MTQ@._V1_SY1000_SX800_AL_.jpg</thumbnail>
	<fanart/>
</item>
<item>
	<title>12 Years a Slave (2013)</title>
	<meta>
		<content>movie</content>
		<imdb>tt2024544</imdb>
		<title>12 Years a Slave</title>
		<year>2013</year>
	</meta>
	<link>
		<sublink>search</sublink>
		<sublink>searchsd</sublink>
	</link>
	<thumbnail>https://ia.media-imdb.com/images/M/MV5BZjFkOGNjZjAtMzZjNS00ZjI2LTkwNjEtOWQ3NzQzOTBlMDA5XkEyXkFqcGdeQXVyNzkwMjQ5NzM@._V1_SY1000_SX800_AL_.jpg</thumbnail>
	<fanart/>
</item>
<item>
	<title>First Man (2018)</title>
	<meta>
		<content>movie</content>
		<imdb>tt1213641</imdb>
		<title>First Man</title>
		<year>2018</year>
	</meta>
	<link>
		<sublink>search</sublink>
		<sublink>searchsd</sublink>
	</link>
	<thumbnail>https://ia.media-imdb.com/images/M/MV5BNDUyOWJlMzAtZWViNC00MDUzLWFjN2QtMGYzMjE0YjM4Y2VjXkEyXkFqcGdeQXVyNjAwODA4Mw@@._V1_UY98_CR12,0,67,98_AL_.jpg</thumbnail>
	<fanart/>
</item>
<item>
	<title>In the Heart of the Sea (2015)</title>
	<meta>
		<content>movie</content>
		<imdb>tt1390411</imdb>
		<title>In the Heart of the Sea</title>
		<year>2015</year>
	</meta>
	<link>
		<sublink>search</sublink>
		<sublink>searchsd</sublink>
	</link>
	<thumbnail>https://ia.media-imdb.com/images/M/MV5BMjA5NzUwODExM15BMl5BanBnXkFtZTgwNjM0MzE4NjE@._V1_SY1000_SX800_AL_.jpg</thumbnail>
	<fanart/>
</item>
<item>
	<title>The 15:17 to Paris (2018)</title>
	<meta>
		<content>movie</content>
		<imdb>tt6802308</imdb>
		<title>The 15:17 to Paris</title>
		<year>2018</year>
	</meta>
	<link>
		<sublink>search</sublink>
		<sublink>searchsd</sublink>
	</link>
	<thumbnail>https://ia.media-imdb.com/images/M/MV5BMTY0NjUzNjYwOV5BMl5BanBnXkFtZTgwMzY1MDM0NDM@._V1_SY1000_SX800_AL_.jpg</thumbnail>
	<fanart/>
</item>
<item>
	<title>Mark Felt: The Man Who Brought Down the White House (2017)</title>
	<meta>
		<content>movie</content>
		<imdb>tt5175450</imdb>
		<title>Mark Felt: The Man Who Brought Down the White House</title>
		<year>2017</year>
	</meta>
	<link>
		<sublink>search</sublink>
		<sublink>searchsd</sublink>
	</link>
	<thumbnail>https://ia.media-imdb.com/images/M/MV5BMjQzMDEwMjMyNF5BMl5BanBnXkFtZTgwNjA1NTA1MzI@._V1_SY1000_SX800_AL_.jpg</thumbnail>
	<fanart/>
</item>
<item>
	<title>Silence (I) (2016)</title>
	<meta>
		<content>movie</content>
		<imdb>tt0490215</imdb>
		<title>Silence</title>
		<year>I 2016</year>
	</meta>
	<link>
		<sublink>search</sublink>
		<sublink>searchsd</sublink>
	</link>
	<thumbnail>https://ia.media-imdb.com/images/M/MV5BMjY3OTk0NjA2NV5BMl5BanBnXkFtZTgwNTg3Mjc2MDI@._V1_SY1000_SX800_AL_.jpg</thumbnail>
	<fanart/>
</item>
<item>
	<title>Black Hawk Down (2001)</title>
	<meta>
		<content>movie</content>
		<imdb>tt0265086</imdb>
		<title>Black Hawk Down</title>
		<year>2001</year>
	</meta>
	<link>
		<sublink>search</sublink>
		<sublink>searchsd</sublink>
	</link>
	<thumbnail>https://ia.media-imdb.com/images/M/MV5BYWMwMzQxZjQtODM1YS00YmFiLTk1YjQtNzNiYWY1MDE4NTdiXkEyXkFqcGdeQXVyNDYyMDk5MTU@._V1_SY1000_SX800_AL_.jpg</thumbnail>
	<fanart/>
</item>
<item>
	<title>American Sniper (2014)</title>
	<meta>
		<content>movie</content>
		<imdb>tt2179136</imdb>
		<title>American Sniper</title>
		<year>2014</year>
	</meta>
	<link>
		<sublink>search</sublink>
		<sublink>searchsd</sublink>
	</link>
	<thumbnail>https://ia.media-imdb.com/images/M/MV5BMTkxNzI3ODI4Nl5BMl5BanBnXkFtZTgwMjkwMjY4MjE@._V1_SY1000_SX800_AL_.jpg</thumbnail>
	<fanart/>
</item>
<item>
	<title>Zodiac (2007)</title>
	<meta>
		<content>movie</content>
		<imdb>tt0443706</imdb>
		<title>Zodiac</title>
		<year>2007</year>
	</meta>
	<link>
		<sublink>search</sublink>
		<sublink>searchsd</sublink>
	</link>
	<thumbnail>https://ia.media-imdb.com/images/M/MV5BMTQxNjc2NzAwNF5BMl5BanBnXkFtZTcwMDg3NzMzMw@@._V1_SY1000_SX800_AL_.jpg</thumbnail>
	<fanart/>
</item>
<item>
	<title>Rush (I) (2013)</title>
	<meta>
		<content>movie</content>
		<imdb>tt1979320</imdb>
		<title>Rush</title>
		<year>I 2013</year>
	</meta>
	<link>
		<sublink>search</sublink>
		<sublink>searchsd</sublink>
	</link>
	<thumbnail>https://ia.media-imdb.com/images/M/MV5BOWEwODJmZDItYTNmZC00OGM4LThlNDktOTQzZjIzMGQxODA4XkEyXkFqcGdeQXVyNjU0OTQ0OTY@._V1_SY1000_SX800_AL_.jpg</thumbnail>
	<fanart/>
</item>
<item>
	<title>The Founder (2016)</title>
	<meta>
		<content>movie</content>
		<imdb>tt4276820</imdb>
		<title>The Founder</title>
		<year>2016</year>
	</meta>
	<link>
		<sublink>search</sublink>
		<sublink>searchsd</sublink>
	</link>
	<thumbnail>https://ia.media-imdb.com/images/M/MV5BMzExNDg0MDk1M15BMl5BanBnXkFtZTgwNzE1Mjg0MDI@._V1_SY1000_SX800_AL_.jpg</thumbnail>
	<fanart/>
</item>
<item>
	<title>The Stanford Prison Experiment (2015)</title>
	<meta>
		<content>movie</content>
		<imdb>tt0420293</imdb>
		<title>The Stanford Prison Experiment</title>
		<year>2015</year>
	</meta>
	<link>
		<sublink>search</sublink>
		<sublink>searchsd</sublink>
	</link>
	<thumbnail>https://ia.media-imdb.com/images/M/MV5BMTUyNDIyMTA4NV5BMl5BanBnXkFtZTgwODM2MDMxNjE@._V1_SY1000_SX800_AL_.jpg</thumbnail>
	<fanart/>
</item>
<item>
	<title>Tombstone (1993)</title>
	<meta>
		<content>movie</content>
		<imdb>tt0108358</imdb>
		<title>Tombstone</title>
		<year>1993</year>
	</meta>
	<link>
		<sublink>search</sublink>
		<sublink>searchsd</sublink>
	</link>
	<thumbnail>https://ia.media-imdb.com/images/M/MV5BMTQ3NzYwMjAyNV5BMl5BanBnXkFtZTgwMjk0NzQxMTE@._V1_SY1000_SX800_AL_.jpg</thumbnail>
	<fanart/>
</item>
<item>
	<title>Churchill (2017)</title>
	<meta>
		<content>movie</content>
		<imdb>tt2674454</imdb>
		<title>Churchill</title>
		<year>2017</year>
	</meta>
	<link>
		<sublink>search</sublink>
		<sublink>searchsd</sublink>
	</link>
	<thumbnail>https://ia.media-imdb.com/images/M/MV5BZGYyN2IyMzctZGNiMi00Y2VmLWFjNGItYTk3NzdkNDAwYTUyXkEyXkFqcGdeQXVyNzY1NzQ2MDk@._V1_SY1000_SX800_AL_.jpg</thumbnail>
	<fanart/>
</item>
<item>
	<title>Bridge of Spies (2015)</title>
	<meta>
		<content>movie</content>
		<imdb>tt3682448</imdb>
		<title>Bridge of Spies</title>
		<year>2015</year>
	</meta>
	<link>
		<sublink>search</sublink>
		<sublink>searchsd</sublink>
	</link>
	<thumbnail>https://ia.media-imdb.com/images/M/MV5BMjIxOTI0MjU5NV5BMl5BanBnXkFtZTgwNzM4OTk4NTE@._V1_SY1000_SX800_AL_.jpg</thumbnail>
	<fanart/>
</item>
<item>
	<title>The Hurt Locker (2008)</title>
	<meta>
		<content>movie</content>
		<imdb>tt0887912</imdb>
		<title>The Hurt Locker</title>
		<year>2008</year>
	</meta>
	<link>
		<sublink>search</sublink>
		<sublink>searchsd</sublink>
	</link>
	<thumbnail>https://ia.media-imdb.com/images/M/MV5BNzEwNzQ1NjczM15BMl5BanBnXkFtZTcwNTk3MTE1Mg@@._V1_SY1000_SX800_AL_.jpg</thumbnail>
	<fanart/>
</item>
<item>
	<title>Downfall (2004)</title>
	<meta>
		<content>movie</content>
		<imdb>tt0363163</imdb>
		<title>Downfall</title>
		<year>2004</year>
	</meta>
	<link>
		<sublink>search</sublink>
		<sublink>searchsd</sublink>
	</link>
	<thumbnail>https://ia.media-imdb.com/images/M/MV5BMGU0MDlmYjYtNWI3Yy00OWJiLTljZTItNjBlMjMwMWFkZDllXkEyXkFqcGdeQXVyMTMxODk2OTU@._V1_SY1000_SX800_AL_.jpg</thumbnail>
	<fanart/>
</item>
<item>
	<title>The Guernsey Literary and Potato Peel Pie Society (2018)</title>
	<meta>
		<content>movie</content>
		<imdb>tt1289403</imdb>
		<title>The Guernsey Literary and Potato Peel Pie Society</title>
		<year>2018</year>
	</meta>
	<link>
		<sublink>search</sublink>
		<sublink>searchsd</sublink>
	</link>
	<thumbnail>https://ia.media-imdb.com/images/M/MV5BMTk2NzczNTMxMF5BMl5BanBnXkFtZTgwODM5MzE5NDM@._V1_SY1000_SX800_AL_.jpg</thumbnail>
	<fanart/>
</item>
<item>
	<title>The Zookeeper's Wife (2017)</title>
	<meta>
		<content>movie</content>
		<imdb>tt1730768</imdb>
		<title>The Zookeeper's Wife</title>
		<year>2017</year>
	</meta>
	<link>
		<sublink>search</sublink>
		<sublink>searchsd</sublink>
	</link>
	<thumbnail>https://ia.media-imdb.com/images/M/MV5BNTY3YmZmYmMtZjc3Zi00N2VjLWE5ZGMtN2M0ODkzOGQ5M2UyL2ltYWdlL2ltYWdlXkEyXkFqcGdeQXVyNTk1MTQ3NDI@._V1_SY1000_SX800_AL_.jpg</thumbnail>
	<fanart/>
</item>
<item>
	<title>Caligula (1979)</title>
	<meta>
		<content>movie</content>
		<imdb>tt0080491</imdb>
		<title>Caligula</title>
		<year>1979</year>
	</meta>
	<link>
		<sublink>search</sublink>
		<sublink>searchsd</sublink>
	</link>
	<thumbnail>https://ia.media-imdb.com/images/M/MV5BNzk3YTgyYjQtYjI0Ny00MjFkLWJmNjYtZjM3YTVhN2FkYTI2XkEyXkFqcGdeQXVyMTE2OTg4Mjg@._V1_SY1000_SX800_AL_.jpg</thumbnail>
	<fanart/>
</item>
<item>
	<title>Amadeus (1984)</title>
	<meta>
		<content>movie</content>
		<imdb>tt0086879</imdb>
		<title>Amadeus</title>
		<year>1984</year>
	</meta>
	<link>
		<sublink>search</sublink>
		<sublink>searchsd</sublink>
	</link>
	<thumbnail>https://ia.media-imdb.com/images/M/MV5BMTg5NDkwMTk5N15BMl5BanBnXkFtZTYwODg3MDk2._V1_UX67_CR0,0,67,98_AL_.jpg</thumbnail>
	<fanart/>
</item>
<item>
	<title>Victoria & Abdul (2017)</title>
	<meta>
		<content>movie</content>
		<imdb>tt5816682</imdb>
		<title>Victoria & Abdul</title>
		<year>2017</year>
	</meta>
	<link>
		<sublink>search</sublink>
		<sublink>searchsd</sublink>
	</link>
	<thumbnail>https://ia.media-imdb.com/images/M/MV5BMjA4NzY1NTQ1Nl5BMl5BanBnXkFtZTgwMTM3NTY0MjI@._V1_SY1000_SX800_AL_.jpg</thumbnail>
	<fanart/>
</item>
<item>
	<title>Kingdom of Heaven (2005)</title>
	<meta>
		<content>movie</content>
		<imdb>tt0320661</imdb>
		<title>Kingdom of Heaven</title>
		<year>2005</year>
	</meta>
	<link>
		<sublink>search</sublink>
		<sublink>searchsd</sublink>
	</link>
	<thumbnail>https://ia.media-imdb.com/images/M/MV5BMjE2MTIwNjg0MV5BMl5BanBnXkFtZTcwNjAxODIzMw@@._V1_SY1000_SX800_AL_.jpg</thumbnail>
	<fanart/>
</item>
<item>
	<title>Pearl Harbor (2001)</title>
	<meta>
		<content>movie</content>
		<imdb>tt0213149</imdb>
		<title>Pearl Harbor</title>
		<year>2001</year>
	</meta>
	<link>
		<sublink>search</sublink>
		<sublink>searchsd</sublink>
	</link>
	<thumbnail>https://ia.media-imdb.com/images/M/MV5BMTQ3MDc0MDc1NF5BMl5BanBnXkFtZTYwODI1ODY2._V1_UX67_CR0,0,67,98_AL_.jpg</thumbnail>
	<fanart/>
</item>
<dir>
	<title>[COLOR white]Next Page >>[/COLOR]</title>
	<imdburl>http://www.imdb.com/search/title?title_type=feature&genres=history&groups=top_250/items&page=2&ref_=adv_nxt</imdburl>
	<thumbnail>https://image.ibb.co/gtsNjw/next.png</thumbnail>
</dir>
