<item>
	<title>Star Wars</title>
	<meta>
		<imdb>tt0076759</imdb>
		<content>movie</content>
		<title>Star Wars</title>
		<year>1977</year>
	</meta>
	<link>
		<sublink>search</sublink>
		<sublink>searchsd</sublink>
	</link>
	<thumbnail>https://image.tmdb.org/t/p/w1280//btTdmkgIvOi0FFip1sPuZI2oQG6.jpg</thumbnail>
	<fanart>https://image.tmdb.org/t/p/w1280//4iJfYYoQzZcONB9hNzg0J0wWyPH.jpg</fanart>
</item>
<item>
	<title>The Empire Strikes Back</title>
	<meta>
		<imdb>tt0080684</imdb>
		<content>movie</content>
		<title>The Empire Strikes Back</title>
		<year>1980</year>
	</meta>
	<link>
		<sublink>search</sublink>
		<sublink>searchsd</sublink>
	</link>
	<thumbnail>https://image.tmdb.org/t/p/w1280//6u1fYtxG5eqjhtCPDx04pJphQRW.jpg</thumbnail>
	<fanart>https://image.tmdb.org/t/p/w1280//amYkOxCwHiVTFKendcIW0rSrRlU.jpg</fanart>
</item>
<item>
	<title>Return of the Jedi</title>
	<meta>
		<imdb>tt0086190</imdb>
		<content>movie</content>
		<title>Return of the Jedi</title>
		<year>1983</year>
	</meta>
	<link>
		<sublink>search</sublink>
		<sublink>searchsd</sublink>
	</link>
	<thumbnail>https://image.tmdb.org/t/p/w1280//jx5p0aHlbPXqe3AH9G15NvmWaqQ.jpg</thumbnail>
	<fanart>https://image.tmdb.org/t/p/w1280//koE7aMeR2ATivI18mCbscLsI0Nm.jpg</fanart>
</item>
<item>
	<title>Star Wars: Episode I - The Phantom Menace</title>
	<meta>
		<imdb>tt0120915</imdb>
		<content>movie</content>
		<title>Star Wars: Episode I - The Phantom Menace</title>
		<year>1999</year>
	</meta>
	<link>
		<sublink>search</sublink>
		<sublink>searchsd</sublink>
	</link>
	<thumbnail>https://image.tmdb.org/t/p/w1280//n8V09dDc02KsSN6Q4hC2BX6hN8X.jpg</thumbnail>
	<fanart>https://image.tmdb.org/t/p/w1280//v6lRzOActebITc9rizhNAdwQR1O.jpg</fanart>
</item>
<item>
	<title>Star Wars: Episode II - Attack of the Clones</title>
	<meta>
		<imdb>tt0121765</imdb>
		<content>movie</content>
		<title>Star Wars: Episode II - Attack of the Clones</title>
		<year>2002</year>
	</meta>
	<link>
		<sublink>search</sublink>
		<sublink>searchsd</sublink>
	</link>
	<thumbnail>https://image.tmdb.org/t/p/w1280//2vcNFtrZXNwIcBgH5e2xXCmVR8t.jpg</thumbnail>
	<fanart>https://image.tmdb.org/t/p/w1280//1Slt26IGf2XHqv8xjEJ7LMZqCYb.jpg</fanart>
</item>
<item>
	<title>Star Wars: Episode III - Revenge of the Sith</title>
	<meta>
		<imdb>tt0121766</imdb>
		<content>movie</content>
		<title>Star Wars: Episode III - Revenge of the Sith</title>
		<year>2005</year>
	</meta>
	<link>
		<sublink>search</sublink>
		<sublink>searchsd</sublink>
	</link>
	<thumbnail>https://image.tmdb.org/t/p/w1280//tgr5Pdy7ehZYBqBkN2K7Q02xgOb.jpg</thumbnail>
	<fanart>https://image.tmdb.org/t/p/w1280//wUYTfFbfPiZC6Lcyt1nonr69ZmK.jpg</fanart>
</item>
<item>
	<title>Star Wars: The Force Awakens</title>
	<meta>
		<imdb>tt2488496</imdb>
		<content>movie</content>
		<title>Star Wars: The Force Awakens</title>
		<year>2015</year>
	</meta>
	<link>
		<sublink>search</sublink>
		<sublink>searchsd</sublink>
	</link>
	<thumbnail>https://image.tmdb.org/t/p/w1280//weUSwMdQIa3NaXVzwUoIIcAi85d.jpg</thumbnail>
	<fanart>https://image.tmdb.org/t/p/w1280//njv65RTipNSTozFLuF85jL0bcQe.jpg</fanart>
</item>
<item>
	<title>Rogue One: A Star Wars Story</title>
	<meta>
		<imdb>tt3748528</imdb>
		<content>movie</content>
		<title>Rogue One: A Star Wars Story</title>
		<year>2016</year>
	</meta>
	<link>
		<sublink>search</sublink>
		<sublink>searchsd</sublink>
	</link>
	<thumbnail>https://image.tmdb.org/t/p/w1280//qjiskwlV1qQzRCjpV0cL9pEMF9a.jpg</thumbnail>
	<fanart>https://image.tmdb.org/t/p/w1280//tZjVVIYXACV4IIIhXeIM59ytqwS.jpg</fanart>
</item>
<item>
	<title>Star Wars: The Last Jedi</title>
	<meta>
		<imdb>tt2527336</imdb>
		<content>movie</content>
		<title>Star Wars: The Last Jedi</title>
		<year>2017</year>
	</meta>
	<link>
		<sublink>search</sublink>
		<sublink>searchsd</sublink>
	</link>
	<thumbnail>https://image.tmdb.org/t/p/w1280//kOVEVeg59E0wsnXmF9nrh6OmWII.jpg</thumbnail>
	<fanart>https://image.tmdb.org/t/p/w1280//bIUaCtWaRgd78SnoHJDI8TNf7Sd.jpg</fanart>
</item>
<item>
	<title>Solo: A Star Wars Story</title>
	<meta>
		<imdb>tt3778644</imdb>
		<content>movie</content>
		<title>Solo: A Star Wars Story</title>
		<year>2018</year>
	</meta>
	<link>
		<sublink>search</sublink>
		<sublink>searchsd</sublink>
	</link>
	<thumbnail>https://image.tmdb.org/t/p/w1280//3IGbjc5ZC5yxim5W0sFING2kdcz.jpg</thumbnail>
	<fanart>https://image.tmdb.org/t/p/w1280//96B1qMN9RxrAFu6uikwFhQ6N6J9.jpg</fanart>
</item>
<item>
	<title>Star Wars: Episode IX</title>
	<meta>
		<imdb>tt2527338</imdb>
		<content>movie</content>
		<title>Star Wars: Episode IX</title>
		<year>2019</year>
	</meta>
	<link>
		<sublink>search</sublink>
		<sublink>searchsd</sublink>
	</link>
	<thumbnail>https://image.tmdb.org/t/p/w1280//yVYTFvIiKyr6vsrPw3o5C6t2eoL.jpg</thumbnail>
	<fanart>https://image.tmdb.org/t/p/w1280//i0NGCiMxL4NIVk2hhjtVgnNYZ3a.jpg</fanart>
</item>
