<?xml version="1.0" encoding="UTF-8" standalone="yes"?>
<addon id="script.module.resistance" name="resistance Module" version="7.6.6.6" provider-name="scarecrow">
	<requires>
		<import addon="xbmc.python" version="2.1.0" />
		<import addon="script.module.beautifulsoup4"/>
		<import addon="script.module.simplejson"/>
		<import addon="script.module.python.koding.aio" version="0.9.6.6" />
		<import addon="script.module.requests" version="2.9.1" />
		<import addon="script.module.xmltodict" version="0.9.0" />
	</requires>
	<extension point="xbmc.python.module" library="lib" />
	<extension point="xbmc.addon.metadata">
		<platform>all</platform>
		<summary lang="en">resistance</summary>
	</extension>
</addon>
