<?xml version="1.0" encoding="UTF-8" standalone="yes"?>
<addon id="plugin.video.monstermunch"
       name="[COLOR green][B] Monster[/COLOR] [COLOR red]Munch[/B][/COLOR]"
       version="3.7"
       provider-name="Steptoe">
  <requires>
    <import addon="xbmc.python" version="2.1.0"/>
    <import addon="script.module.t0mm0.common" version="2.0.0"/>
    <import addon="script.module.beautifulsoup" version="3.2.1"/>
    <import addon="script.module.simple.downloader" version="0.9.4"/>
    <import addon="script.module.beautifulsoup4" />
    <import addon="script.module.simple.downloader" version="0.9.4"/>
    <import addon="script.module.requests" />
    <import addon="script.module.httplib2" />
    <import addon="script.module.youtube.dl" optional="true"/>
    <import addon="plugin.video.youtube" version="3.0.0"/>
    <import addon="script.module.urlresolver" optional="true"/>
    <import addon="script.module.simplejson" /> 
    <import addon="script.common.plugin.cache" version="2.5.2"/>
    <import addon="script.module.metahandler" version="2.5.1"/>
    <import addon="script.module.python.koding.aio" version="0.0.1"/>
    <import addon="script.module.bybmodules"  version="0.0.0.1"/>
    <import addon="script.module.resolveurl" version="5.0.07"/>
    <import addon="script.module.dateutil" version="2.5.3"/>
    <import addon="script.module.universalscrapers" version="1.0.9"/>
    <import addon="repository.steptoes" />
  </requires>
  <extension point="xbmc.python.pluginsource" library="default.py">
    <provides>video</provides>
  </extension>
  <extension point="xbmc.addon.metadata">
    <summary lang="en">Monster Munch Movies And More!</summary>
        <description lang="en">Monster Munch</description>
        <disclaimer lang="en">The author is not responsible for the use of this addon. The author is not responsible for the content found using this addon. The author does not host or own any content found within this addon.[CR]The author is in no way affiliated with Kodi, Team Kodi, or the XBMC Foundation.[CR]This is a Non-profit resource, organized solely for educational purposes which is protected under the Fair-Use doctrine of the Copyright Act, Specifically section 107, which does promote freedom of expression, by permitting the unlicensed use of copyright-protected works.</disclaimer>
        <platform>all</platform>
  </extension>
</addon>

