<xml>

<dir>
	<title>Latest Releases (Short List)</title>
	<toonnova>main/updates/0</toonnova>
</dir>

<dir>
	<title>Latest Releases (Full List)</title>
	<toonnova>TNdaily-updates</toonnova>
</dir>

<dir>
	<title>Popular Series (Short List)</title>
	<toonnova>main/popular_series/0</toonnova>
</dir>

<dir>
	<title>Popular Series (Full List)</title>
	<toonnova>popular-cartoon</toonnova>
</dir>

<dir>
	<title>Cartoons</title>
	<toonnova>category/cartoon</toonnova>
</dir>

<dir>
	<title>Movies</title>
	<toonnova>category/movies</toonnova>
</dir>

<dir>
	<title>Search</title>
	<toonnova>TNsearch</toonnova>
</dir>


</xml>