<xml>

<plugin>
	<title>Adventure</title>
	<link>plugin://script.extendedinfo/?info=filtered&amp;type=movie&amp;filters=%5B%7B%27typelabel%27%3A+u%27Genres%27%2C+%27type%27%3A+%27with_genres%27%2C+%27id%27%3A+%2712%27%2C+%27label%27%3A+u%27Adventure%27%7D%5D&amp;label=Movies+-+%5BCOLOR+FFAAAAAA%5DGenres%3A%5B%2FCOLOR%5D+Adventure+-+%5BCOLOR+FFAAAAAA%5DOrder+by%3A%5B%2FCOLOR%5D+popularity+descending+-+%5BCOLOR+FFAAAAAA%5Dpage%3A%5B%2FCOLOR%5D+1&amp;sort=popularity&amp;sort_label=Sort+by%3A+Popularity&amp;order=desc&amp;page=1&amp;url=movie%3Fsort_by%3Dpopularity.desc%26with_genres%3D12%26language%3Den%26page%3D1</link>
</plugin>

<plugin>
	<title>Animation</title>
	<link>plugin://script.extendedinfo/?info=filtered&amp;type=movie&amp;filters=%5B%7B%27typelabel%27%3A+u%27Genres%27%2C+%27type%27%3A+%27with_genres%27%2C+%27id%27%3A+%2716%27%2C+%27label%27%3A+u%27Animation%27%7D%5D&amp;label=Movies+-+%5BCOLOR+FFAAAAAA%5DGenres%3A%5B%2FCOLOR%5D+Animation+-+%5BCOLOR+FFAAAAAA%5DOrder+by%3A%5B%2FCOLOR%5D+popularity+descending+-+%5BCOLOR+FFAAAAAA%5Dpage%3A%5B%2FCOLOR%5D+1&amp;sort=popularity&amp;sort_label=Sort+by%3A+Popularity&amp;order=desc&amp;page=1&amp;url=movie%3Fsort_by%3Dpopularity.desc%26with_genres%3D16%26language%3Den%26page%3D1</link>
</plugin>

<plugin>
	<title>Animation Shows</title>
	<link>plugin://script.extendedinfo/?info=filtered&amp;type=tv&amp;filters=%5B%7B%27typelabel%27%3A+u%27Genres%27%2C+%27type%27%3A+%27with_genres%27%2C+%27id%27%3A+%2716%27%2C+%27label%27%3A+u%27Animation%27%7D%5D&amp;label=TV+shows+-+%5BCOLOR+FFAAAAAA%5DGenres%3A%5B%2FCOLOR%5D+Animation+-+%5BCOLOR+FFAAAAAA%5DOrder+by%3A%5B%2FCOLOR%5D+popularity+descending+-+%5BCOLOR+FFAAAAAA%5Dpage%3A%5B%2FCOLOR%5D+1&amp;sort=popularity&amp;sort_label=Sort+by%3A+Popularity&amp;order=desc&amp;page=1&amp;url=tv%3Fsort_by%3Dpopularity.desc%26with_genres%3D16%26language%3Den%26page%3D1</link>
</plugin>

<plugin>
	<title>Comedy</title>
	<link>plugin://script.extendedinfo/?info=filtered&amp;type=movie&amp;filters=%5B%7B%27typelabel%27%3A+u%27Genres%27%2C+%27type%27%3A+%27with_genres%27%2C+%27id%27%3A+%2735%27%2C+%27label%27%3A+u%27Comedy%27%7D%5D&amp;label=Movies+-+%5BCOLOR+FFAAAAAA%5DGenres%3A%5B%2FCOLOR%5D+Comedy+-+%5BCOLOR+FFAAAAAA%5DOrder+by%3A%5B%2FCOLOR%5D+popularity+descending+-+%5BCOLOR+FFAAAAAA%5Dpage%3A%5B%2FCOLOR%5D+1&amp;sort=popularity&amp;sort_label=Sort+by%3A+Popularity&amp;order=desc&amp;page=1&amp;url=movie%3Fsort_by%3Dpopularity.desc%26with_genres%3D35%26language%3Den%26page%3D1</link>
</plugin>

<plugin>
	<title>Crime</title>
	<link>plugin://script.extendedinfo/?info=filtered&amp;type=movie&amp;filters=%5B%7B%27typelabel%27%3A+u%27Genres%27%2C+%27type%27%3A+%27with_genres%27%2C+%27id%27%3A+%2780%27%2C+%27label%27%3A+u%27Crime%27%7D%5D&amp;label=Movies+-+%5BCOLOR+FFAAAAAA%5DGenres%3A%5B%2FCOLOR%5D+Crime+-+%5BCOLOR+FFAAAAAA%5DOrder+by%3A%5B%2FCOLOR%5D+popularity+descending+-+%5BCOLOR+FFAAAAAA%5Dpage%3A%5B%2FCOLOR%5D+1&amp;sort=popularity&amp;sort_label=Sort+by%3A+Popularity&amp;order=desc&amp;page=1&amp;url=movie%3Fsort_by%3Dpopularity.desc%26with_genres%3D80%26language%3Den%26page%3D1</link>
</plugin>

<plugin>
	<title>Documentary</title>
	<link>plugin://script.extendedinfo/?info=filtered&amp;type=tv&amp;filters=%5B%7B%27typelabel%27%3A+u%27Genres%27%2C+%27type%27%3A+%27with_genres%27%2C+%27id%27%3A+%2799%27%2C+%27label%27%3A+u%27Documentary%27%7D%5D&amp;label=TV+shows+-+%5BCOLOR+FFAAAAAA%5DGenres%3A%5B%2FCOLOR%5D+Documentary+-+%5BCOLOR+FFAAAAAA%5DOrder+by%3A%5B%2FCOLOR%5D+popularity+descending+-+%5BCOLOR+FFAAAAAA%5Dpage%3A%5B%2FCOLOR%5D+1&amp;sort=popularity&amp;sort_label=Sort+by%3A+Popularity&amp;order=desc&amp;page=1&amp;url=tv%3Fsort_by%3Dpopularity.desc%26with_genres%3D99%26language%3Den%26page%3D1</link>
</plugin>

<plugin>
	<title>Drama</title>
	<link>plugin://script.extendedinfo/?info=filtered&amp;type=movie&amp;filters=%5B%7B%27typelabel%27%3A+u%27Genres%27%2C+%27type%27%3A+%27with_genres%27%2C+%27id%27%3A+%2718%27%2C+%27label%27%3A+u%27Drama%27%7D%5D&amp;label=Movies+-+%5BCOLOR+FFAAAAAA%5DGenres%3A%5B%2FCOLOR%5D+Drama+-+%5BCOLOR+FFAAAAAA%5DOrder+by%3A%5B%2FCOLOR%5D+popularity+descending+-+%5BCOLOR+FFAAAAAA%5Dpage%3A%5B%2FCOLOR%5D+1&amp;sort=popularity&amp;sort_label=Sort+by%3A+Popularity&amp;order=desc&amp;page=1&amp;url=movie%3Fsort_by%3Dpopularity.desc%26with_genres%3D18%26language%3Den%26page%3D1</link>
</plugin>

<plugin>
	<title>Family</title>
	<link>plugin://script.extendedinfo/?info=filtered&amp;type=movie&amp;filters=%5B%7B%27typelabel%27%3A+u%27Genres%27%2C+%27type%27%3A+%27with_genres%27%2C+%27id%27%3A+%2710751%27%2C+%27label%27%3A+u%27Family%27%7D%5D&amp;label=Movies+-+%5BCOLOR+FFAAAAAA%5DGenres%3A%5B%2FCOLOR%5D+Family+-+%5BCOLOR+FFAAAAAA%5DOrder+by%3A%5B%2FCOLOR%5D+popularity+descending+-+%5BCOLOR+FFAAAAAA%5Dpage%3A%5B%2FCOLOR%5D+1&amp;sort=popularity&amp;sort_label=Sort+by%3A+Popularity&amp;order=desc&amp;page=1&amp;url=movie%3Fsort_by%3Dpopularity.desc%26with_genres%3D10751%26language%3Den%26page%3D1</link>
</plugin>

<plugin>
	<title>Fantasy</title>
	<link>plugin://script.extendedinfo/?info=filtered&amp;type=movie&amp;filters=%5B%7B%27typelabel%27%3A+u%27Genres%27%2C+%27type%27%3A+%27with_genres%27%2C+%27id%27%3A+%2714%27%2C+%27label%27%3A+u%27Fantasy%27%7D%5D&amp;label=Movies+-+%5BCOLOR+FFAAAAAA%5DGenres%3A%5B%2FCOLOR%5D+Fantasy+-+%5BCOLOR+FFAAAAAA%5DOrder+by%3A%5B%2FCOLOR%5D+popularity+descending+-+%5BCOLOR+FFAAAAAA%5Dpage%3A%5B%2FCOLOR%5D+1&amp;sort=popularity&amp;sort_label=Sort+by%3A+Popularity&amp;order=desc&amp;page=1&amp;url=movie%3Fsort_by%3Dpopularity.desc%26with_genres%3D14%26language%3Den%26page%3D1</link>
</plugin>

<plugin>
	<title>History</title>
	<link>plugin://script.extendedinfo/?info=filtered&amp;type=movie&amp;filters=%5B%7B%27typelabel%27%3A+u%27Genres%27%2C+%27type%27%3A+%27with_genres%27%2C+%27id%27%3A+%2736%27%2C+%27label%27%3A+u%27History%27%7D%5D&amp;label=Movies+-+%5BCOLOR+FFAAAAAA%5DGenres%3A%5B%2FCOLOR%5D+History+-+%5BCOLOR+FFAAAAAA%5DOrder+by%3A%5B%2FCOLOR%5D+popularity+descending+-+%5BCOLOR+FFAAAAAA%5Dpage%3A%5B%2FCOLOR%5D+1&amp;sort=popularity&amp;sort_label=Sort+by%3A+Popularity&amp;order=desc&amp;page=1&amp;url=movie%3Fsort_by%3Dpopularity.desc%26with_genres%3D36%26language%3Den%26page%3D1</link>
</plugin>

<plugin>
	<title>Horror</title>
	<link>plugin://script.extendedinfo/?info=filtered&amp;type=movie&amp;filters=%5B%7B%27typelabel%27%3A+u%27Genres%27%2C+%27type%27%3A+%27with_genres%27%2C+%27id%27%3A+%2727%27%2C+%27label%27%3A+u%27Horror%27%7D%5D&amp;label=Movies+-+%5BCOLOR+FFAAAAAA%5DGenres%3A%5B%2FCOLOR%5D+Horror+-+%5BCOLOR+FFAAAAAA%5DOrder+by%3A%5B%2FCOLOR%5D+popularity+descending+-+%5BCOLOR+FFAAAAAA%5Dpage%3A%5B%2FCOLOR%5D+1&amp;sort=popularity&amp;sort_label=Sort+by%3A+Popularity&amp;order=desc&amp;page=1&amp;url=movie%3Fsort_by%3Dpopularity.desc%26with_genres%3D27%26language%3Den%26page%3D1</link>
</plugin>

<plugin>
	<title>Kids</title>
	<link>plugin://script.extendedinfo/?info=filtered&amp;type=movie&amp;filters=%5B%7B%27typelabel%27%3A+u%27Genres%27%2C+%27type%27%3A+%27with_genres%27%2C+%27id%27%3A+%2728%2C16%27%2C+%27label%27%3A+u%27Action%2CAnimation%27%7D%5D&amp;label=Movies+-+%5BCOLOR+FFAAAAAA%5DGenres%3A%5B%2FCOLOR%5D+Action+%2B+Animation+-+%5BCOLOR+FFAAAAAA%5DOrder+by%3A%5B%2FCOLOR%5D+popularity+descending+-+%5BCOLOR+FFAAAAAA%5Dpage%3A%5B%2FCOLOR%5D+1&amp;sort=popularity&amp;sort_label=Sort+by%3A+Sort+by%3A+Popularity&amp;order=desc&amp;page=1&amp;url=movie%3Fsort_by%3Dpopularity.desc%26with_genres%3D28%2C16%26language%3Den%26page%3D1</link>
</plugin>

<plugin>
	<title>Music</title>
	<link>plugin://script.extendedinfo/?info=filtered&amp;type=movie&amp;filters=%5B%7B%27typelabel%27%3A+u%27Genres%27%2C+%27type%27%3A+%27with_genres%27%2C+%27id%27%3A+%2710402%27%2C+%27label%27%3A+u%27Music%27%7D%5D&amp;label=Movies+-+%5BCOLOR+FFAAAAAA%5DGenres%3A%5B%2FCOLOR%5D+Music+-+%5BCOLOR+FFAAAAAA%5DOrder+by%3A%5B%2FCOLOR%5D+popularity+descending+-+%5BCOLOR+FFAAAAAA%5Dpage%3A%5B%2FCOLOR%5D+1&amp;sort=popularity&amp;sort_label=Sort+by%3A+Popularity&amp;order=desc&amp;page=1&amp;url=movie%3Fsort_by%3Dpopularity.desc%26with_genres%3D10402%26language%3Den%26page%3D1</link>
</plugin>

<plugin>
	<title>Mystery</title>
	<link>plugin://script.extendedinfo/?info=filtered&amp;type=movie&amp;filters=%5B%7B%27typelabel%27%3A+u%27Genres%27%2C+%27type%27%3A+%27with_genres%27%2C+%27id%27%3A+%279648%27%2C+%27label%27%3A+u%27Mystery%27%7D%5D&amp;label=Movies+-+%5BCOLOR+FFAAAAAA%5DGenres%3A%5B%2FCOLOR%5D+Mystery+-+%5BCOLOR+FFAAAAAA%5DOrder+by%3A%5B%2FCOLOR%5D+popularity+descending+-+%5BCOLOR+FFAAAAAA%5Dpage%3A%5B%2FCOLOR%5D+1&amp;sort=popularity&amp;sort_label=Sort+by%3A+Popularity&amp;order=desc&amp;page=1&amp;url=movie%3Fsort_by%3Dpopularity.desc%26with_genres%3D9648%26language%3Den%26page%3D1</link>
</plugin>

<plugin>
	<title>Romance</title>
	<link>plugin://script.extendedinfo/?info=filtered&amp;type=movie&amp;filters=%5B%7B%27typelabel%27%3A+u%27Genres%27%2C+%27type%27%3A+%27with_genres%27%2C+%27id%27%3A+%2710749%27%2C+%27label%27%3A+u%27Romance%27%7D%5D&amp;label=Movies+-+%5BCOLOR+FFAAAAAA%5DGenres%3A%5B%2FCOLOR%5D+Romance+-+%5BCOLOR+FFAAAAAA%5DOrder+by%3A%5B%2FCOLOR%5D+popularity+descending+-+%5BCOLOR+FFAAAAAA%5Dpage%3A%5B%2FCOLOR%5D+1&amp;sort=popularity&amp;sort_label=Sort+by%3A+Popularity&amp;order=desc&amp;page=1&amp;url=movie%3Fsort_by%3Dpopularity.desc%26with_genres%3D10749%26language%3Den%26page%3D1</link>
</plugin>

<plugin>
	<title>Science Fiction</title>
	<link>plugin://script.extendedinfo/?info=filtered&amp;type=movie&amp;filters=%5B%7B%27typelabel%27%3A+u%27Genres%27%2C+%27type%27%3A+%27with_genres%27%2C+%27id%27%3A+%27878%27%2C+%27label%27%3A+u%27Science+Fiction%27%7D%5D&amp;label=Movies+-+%5BCOLOR+FFAAAAAA%5DGenres%3A%5B%2FCOLOR%5D+Science+Fiction+-+%5BCOLOR+FFAAAAAA%5DOrder+by%3A%5B%2FCOLOR%5D+popularity+descending+-+%5BCOLOR+FFAAAAAA%5Dpage%3A%5B%2FCOLOR%5D+1&amp;sort=popularity&amp;sort_label=Sort+by%3A+Popularity&amp;order=desc&amp;page=1&amp;url=movie%3Fsort_by%3Dpopularity.desc%26with_genres%3D878%26language%3Den%26page%3D1</link>
</plugin>

<plugin>
	<title>TV Movie</title>
	<link>plugin://script.extendedinfo/?info=filtered&amp;type=movie&amp;filters=%5B%7B%27typelabel%27%3A+u%27Genres%27%2C+%27type%27%3A+%27with_genres%27%2C+%27id%27%3A+%2710770%27%2C+%27label%27%3A+u%27TV+Movie%27%7D%5D&amp;label=Movies+-+%5BCOLOR+FFAAAAAA%5DGenres%3A%5B%2FCOLOR%5D+TV+Movie+-+%5BCOLOR+FFAAAAAA%5DOrder+by%3A%5B%2FCOLOR%5D+popularity+descending+-+%5BCOLOR+FFAAAAAA%5Dpage%3A%5B%2FCOLOR%5D+1&amp;sort=popularity&amp;sort_label=Sort+by%3A+Popularity&amp;order=desc&amp;page=1&amp;url=movie%3Fsort_by%3Dpopularity.desc%26with_genres%3D10770%26language%3Den%26page%3D1</link>
</plugin>

<plugin>
	<title>Thriller</title>
	<link>plugin://script.extendedinfo/?info=filtered&amp;type=movie&amp;filters=%5B%7B%27typelabel%27%3A+u%27Genres%27%2C+%27type%27%3A+%27with_genres%27%2C+%27id%27%3A+%2753%27%2C+%27label%27%3A+u%27Thriller%27%7D%5D&amp;label=Movies+-+%5BCOLOR+FFAAAAAA%5DGenres%3A%5B%2FCOLOR%5D+Thriller+-+%5BCOLOR+FFAAAAAA%5DOrder+by%3A%5B%2FCOLOR%5D+popularity+descending+-+%5BCOLOR+FFAAAAAA%5Dpage%3A%5B%2FCOLOR%5D+1&amp;sort=popularity&amp;sort_label=Sort+by%3A+Popularity&amp;order=desc&amp;page=1&amp;url=movie%3Fsort_by%3Dpopularity.desc%26with_genres%3D53%26language%3Den%26page%3D1</link>
</plugin>

<plugin>
	<title>War</title>
	<link>plugin://script.extendedinfo/?info=filtered&amp;type=movie&amp;filters=%5B%7B%27typelabel%27%3A+u%27Genres%27%2C+%27type%27%3A+%27with_genres%27%2C+%27id%27%3A+%2710752%27%2C+%27label%27%3A+u%27War%27%7D%5D&amp;label=Movies+-+%5BCOLOR+FFAAAAAA%5DGenres%3A%5B%2FCOLOR%5D+War+-+%5BCOLOR+FFAAAAAA%5DOrder+by%3A%5B%2FCOLOR%5D+popularity+descending+-+%5BCOLOR+FFAAAAAA%5Dpage%3A%5B%2FCOLOR%5D+1&amp;sort=popularity&amp;sort_label=Sort+by%3A+Popularity&amp;order=desc&amp;page=1&amp;url=movie%3Fsort_by%3Dpopularity.desc%26with_genres%3D10752%26language%3Den%26page%3D1</link>
</plugin>

<plugin>
	<title>Western</title>
	<link>plugin://script.extendedinfo/?info=filtered&amp;type=movie&amp;filters=%5B%7B%27typelabel%27%3A+u%27Genres%27%2C+%27type%27%3A+%27with_genres%27%2C+%27id%27%3A+%2737%27%2C+%27label%27%3A+u%27Western%27%7D%5D&amp;label=Movies+-+%5BCOLOR+FFAAAAAA%5DGenres%3A%5B%2FCOLOR%5D+Western+-+%5BCOLOR+FFAAAAAA%5DOrder+by%3A%5B%2FCOLOR%5D+popularity+descending+-+%5BCOLOR+FFAAAAAA%5Dpage%3A%5B%2FCOLOR%5D+1&amp;sort=popularity&amp;sort_label=Sort+by%3A+Popularity&amp;order=desc&amp;page=1&amp;url=movie%3Fsort_by%3Dpopularity.desc%26with_genres%3D37%26language%3Den%26page%3D1</link>
</plugin>


</xml>
