<item>
	<title>Den of Thieves</title>
	<meta>
		<content>movie</content>
		<imdb>tt1259528</imdb>
		<title>Den of Thieves</title>
		<year>2018</year>
	</meta>
	<link>
		<sublink>search</sublink>
		<sublink>searchsd</sublink>
	</link>
	<thumbnail>https://image.tmdb.org/t/p/w1280//onnxOne4EVdpqtuTpEBtD1I8tdJ.jpg</thumbnail>
	<fanart>https://image.tmdb.org/t/p/w1280//s3FDBLH4qc1IcjexB05Qvbn3wxO.jpg</fanart>
</item>
<item>
	<title>The Shape of Water</title>
	<meta>
		<content>movie</content>
		<imdb>tt5580390</imdb>
		<title>The Shape of Water</title>
		<year>2017</year>
	</meta>
	<link>
		<sublink>search</sublink>
		<sublink>searchsd</sublink>
	</link>
	<thumbnail>https://image.tmdb.org/t/p/w1280//k4FwHlMhuRR5BISY2Gm2QZHlH5Q.jpg</thumbnail>
	<fanart>https://image.tmdb.org/t/p/w1280//rgyhSn3mINvkuy9iswZK0VLqQO3.jpg</fanart>
</item>
<item>
	<title>Blade Runner 2049</title>
	<meta>
		<content>movie</content>
		<imdb>tt1856101</imdb>
		<title>Blade Runner 2049</title>
		<year>2017</year>
	</meta>
	<link>
		<sublink>search</sublink>
		<sublink>searchsd</sublink>
	</link>
	<thumbnail>https://image.tmdb.org/t/p/w1280//gajva2L0rPYkEWjzgFlBXCAVBE5.jpg</thumbnail>
	<fanart>https://image.tmdb.org/t/p/w1280//zfWPeRgYpRjPZLGwwkfnTfaFnNh.jpg</fanart>
</item>
<item>
	<title>It</title>
	<meta>
		<content>movie</content>
		<imdb>tt1396484</imdb>
		<title>It</title>
		<year>2017</year>
	</meta>
	<link>
		<sublink>search</sublink>
		<sublink>searchsd</sublink>
	</link>
	<thumbnail>https://image.tmdb.org/t/p/w1280//9E2y5Q7WlCVNEhP5GiVTjhEhx1o.jpg</thumbnail>
	<fanart>https://image.tmdb.org/t/p/w1280//tcheoA2nPATCm2vvXw2hVQoaEFD.jpg</fanart>
</item>
<item>
	<title>Paid in Full</title>
	<meta>
		<content>movie</content>
		<imdb>tt0259484</imdb>
		<title>Paid in Full</title>
		<year>2002</year>
	</meta>
	<link>
		<sublink>search</sublink>
		<sublink>searchsd</sublink>
	</link>
	<thumbnail>https://image.tmdb.org/t/p/w1280//k8hSrpnoQe8OFd10BljdYF0m1Wi.jpg</thumbnail>
	<fanart>https://image.tmdb.org/t/p/w1280//wCbhLdn0iuC6ulGHBo7idulOfef.jpg</fanart>
</item>
<item>
	<title>Scarface</title>
	<meta>
		<content>movie</content>
		<imdb>tt0086250</imdb>
		<title>Scarface</title>
		<year>1983</year>
	</meta>
	<link>
		<sublink>search</sublink>
		<sublink>searchsd</sublink>
	</link>
	<thumbnail>https://image.tmdb.org/t/p/w1280//zr2p353wrd6j3wjLgDT4TcaestB.jpg</thumbnail>
	<fanart>https://image.tmdb.org/t/p/w1280//51fjuzYoJKvGW43j32nBpWW6Tm1.jpg</fanart>
</item>
<item>
	<title>The Silence of the Lambs</title>
	<meta>
		<content>movie</content>
		<imdb>tt0102926</imdb>
		<title>The Silence of the Lambs</title>
		<year>1991</year>
	</meta>
	<link>
		<sublink>search</sublink>
		<sublink>searchsd</sublink>
	</link>
	<thumbnail>https://image.tmdb.org/t/p/w1280//qjAyTj2BSth1EQ89vNfo0JYVPFN.jpg</thumbnail>
	<fanart>https://image.tmdb.org/t/p/w1280//6IPmLUmer6yXrMrJuX9jY057GsH.jpg</fanart>
</item>
<item>
	<title>Red Dragon</title>
	<meta>
		<content>movie</content>
		<imdb>tt0289765</imdb>
		<title>Red Dragon</title>
		<year>2002</year>
	</meta>
	<link>
		<sublink>search</sublink>
		<sublink>searchsd</sublink>
	</link>
	<thumbnail>https://image.tmdb.org/t/p/w1280//sULs7GLEM2tqNBwE5ac5d6FRlBR.jpg</thumbnail>
	<fanart>https://image.tmdb.org/t/p/w1280//A6IaXiSXJ1nWBtM2YVIc0V8fIZv.jpg</fanart>
</item>
<item>
	<title>American History X</title>
	<meta>
		<content>movie</content>
		<imdb>tt0120586</imdb>
		<title>American History X</title>
		<year>1998</year>
	</meta>
	<link>
		<sublink>search</sublink>
		<sublink>searchsd</sublink>
	</link>
	<thumbnail>https://image.tmdb.org/t/p/w1280//fXepRAYOx1qC3wju7XdDGx60775.jpg</thumbnail>
	<fanart>https://image.tmdb.org/t/p/w1280//i9A0UMFg1hI2kLyCCwnmSbpT2cd.jpg</fanart>
</item>
<item>
	<title>Donnie Darko</title>
	<meta>
		<content>movie</content>
		<imdb>tt0246578</imdb>
		<title>Donnie Darko</title>
		<year>2001</year>
	</meta>
	<link>
		<sublink>search</sublink>
		<sublink>searchsd</sublink>
	</link>
	<thumbnail>https://image.tmdb.org/t/p/w1280//nmb4QhCRmdfNP6rgb81yUFgI83l.jpg</thumbnail>
	<fanart>https://image.tmdb.org/t/p/w1280//mqMGZIMKg2tGEkcuSduAxWAL7UF.jpg</fanart>
</item>
<item>
	<title>Ex Machina</title>
	<meta>
		<content>movie</content>
		<imdb>tt0470752</imdb>
		<title>Ex Machina</title>
		<year>2015</year>
	</meta>
	<link>
		<sublink>search</sublink>
		<sublink>searchsd</sublink>
	</link>
	<thumbnail>https://image.tmdb.org/t/p/w1280//btbRB7BrD887j5NrvjxceRDmaot.jpg</thumbnail>
	<fanart>https://image.tmdb.org/t/p/w1280//9X3cDZb4GYGQeOnZHLwMcCFz2Ro.jpg</fanart>
</item>
<item>
	<title>Dark City</title>
	<meta>
		<content>movie</content>
		<imdb>tt0118929</imdb>
		<title>Dark City</title>
		<year>1998</year>
	</meta>
	<link>
		<sublink>search</sublink>
		<sublink>searchsd</sublink>
	</link>
	<thumbnail>https://image.tmdb.org/t/p/w1280//yR7rapBFxBoBT0vkZQIXhLBr726.jpg</thumbnail>
	<fanart>https://image.tmdb.org/t/p/w1280//rIWui0S2ugwTWlhna6CTS3RYW9q.jpg</fanart>
</item>
<item>
	<title>Split</title>
	<meta>
		<content>movie</content>
		<imdb>tt4972582</imdb>
		<title>Split</title>
		<year>2017</year>
	</meta>
	<link>
		<sublink>search</sublink>
		<sublink>searchsd</sublink>
	</link>
	<thumbnail>https://image.tmdb.org/t/p/w1280//rXMWOZiCt6eMX22jWuTOSdQ98bY.jpg</thumbnail>
	<fanart>https://image.tmdb.org/t/p/w1280//4G6FNNLSIVrwSRZyFs91hQ3lZtD.jpg</fanart>
</item>
<item>
	<title>Clockers</title>
	<meta>
		<content>movie</content>
		<imdb>tt0112688</imdb>
		<title>Clockers</title>
		<year>1995</year>
	</meta>
	<link>
		<sublink>search</sublink>
		<sublink>searchsd</sublink>
	</link>
	<thumbnail>https://image.tmdb.org/t/p/w1280//c79uqLJleho2a7OQayfrW5Ypphf.jpg</thumbnail>
	<fanart>https://image.tmdb.org/t/p/w1280//cDtWJyPKdeZCDk0dZX2t61y3r0b.jpg</fanart>
</item>
<item>
	<title>Blow</title>
	<meta>
		<content>movie</content>
		<imdb>tt0221027</imdb>
		<title>Blow</title>
		<year>2001</year>
	</meta>
	<link>
		<sublink>search</sublink>
		<sublink>searchsd</sublink>
	</link>
	<thumbnail>https://image.tmdb.org/t/p/w1280//yCLLbZzAa7jreGus7pvjZmL0bj7.jpg</thumbnail>
	<fanart>https://image.tmdb.org/t/p/w1280//lVlzUCVxMZCMnZxwauBK92jBS2b.jpg</fanart>
</item>
<item>
	<title>Casino</title>
	<meta>
		<content>movie</content>
		<imdb>tt0112641</imdb>
		<title>Casino</title>
		<year>1995</year>
	</meta>
	<link>
		<sublink>search</sublink>
		<sublink>searchsd</sublink>
	</link>
	<thumbnail>https://image.tmdb.org/t/p/w1280//jC0dqpkRMwh3A1X2PHahTxOaLbp.jpg</thumbnail>
	<fanart>https://image.tmdb.org/t/p/w1280//eP41pD4YfyVOjdpEaTmoNrL9DGx.jpg</fanart>
</item>
<item>
	<title>Heat</title>
	<meta>
		<content>movie</content>
		<imdb>tt0113277</imdb>
		<title>Heat</title>
		<year>1995</year>
	</meta>
	<link>
		<sublink>search</sublink>
		<sublink>searchsd</sublink>
	</link>
	<thumbnail>https://image.tmdb.org/t/p/w1280//zMyfPUelumio3tiDKPffaUpsQTD.jpg</thumbnail>
	<fanart>https://image.tmdb.org/t/p/w1280//jMzVSwQp1lLVq9fnQQ4yOjr1YZ2.jpg</fanart>
</item>
<item>
	<title>GoodFellas</title>
	<meta>
		<content>movie</content>
		<imdb>tt0099685</imdb>
		<title>GoodFellas</title>
		<year>1990</year>
	</meta>
	<link>
		<sublink>search</sublink>
		<sublink>searchsd</sublink>
	</link>
	<thumbnail>https://image.tmdb.org/t/p/w1280//hAPeXBdGDGmXRPj4OZZ0poH65Iu.jpg</thumbnail>
	<fanart>https://image.tmdb.org/t/p/w1280//xDEOxA01480uLTWuvQCw61VmDBt.jpg</fanart>
</item>
<item>
	<title>Half Baked</title>
	<meta>
		<content>movie</content>
		<imdb>tt0120693</imdb>
		<title>Half Baked</title>
		<year>1998</year>
	</meta>
	<link>
		<sublink>search</sublink>
		<sublink>searchsd</sublink>
	</link>
	<thumbnail>https://image.tmdb.org/t/p/w1280//wSCuqYd2MXxhRE98cTH9Gz7DCGD.jpg</thumbnail>
	<fanart>https://image.tmdb.org/t/p/w1280//eV13Pdc86X8zGTlWqZYdqG7TpsO.jpg</fanart>
</item>
<item>
	<title>Hellraiser</title>
	<meta>
		<content>movie</content>
		<imdb>tt0093177</imdb>
		<title>Hellraiser</title>
		<year>1987</year>
	</meta>
	<link>
		<sublink>search</sublink>
		<sublink>searchsd</sublink>
	</link>
	<thumbnail>https://image.tmdb.org/t/p/w1280//4nfAhOTlfZUHNorHJXEib7GYFpp.jpg</thumbnail>
	<fanart>https://image.tmdb.org/t/p/w1280//jd7pIx2XnO8wRdPT5ncAjhFxNwL.jpg</fanart>
</item>
<item>
	<title>Kill Bill: Vol. 1</title>
	<meta>
		<content>movie</content>
		<imdb>tt0266697</imdb>
		<title>Kill Bill: Vol. 1</title>
		<year>2003</year>
	</meta>
	<link>
		<sublink>search</sublink>
		<sublink>searchsd</sublink>
	</link>
	<thumbnail>https://image.tmdb.org/t/p/w1280//97fNAi62HawGjWru7PvVmF7RAbU.jpg</thumbnail>
	<fanart>https://image.tmdb.org/t/p/w1280//kkS8PKa8c134vXsj2fQkNqOaCXU.jpg</fanart>
</item>
<item>
	<title>Kill Bill: Vol. 2</title>
	<meta>
		<content>movie</content>
		<imdb>tt0378194</imdb>
		<title>Kill Bill: Vol. 2</title>
		<year>2004</year>
	</meta>
	<link>
		<sublink>search</sublink>
		<sublink>searchsd</sublink>
	</link>
	<thumbnail>https://image.tmdb.org/t/p/w1280//au9lFA5a2ZnBKCzPbZQf00r7J64.jpg</thumbnail>
	<fanart>https://image.tmdb.org/t/p/w1280//33WfP01Pu8SMuuHYnoJXMRCMtmI.jpg</fanart>
</item>
<item>
	<title>House of Flying Daggers</title>
	<meta>
		<content>movie</content>
		<imdb>tt0385004</imdb>
		<title>House of Flying Daggers</title>
		<year>2004</year>
	</meta>
	<link>
		<sublink>search</sublink>
		<sublink>searchsd</sublink>
	</link>
	<thumbnail>https://image.tmdb.org/t/p/w1280//39XJExIXKyvSYQYvy1b5EsutjB8.jpg</thumbnail>
	<fanart>https://image.tmdb.org/t/p/w1280//sDkJqdbZpu6uAsS44mAPXxsh5og.jpg</fanart>
</item>
<item>
	<title>Hero</title>
	<meta>
		<content>movie</content>
		<imdb>tt0299977</imdb>
		<title>Hero</title>
		<year>2002</year>
	</meta>
	<link>
		<sublink>search</sublink>
		<sublink>searchsd</sublink>
	</link>
	<thumbnail>https://image.tmdb.org/t/p/w1280//xkJnow23eDxwQXB0iIWAWkBF47y.jpg</thumbnail>
	<fanart>https://image.tmdb.org/t/p/w1280//xC9DRxpKgqJKDYLa9mkNa74eX4q.jpg</fanart>
</item>
<item>
	<title>Crouching Tiger, Hidden Dragon</title>
	<meta>
		<content>movie</content>
		<imdb>tt0190332</imdb>
		<title>Crouching Tiger, Hidden Dragon</title>
		<year>2000</year>
	</meta>
	<link>
		<sublink>search</sublink>
		<sublink>searchsd</sublink>
	</link>
	<thumbnail>https://image.tmdb.org/t/p/w1280//3yYPhffQRuy45HlNabFxNLyP9mg.jpg</thumbnail>
	<fanart>https://image.tmdb.org/t/p/w1280//rMXQaQZbFkAZC9tNvH0ZK3FFOND.jpg</fanart>
</item>
<item>
	<title>Harold & Kumar Go to White Castle</title>
	<meta>
		<content>movie</content>
		<imdb>tt0366551</imdb>
		<title>Harold & Kumar Go to White Castle</title>
		<year>2004</year>
	</meta>
	<link>
		<sublink>search</sublink>
		<sublink>searchsd</sublink>
	</link>
	<thumbnail>https://image.tmdb.org/t/p/w1280//yVH2fsop0ZnjcaOgryqWBI1Psbm.jpg</thumbnail>
	<fanart>https://image.tmdb.org/t/p/w1280//6GZYxI1sn3iKxk5cgTBupn3n4y5.jpg</fanart>
</item>
<item>
	<title>The Island</title>
	<meta>
		<content>movie</content>
		<imdb>tt0399201</imdb>
		<title>The Island</title>
		<year>2005</year>
	</meta>
	<link>
		<sublink>search</sublink>
		<sublink>searchsd</sublink>
	</link>
	<thumbnail>https://image.tmdb.org/t/p/w1280//zE9OTe7JvcX1jyFXs0GEL2f3RkZ.jpg</thumbnail>
	<fanart>https://image.tmdb.org/t/p/w1280//7gckgf6lmlKsjtkmS8O0oT3iEev.jpg</fanart>
</item>
<item>
	<title>Shutter Island</title>
	<meta>
		<content>movie</content>
		<imdb>tt1130884</imdb>
		<title>Shutter Island</title>
		<year>2010</year>
	</meta>
	<link>
		<sublink>search</sublink>
		<sublink>searchsd</sublink>
	</link>
	<thumbnail>https://image.tmdb.org/t/p/w1280//zumLrxQmbpqhGcjpYcmZ1YXCCvI.jpg</thumbnail>
	<fanart>https://image.tmdb.org/t/p/w1280//fmLWuAfDPaUa3Vi5nO1YUUyZaX6.jpg</fanart>
</item>
<item>
	<title>Todd McFarlane's Spawn</title>
	<meta>
		<content>movie</content>
		<imdb>None</imdb>
		<title>Todd McFarlane's Spawn</title>
		<year>1997</year>
	</meta>
	<link>
		<sublink>search</sublink>
		<sublink>searchsd</sublink>
	</link>
	<thumbnail>https://image.tmdb.org/t/p/w1280//ii3dWDfunASUWOGMsryt0esh9Yg.jpg</thumbnail>
	<fanart>https://image.tmdb.org/t/p/w1280//yrxKIqZ5FdKP0tY9xfw5Hk4YXZq.jpg</fanart>
</item>
<item>
	<title>Todd McFarlane's Spawn 2</title>
	<meta>
		<content>movie</content>
		<imdb>tt4641828</imdb>
		<title>Todd McFarlane's Spawn 2</title>
		<year>1998</year>
	</meta>
	<link>
		<sublink>search</sublink>
		<sublink>searchsd</sublink>
	</link>
	<thumbnail>https://image.tmdb.org/t/p/w1280//31lcyhSClFu0ZEbiLsEcN1xa3I9.jpg</thumbnail>
	<fanart>https://image.tmdb.org/t/p/w1280//9jOB276oZ7N0ticiZ2pBSJlfAnG.jpg</fanart>
</item>
<item>
	<title>Training Day</title>
	<meta>
		<content>movie</content>
		<imdb>tt0139654</imdb>
		<title>Training Day</title>
		<year>2001</year>
	</meta>
	<link>
		<sublink>search</sublink>
		<sublink>searchsd</sublink>
	</link>
	<thumbnail>https://image.tmdb.org/t/p/w1280//sDT2biSB7wzBJdXq9o3ldr7VfvY.jpg</thumbnail>
	<fanart>https://image.tmdb.org/t/p/w1280//A1S9fBzc4Wepc6onnCd9eVR2FLp.jpg</fanart>
</item>
<item>
	<title>Kids</title>
	<meta>
		<content>movie</content>
		<imdb>tt0113540</imdb>
		<title>Kids</title>
		<year>1995</year>
	</meta>
	<link>
		<sublink>search</sublink>
		<sublink>searchsd</sublink>
	</link>
	<thumbnail>https://image.tmdb.org/t/p/w1280//gMuV7ORN8rRfQPMImby8KRGihO2.jpg</thumbnail>
	<fanart>https://image.tmdb.org/t/p/w1280//ybCWrXmlmTo0KKWMAe0Za0jAuyI.jpg</fanart>
</item>
<item>
	<title>The Show</title>
	<meta>
		<content>movie</content>
		<imdb>tt0114435</imdb>
		<title>The Show</title>
		<year>1995</year>
	</meta>
	<link>
		<sublink>search</sublink>
		<sublink>searchsd</sublink>
	</link>
	<thumbnail>https://image.tmdb.org/t/p/w1280//qUlVaRYuiMvr1R3ZBW6hpS9QB4h.jpg</thumbnail>
	<fanart/>
</item>
<item>
	<title>Oldboy</title>
	<meta>
		<content>movie</content>
		<imdb>tt0364569</imdb>
		<title>Oldboy</title>
		<year>2003</year>
	</meta>
	<link>
		<sublink>search</sublink>
		<sublink>searchsd</sublink>
	</link>
	<thumbnail>https://image.tmdb.org/t/p/w1280//rIZX6X0MIHYEebk6W4LABT9VP2c.jpg</thumbnail>
	<fanart>https://image.tmdb.org/t/p/w1280//qUxC2uJnHgGKq6Qvy4sYPxy0hoJ.jpg</fanart>
</item>
<item>
	<title>Ninja Assassin</title>
	<meta>
		<content>movie</content>
		<imdb>tt1186367</imdb>
		<title>Ninja Assassin</title>
		<year>2009</year>
	</meta>
	<link>
		<sublink>search</sublink>
		<sublink>searchsd</sublink>
	</link>
	<thumbnail>https://image.tmdb.org/t/p/w1280//k0Nu7HuUdnjfeNPR6YSY0PDH2et.jpg</thumbnail>
	<fanart>https://image.tmdb.org/t/p/w1280//kmKZVgUPqf9v4c0UitSZlDM3RPv.jpg</fanart>
</item>
<item>
	<title>The Prophecy</title>
	<meta>
		<content>movie</content>
		<imdb>tt0114194</imdb>
		<title>The Prophecy</title>
		<year>1995</year>
	</meta>
	<link>
		<sublink>search</sublink>
		<sublink>searchsd</sublink>
	</link>
	<thumbnail>https://image.tmdb.org/t/p/w1280//A3aYGp8LLxuFdzG2ETnhfbWPk7h.jpg</thumbnail>
	<fanart>https://image.tmdb.org/t/p/w1280//iysdHlouCC0E1AJUaWAfe6zxIQE.jpg</fanart>
</item>
<item>
	<title>Higher Learning</title>
	<meta>
		<content>movie</content>
		<imdb>tt0113305</imdb>
		<title>Higher Learning</title>
		<year>1995</year>
	</meta>
	<link>
		<sublink>search</sublink>
		<sublink>searchsd</sublink>
	</link>
	<thumbnail>https://image.tmdb.org/t/p/w1280//cLeOjovcDq9kULToHuoXa1xmvET.jpg</thumbnail>
	<fanart>https://image.tmdb.org/t/p/w1280//zYezCWo9f69VVVGC1sUspo8AvSM.jpg</fanart>
</item>
<dir>
	<title>Next Page >></title>
	<trakt>https://api.trakt.tv/users/t4rgetdummy/lists/digitals-favs/items?page=2</trakt>
	<summary>Go To Page 2</summary>
</dir>
