<item>
	<title>Hostiles (2017)</title>
	<meta>
		<content>movie</content>
		<imdb>tt5478478</imdb>
		<title>Hostiles</title>
		<year>2017</year>
	</meta>
	<link>
		<sublink>search</sublink>
		<sublink>searchsd</sublink>
	</link>
	<thumbnail>https://ia.media-imdb.com/images/M/MV5BNjFhZjM4ZDYtMGRjYi00Yzc2LWExYmEtMDQ3NzA4ODU4YTljXkEyXkFqcGdeQXVyNjkwMzU3NDI@._V1_SY1000_SX800_AL_.jpg</thumbnail>
	<fanart/>
</item>
<item>
	<title>The Hateful Eight (2015)</title>
	<meta>
		<content>movie</content>
		<imdb>tt3460252</imdb>
		<title>The Hateful Eight</title>
		<year>2015</year>
	</meta>
	<link>
		<sublink>search</sublink>
		<sublink>searchsd</sublink>
	</link>
	<thumbnail>https://ia.media-imdb.com/images/M/MV5BMjA1MTc1NTg5NV5BMl5BanBnXkFtZTgwOTM2MDEzNzE@._V1_SY1000_SX800_AL_.jpg</thumbnail>
	<fanart/>
</item>
<item>
	<title>The Revenant (2015)</title>
	<meta>
		<content>movie</content>
		<imdb>tt1663202</imdb>
		<title>The Revenant</title>
		<year>2015</year>
	</meta>
	<link>
		<sublink>search</sublink>
		<sublink>searchsd</sublink>
	</link>
	<thumbnail>https://ia.media-imdb.com/images/M/MV5BY2FmODc2N2QtYmY3MS00YTMwLWI2NGYtZWRmYWVkNjFjZmI0XkEyXkFqcGdeQXVyNTMxMjgxMzA@._V1_SY1000_SX800_AL_.jpg</thumbnail>
	<fanart/>
</item>
<item>
	<title>Django Unchained (2012)</title>
	<meta>
		<content>movie</content>
		<imdb>tt1853728</imdb>
		<title>Django Unchained</title>
		<year>2012</year>
	</meta>
	<link>
		<sublink>search</sublink>
		<sublink>searchsd</sublink>
	</link>
	<thumbnail>https://ia.media-imdb.com/images/M/MV5BMjIyNTQ5NjQ1OV5BMl5BanBnXkFtZTcwODg1MDU4OA@@._V1_SY1000_SX800_AL_.jpg</thumbnail>
	<fanart/>
</item>
<item>
	<title>The Dark Tower (2017)</title>
	<meta>
		<content>movie</content>
		<imdb>tt1648190</imdb>
		<title>The Dark Tower</title>
		<year>2017</year>
	</meta>
	<link>
		<sublink>search</sublink>
		<sublink>searchsd</sublink>
	</link>
	<thumbnail>https://ia.media-imdb.com/images/M/MV5BMTU3MjUwMzQ3MF5BMl5BanBnXkFtZTgwMjcwNjkxMjI@._V1_SY1000_SX800_AL_.jpg</thumbnail>
	<fanart/>
</item>
<item>
	<title>The Magnificent Seven (2016)</title>
	<meta>
		<content>movie</content>
		<imdb>tt2404435</imdb>
		<title>The Magnificent Seven</title>
		<year>2016</year>
	</meta>
	<link>
		<sublink>search</sublink>
		<sublink>searchsd</sublink>
	</link>
	<thumbnail>https://ia.media-imdb.com/images/M/MV5BMTUzNTc0NTAyM15BMl5BanBnXkFtZTgwMTk1ODA5OTE@._V1_SY1000_SX800_AL_.jpg</thumbnail>
	<fanart/>
</item>
<item>
	<title>Hell or High Water (II) (2016)</title>
	<meta>
		<content>movie</content>
		<imdb>tt2582782</imdb>
		<title>Hell or High Water</title>
		<year>II 2016</year>
	</meta>
	<link>
		<sublink>search</sublink>
		<sublink>searchsd</sublink>
	</link>
	<thumbnail>https://ia.media-imdb.com/images/M/MV5BMTg4NDA1OTA5NF5BMl5BanBnXkFtZTgwMDQ2MDM5ODE@._V1_SY1000_SX800_AL_.jpg</thumbnail>
	<fanart/>
</item>
<item>
	<title>The Good, the Bad and the Ugly (1966)</title>
	<meta>
		<content>movie</content>
		<imdb>tt0060196</imdb>
		<title>The Good, the Bad and the Ugly</title>
		<year>1966</year>
	</meta>
	<link>
		<sublink>search</sublink>
		<sublink>searchsd</sublink>
	</link>
	<thumbnail>https://ia.media-imdb.com/images/M/MV5BOTQ5NDI3MTI4MF5BMl5BanBnXkFtZTgwNDQ4ODE5MDE@._V1_SY1000_SX800_AL_.jpg</thumbnail>
	<fanart/>
</item>
<item>
	<title>True Grit (2010)</title>
	<meta>
		<content>movie</content>
		<imdb>tt1403865</imdb>
		<title>True Grit</title>
		<year>2010</year>
	</meta>
	<link>
		<sublink>search</sublink>
		<sublink>searchsd</sublink>
	</link>
	<thumbnail>https://ia.media-imdb.com/images/M/MV5BMjIxNjAzODQ0N15BMl5BanBnXkFtZTcwODY2MjMyNA@@._V1_SY1000_SX800_AL_.jpg</thumbnail>
	<fanart/>
</item>
<item>
	<title>Tombstone (1993)</title>
	<meta>
		<content>movie</content>
		<imdb>tt0108358</imdb>
		<title>Tombstone</title>
		<year>1993</year>
	</meta>
	<link>
		<sublink>search</sublink>
		<sublink>searchsd</sublink>
	</link>
	<thumbnail>https://ia.media-imdb.com/images/M/MV5BMTQ3NzYwMjAyNV5BMl5BanBnXkFtZTgwMjk0NzQxMTE@._V1_SY1000_SX800_AL_.jpg</thumbnail>
	<fanart/>
</item>
<item>
	<title>Bone Tomahawk (2015)</title>
	<meta>
		<content>movie</content>
		<imdb>tt2494362</imdb>
		<title>Bone Tomahawk</title>
		<year>2015</year>
	</meta>
	<link>
		<sublink>search</sublink>
		<sublink>searchsd</sublink>
	</link>
	<thumbnail>https://ia.media-imdb.com/images/M/MV5BMzQ0MzE4OTUzMF5BMl5BanBnXkFtZTgwODAyNzI3NjE@._V1_SY1000_SX800_AL_.jpg</thumbnail>
	<fanart/>
</item>
<item>
	<title>Brimstone (2016)</title>
	<meta>
		<content>movie</content>
		<imdb>tt1895315</imdb>
		<title>Brimstone</title>
		<year>2016</year>
	</meta>
	<link>
		<sublink>search</sublink>
		<sublink>searchsd</sublink>
	</link>
	<thumbnail>https://ia.media-imdb.com/images/M/MV5BNGU0Y2VkMDAtMTA0YS00YzU1LWEwNzMtZDM1MzFiNWZmMDRkXkEyXkFqcGdeQXVyMjU2OTAyMzQ@._V1_UY98_CR3,0,67,98_AL_.jpg</thumbnail>
	<fanart/>
</item>
<item>
	<title>The Ridiculous 6 (2015)</title>
	<meta>
		<content>movie</content>
		<imdb>tt2479478</imdb>
		<title>The Ridiculous 6</title>
		<year>2015</year>
	</meta>
	<link>
		<sublink>search</sublink>
		<sublink>searchsd</sublink>
	</link>
	<thumbnail>https://ia.media-imdb.com/images/M/MV5BMTY4NzMxMjUwOF5BMl5BanBnXkFtZTgwMDk1ODMxNzE@._V1_SY1000_SX800_AL_.jpg</thumbnail>
	<fanart/>
</item>
<item>
	<title>Cowboys & Aliens (2011)</title>
	<meta>
		<content>movie</content>
		<imdb>tt0409847</imdb>
		<title>Cowboys & Aliens</title>
		<year>2011</year>
	</meta>
	<link>
		<sublink>search</sublink>
		<sublink>searchsd</sublink>
	</link>
	<thumbnail>https://ia.media-imdb.com/images/M/MV5BMTM1MzkyNzQ3OV5BMl5BanBnXkFtZTcwMDk1NTg2NQ@@._V1_SY1000_SX800_AL_.jpg</thumbnail>
	<fanart/>
</item>
<item>
	<title>The Magnificent Seven (1960)</title>
	<meta>
		<content>movie</content>
		<imdb>tt0054047</imdb>
		<title>The Magnificent Seven</title>
		<year>1960</year>
	</meta>
	<link>
		<sublink>search</sublink>
		<sublink>searchsd</sublink>
	</link>
	<thumbnail>https://ia.media-imdb.com/images/M/MV5BMzYyNzU0MTM1OF5BMl5BanBnXkFtZTcwMzE1ODE1NA@@._V1_SY1000_SX800_AL_.jpg</thumbnail>
	<fanart/>
</item>
<item>
	<title>Unforgiven (1992)</title>
	<meta>
		<content>movie</content>
		<imdb>tt0105695</imdb>
		<title>Unforgiven</title>
		<year>1992</year>
	</meta>
	<link>
		<sublink>search</sublink>
		<sublink>searchsd</sublink>
	</link>
	<thumbnail>https://ia.media-imdb.com/images/M/MV5BODM3YWY4NmQtN2Y3Ni00OTg0LWFhZGQtZWE3ZWY4MTJlOWU4XkEyXkFqcGdeQXVyNjU0OTQ0OTY@._V1_SY1000_SX800_AL_.jpg</thumbnail>
	<fanart/>
</item>
<item>
	<title>The Lone Ranger (2013)</title>
	<meta>
		<content>movie</content>
		<imdb>tt1210819</imdb>
		<title>The Lone Ranger</title>
		<year>2013</year>
	</meta>
	<link>
		<sublink>search</sublink>
		<sublink>searchsd</sublink>
	</link>
	<thumbnail>https://ia.media-imdb.com/images/M/MV5BMjI3Mjk5MTUxOV5BMl5BanBnXkFtZTcwNTMyNzY3OQ@@._V1_SY1000_SX800_AL_.jpg</thumbnail>
	<fanart/>
</item>
<item>
	<title>Once Upon a Time in the West (1968)</title>
	<meta>
		<content>movie</content>
		<imdb>tt0064116</imdb>
		<title>Once Upon a Time in the West</title>
		<year>1968</year>
	</meta>
	<link>
		<sublink>search</sublink>
		<sublink>searchsd</sublink>
	</link>
	<thumbnail>https://ia.media-imdb.com/images/M/MV5BMTYxOTEwOTU0MV5BMl5BanBnXkFtZTgwNDc4NjQ3MTI@._V1_UY98_CR1,0,67,98_AL_.jpg</thumbnail>
	<fanart/>
</item>
<item>
	<title>3:10 to Yuma (2007)</title>
	<meta>
		<content>movie</content>
		<imdb>tt0381849</imdb>
		<title>3:10 to Yuma</title>
		<year>2007</year>
	</meta>
	<link>
		<sublink>search</sublink>
		<sublink>searchsd</sublink>
	</link>
	<thumbnail>https://ia.media-imdb.com/images/M/MV5BODE0NTcxNTQzNF5BMl5BanBnXkFtZTcwMzczOTIzMw@@._V1_SY1000_SX800_AL_.jpg</thumbnail>
	<fanart/>
</item>
<item>
	<title>Open Range (2003)</title>
	<meta>
		<content>movie</content>
		<imdb>tt0316356</imdb>
		<title>Open Range</title>
		<year>2003</year>
	</meta>
	<link>
		<sublink>search</sublink>
		<sublink>searchsd</sublink>
	</link>
	<thumbnail>https://ia.media-imdb.com/images/M/MV5BMTYyNjA4NTY3N15BMl5BanBnXkFtZTYwNjc0MDM3._V1_UX67_CR0,0,67,98_AL_.jpg</thumbnail>
	<fanart/>
</item>
<item>
	<title>Sweet Country (2017)</title>
	<meta>
		<content>movie</content>
		<imdb>tt6958212</imdb>
		<title>Sweet Country</title>
		<year>2017</year>
	</meta>
	<link>
		<sublink>search</sublink>
		<sublink>searchsd</sublink>
	</link>
	<thumbnail>https://ia.media-imdb.com/images/M/MV5BYjU1ODA3MTAtZTU3Mi00ODNmLWIyMjYtZjgzNjM2ZTcyZGNiXkEyXkFqcGdeQXVyNjgyMjE1MzI@._V1_SY1000_SX800_AL_.jpg</thumbnail>
	<fanart/>
</item>
<item>
	<title>Dances with Wolves (1990)</title>
	<meta>
		<content>movie</content>
		<imdb>tt0099348</imdb>
		<title>Dances with Wolves</title>
		<year>1990</year>
	</meta>
	<link>
		<sublink>search</sublink>
		<sublink>searchsd</sublink>
	</link>
	<thumbnail>https://ia.media-imdb.com/images/M/MV5BMTY3OTI5NDczN15BMl5BanBnXkFtZTcwNDA0NDY3Mw@@._V1_SY1000_SX800_AL_.jpg</thumbnail>
	<fanart/>
</item>
<item>
	<title>Legends of the Fall (1994)</title>
	<meta>
		<content>movie</content>
		<imdb>tt0110322</imdb>
		<title>Legends of the Fall</title>
		<year>1994</year>
	</meta>
	<link>
		<sublink>search</sublink>
		<sublink>searchsd</sublink>
	</link>
	<thumbnail>https://ia.media-imdb.com/images/M/MV5BMTYwMjYxNTAyN15BMl5BanBnXkFtZTgwMTc3MjkyMTE@._V1_SY1000_SX800_AL_.jpg</thumbnail>
	<fanart/>
</item>
<item>
	<title>A Million Ways to Die in the West (2014)</title>
	<meta>
		<content>movie</content>
		<imdb>tt2557490</imdb>
		<title>A Million Ways to Die in the West</title>
		<year>2014</year>
	</meta>
	<link>
		<sublink>search</sublink>
		<sublink>searchsd</sublink>
	</link>
	<thumbnail>https://ia.media-imdb.com/images/M/MV5BMTQ0NDcyNjg0MV5BMl5BanBnXkFtZTgwMzk4NTA4MTE@._V1_SY1000_SX800_AL_.jpg</thumbnail>
	<fanart/>
</item>
<item>
	<title>Heaven's Gate (1980)</title>
	<meta>
		<content>movie</content>
		<imdb>tt0080855</imdb>
		<title>Heaven's Gate</title>
		<year>1980</year>
	</meta>
	<link>
		<sublink>search</sublink>
		<sublink>searchsd</sublink>
	</link>
	<thumbnail>https://ia.media-imdb.com/images/M/MV5BMjAxNDE5MzQ5M15BMl5BanBnXkFtZTcwNTk3MTE3NA@@._V1_SY1000_SX800_AL_.jpg</thumbnail>
	<fanart/>
</item>
<item>
	<title>Blazing Saddles (1974)</title>
	<meta>
		<content>movie</content>
		<imdb>tt0071230</imdb>
		<title>Blazing Saddles</title>
		<year>1974</year>
	</meta>
	<link>
		<sublink>search</sublink>
		<sublink>searchsd</sublink>
	</link>
	<thumbnail>https://ia.media-imdb.com/images/M/MV5BZGZmMWE1MDYtNzAyNC00MDMzLTgzZjQtNTQ5NjYzN2E4MzkzXkEyXkFqcGdeQXVyNDk3NzU2MTQ@._V1_SY1000_SX800_AL_.jpg</thumbnail>
	<fanart/>
</item>
<item>
	<title>Westworld (1973)</title>
	<meta>
		<content>movie</content>
		<imdb>tt0070909</imdb>
		<title>Westworld</title>
		<year>1973</year>
	</meta>
	<link>
		<sublink>search</sublink>
		<sublink>searchsd</sublink>
	</link>
	<thumbnail>https://ia.media-imdb.com/images/M/MV5BMWY0NzM5MDAtYTg2NC00MDZjLTgwM2UtZjdiOTEzMjQ4MjU0L2ltYWdlXkEyXkFqcGdeQXVyNTAyODkwOQ@@._V1_SY1000_SX800_AL_.jpg</thumbnail>
	<fanart/>
</item>
<item>
	<title>The Ballad of Lefty Brown (2017)</title>
	<meta>
		<content>movie</content>
		<imdb>tt4400994</imdb>
		<title>The Ballad of Lefty Brown</title>
		<year>2017</year>
	</meta>
	<link>
		<sublink>search</sublink>
		<sublink>searchsd</sublink>
	</link>
	<thumbnail>https://ia.media-imdb.com/images/M/MV5BMTk0Nzg0NzU0Ml5BMl5BanBnXkFtZTgwOTkwMjY5MzI@._V1_SY1000_SX800_AL_.jpg</thumbnail>
	<fanart/>
</item>
<item>
	<title>Back to the Future Part III (1990)</title>
	<meta>
		<content>movie</content>
		<imdb>tt0099088</imdb>
		<title>Back to the Future Part III</title>
		<year>1990</year>
	</meta>
	<link>
		<sublink>search</sublink>
		<sublink>searchsd</sublink>
	</link>
	<thumbnail>https://ia.media-imdb.com/images/M/MV5BYjhlMGYxNmMtOWFmMi00Y2M2LWE5NWYtZTdlMDRlMGEzMDA3XkEyXkFqcGdeQXVyMTQxNzMzNDI@._V1_SY1000_SX800_AL_.jpg</thumbnail>
	<fanart/>
</item>
<item>
	<title>How the West Was Won (1962)</title>
	<meta>
		<content>movie</content>
		<imdb>tt0056085</imdb>
		<title>How the West Was Won</title>
		<year>1962</year>
	</meta>
	<link>
		<sublink>search</sublink>
		<sublink>searchsd</sublink>
	</link>
	<thumbnail>https://ia.media-imdb.com/images/M/MV5BNTk2NDk1NjY0MV5BMl5BanBnXkFtZTgwMzkzNTcxMTE@._V1_SY1000_SX800_AL_.jpg</thumbnail>
	<fanart/>
</item>
<item>
	<title>Rango (2011)</title>
	<meta>
		<content>movie</content>
		<imdb>tt1192628</imdb>
		<title>Rango</title>
		<year>2011</year>
	</meta>
	<link>
		<sublink>search</sublink>
		<sublink>searchsd</sublink>
	</link>
	<thumbnail>https://ia.media-imdb.com/images/M/MV5BMjE5ODg1NTk3OF5BMl5BanBnXkFtZTcwNzA5NTMyNA@@._V1_SY1000_SX800_AL_.jpg</thumbnail>
	<fanart/>
</item>
<item>
	<title>Woman Walks Ahead (2017)</title>
	<meta>
		<content>movie</content>
		<imdb>tt5436228</imdb>
		<title>Woman Walks Ahead</title>
		<year>2017</year>
	</meta>
	<link>
		<sublink>search</sublink>
		<sublink>searchsd</sublink>
	</link>
	<thumbnail>https://ia.media-imdb.com/images/M/MV5BZGZjYThjNTctZGI2Ny00MDExLWI0ZDItZmJiY2VhZjQ5YzRmXkEyXkFqcGdeQXVyNjk1Njg5NTA@._V1_UY98_CR5,0,67,98_AL_.jpg</thumbnail>
	<fanart/>
</item>
<item>
	<title>The Kid (I)</title>
	<meta>
		<content>movie</content>
		<imdb>tt4975920</imdb>
		<title>The Kid</title>
		<year>I</year>
	</meta>
	<link>
		<sublink>search</sublink>
		<sublink>searchsd</sublink>
	</link>
	<thumbnail>https://ia.media-imdb.com/images/M/MV5BZDQxMDU5M2EtNTYxZC00NGQyLTk2MGMtZGY1ODY2OGE0NGYxXkEyXkFqcGdeQXVyNjc1NDY3NzU@._V1_UY98_CR2,0,67,98_AL_.jpg</thumbnail>
	<fanart/>
</item>
<item>
	<title>The Assassination of Jesse James by the Coward Robert Ford (2007)</title>
	<meta>
		<content>movie</content>
		<imdb>tt0443680</imdb>
		<title>The Assassination of Jesse James by the Coward Robert Ford</title>
		<year>2007</year>
	</meta>
	<link>
		<sublink>search</sublink>
		<sublink>searchsd</sublink>
	</link>
	<thumbnail>https://ia.media-imdb.com/images/M/MV5BMTY2NDI2MTc2NV5BMl5BanBnXkFtZTcwNjA2NTQzMw@@._V1_SY1000_SX800_AL_.jpg</thumbnail>
	<fanart/>
</item>
<item>
	<title>Bomb City (2017)</title>
	<meta>
		<content>movie</content>
		<imdb>tt4351548</imdb>
		<title>Bomb City</title>
		<year>2017</year>
	</meta>
	<link>
		<sublink>search</sublink>
		<sublink>searchsd</sublink>
	</link>
	<thumbnail>https://ia.media-imdb.com/images/M/MV5BZTdjNTQ0ZDUtNjNiZS00Y2U5LTgwMTAtMjUyZGVhM2FjYmNlXkEyXkFqcGdeQXVyMzcwNjY5NzA@._V1_SY1000_SX800_AL_.jpg</thumbnail>
	<fanart/>
</item>
<item>
	<title>Wild Wild West (1999)</title>
	<meta>
		<content>movie</content>
		<imdb>tt0120891</imdb>
		<title>Wild Wild West</title>
		<year>1999</year>
	</meta>
	<link>
		<sublink>search</sublink>
		<sublink>searchsd</sublink>
	</link>
	<thumbnail>https://ia.media-imdb.com/images/M/MV5BYmYyMTc4YjItMGNhNC00OWQwLWJhMWUtNTdjZDgxMDI5MjE2L2ltYWdlXkEyXkFqcGdeQXVyMTQxNzMzNDI@._V1_SY1000_SX800_AL_.jpg</thumbnail>
	<fanart/>
</item>
<item>
	<title>True Grit (1969)</title>
	<meta>
		<content>movie</content>
		<imdb>tt0065126</imdb>
		<title>True Grit</title>
		<year>1969</year>
	</meta>
	<link>
		<sublink>search</sublink>
		<sublink>searchsd</sublink>
	</link>
	<thumbnail>https://ia.media-imdb.com/images/M/MV5BMjEwNzRlMzUtODIwMS00N2IwLWE1ZTgtODYzNWY0MGJhODY3XkEyXkFqcGdeQXVyMjI4MjA5MzA@._V1_SY1000_SX800_AL_.jpg</thumbnail>
	<fanart/>
</item>
<item>
	<title>The Searchers (1956)</title>
	<meta>
		<content>movie</content>
		<imdb>tt0049730</imdb>
		<title>The Searchers</title>
		<year>1956</year>
	</meta>
	<link>
		<sublink>search</sublink>
		<sublink>searchsd</sublink>
	</link>
	<thumbnail>https://ia.media-imdb.com/images/M/MV5BNGY4ZTBmNTUtOTcwZC00NjY2LTljMjktNmY5YmE4MjdjYjVjXkEyXkFqcGdeQXVyNjc1NTYyMjg@._V1_SY1000_SX800_AL_.jpg</thumbnail>
	<fanart/>
</item>
<item>
	<title>For a Few Dollars More (1965)</title>
	<meta>
		<content>movie</content>
		<imdb>tt0059578</imdb>
		<title>For a Few Dollars More</title>
		<year>1965</year>
	</meta>
	<link>
		<sublink>search</sublink>
		<sublink>searchsd</sublink>
	</link>
	<thumbnail>https://ia.media-imdb.com/images/M/MV5BNWM1NmYyM2ItMTFhNy00NDU0LThlYWUtYjQyYTJmOTY0ZmM0XkEyXkFqcGdeQXVyNjU0OTQ0OTY@._V1_SY1000_SX800_AL_.jpg</thumbnail>
	<fanart/>
</item>
<item>
	<title>The Duel (I) (2016)</title>
	<meta>
		<content>movie</content>
		<imdb>tt2436682</imdb>
		<title>The Duel</title>
		<year>I 2016</year>
	</meta>
	<link>
		<sublink>search</sublink>
		<sublink>searchsd</sublink>
	</link>
	<thumbnail>https://ia.media-imdb.com/images/M/MV5BMjQwMTA2MDEyMl5BMl5BanBnXkFtZTgwNjU1MDY3ODE@._V1_SY1000_SX800_AL_.jpg</thumbnail>
	<fanart/>
</item>
<item>
	<title>Butch Cassidy and the Sundance Kid (1969)</title>
	<meta>
		<content>movie</content>
		<imdb>tt0064115</imdb>
		<title>Butch Cassidy and the Sundance Kid</title>
		<year>1969</year>
	</meta>
	<link>
		<sublink>search</sublink>
		<sublink>searchsd</sublink>
	</link>
	<thumbnail>https://ia.media-imdb.com/images/M/MV5BMTkyMTM2NDk5Nl5BMl5BanBnXkFtZTgwNzY1NzEyMDE@._V1_SY1000_SX800_AL_.jpg</thumbnail>
	<fanart/>
</item>
<item>
	<title>Due Date (2010)</title>
	<meta>
		<content>movie</content>
		<imdb>tt1231583</imdb>
		<title>Due Date</title>
		<year>2010</year>
	</meta>
	<link>
		<sublink>search</sublink>
		<sublink>searchsd</sublink>
	</link>
	<thumbnail>https://ia.media-imdb.com/images/M/MV5BMTU5MTgxODM3Nl5BMl5BanBnXkFtZTcwMjMxNDEwNA@@._V1_SY1000_SX800_AL_.jpg</thumbnail>
	<fanart/>
</item>
<item>
	<title>The Mask of Zorro (1998)</title>
	<meta>
		<content>movie</content>
		<imdb>tt0120746</imdb>
		<title>The Mask of Zorro</title>
		<year>1998</year>
	</meta>
	<link>
		<sublink>search</sublink>
		<sublink>searchsd</sublink>
	</link>
	<thumbnail>https://ia.media-imdb.com/images/M/MV5BMzg4ZjQ4OGUtZjkxMi00Y2I2LWEzNTAtODI2ZjkxMGVjNTQwXkEyXkFqcGdeQXVyNjgxNTAwNjQ@._V1_SY1000_SX800_AL_.jpg</thumbnail>
	<fanart/>
</item>
<item>
	<title>Fistful of Dollars (1964)</title>
	<meta>
		<content>movie</content>
		<imdb>tt0058461</imdb>
		<title>Fistful of Dollars</title>
		<year>1964</year>
	</meta>
	<link>
		<sublink>search</sublink>
		<sublink>searchsd</sublink>
	</link>
	<thumbnail>https://ia.media-imdb.com/images/M/MV5BYjA1MGVlMGItNzgxMC00OWY4LWI4YjEtNTNmYWIzMGUxOGQzXkEyXkFqcGdeQXVyNjc1NTYyMjg@._V1_UY98_CR0,0,67,98_AL_.jpg</thumbnail>
	<fanart/>
</item>
<item>
	<title>Abraham Lincoln: Vampire Hunter (2012)</title>
	<meta>
		<content>movie</content>
		<imdb>tt1611224</imdb>
		<title>Abraham Lincoln: Vampire Hunter</title>
		<year>2012</year>
	</meta>
	<link>
		<sublink>search</sublink>
		<sublink>searchsd</sublink>
	</link>
	<thumbnail>https://ia.media-imdb.com/images/M/MV5BNjY2Mzc0MDA4NV5BMl5BanBnXkFtZTcwOTg5OTcxNw@@._V1_SY1000_SX800_AL_.jpg</thumbnail>
	<fanart/>
</item>
<item>
	<title>Giant (1956)</title>
	<meta>
		<content>movie</content>
		<imdb>tt0049261</imdb>
		<title>Giant</title>
		<year>1956</year>
	</meta>
	<link>
		<sublink>search</sublink>
		<sublink>searchsd</sublink>
	</link>
	<thumbnail>https://ia.media-imdb.com/images/M/MV5BYWQ3ZmZhMmQtODQyMS00Y2Q0LThlOTAtM2NiMDMyNDdlYmQ0L2ltYWdlL2ltYWdlXkEyXkFqcGdeQXVyNjc1NTYyMjg@._V1_SY1000_SX800_AL_.jpg</thumbnail>
	<fanart/>
</item>
<item>
	<title>The Homesman (2014)</title>
	<meta>
		<content>movie</content>
		<imdb>tt2398231</imdb>
		<title>The Homesman</title>
		<year>2014</year>
	</meta>
	<link>
		<sublink>search</sublink>
		<sublink>searchsd</sublink>
	</link>
	<thumbnail>https://ia.media-imdb.com/images/M/MV5BMTQ4NTkxOTEyMl5BMl5BanBnXkFtZTgwOTI1NzcwMzE@._V1_SY1000_SX800_AL_.jpg</thumbnail>
	<fanart/>
</item>
<item>
	<title>Wyatt Earp (1994)</title>
	<meta>
		<content>movie</content>
		<imdb>tt0111756</imdb>
		<title>Wyatt Earp</title>
		<year>1994</year>
	</meta>
	<link>
		<sublink>search</sublink>
		<sublink>searchsd</sublink>
	</link>
	<thumbnail>https://ia.media-imdb.com/images/M/MV5BZjU1ZWIxZTgtMzcxMS00NTA4LTliNDMtMzY1MjA2N2EzMzQ1XkEyXkFqcGdeQXVyNTUyMzE4Mzg@._V1_SY1000_SX800_AL_.jpg</thumbnail>
	<fanart/>
</item>
<item>
	<title>In a Valley of Violence (2016)</title>
	<meta>
		<content>movie</content>
		<imdb>tt3608930</imdb>
		<title>In a Valley of Violence</title>
		<year>2016</year>
	</meta>
	<link>
		<sublink>search</sublink>
		<sublink>searchsd</sublink>
	</link>
	<thumbnail>https://ia.media-imdb.com/images/M/MV5BMTUxMjExOTA2OF5BMl5BanBnXkFtZTgwMzI3NTgxMDI@._V1_SY1000_SX800_AL_.jpg</thumbnail>
	<fanart/>
</item>
<item>
	<title>The Last Stand (2013)</title>
	<meta>
		<content>movie</content>
		<imdb>tt1549920</imdb>
		<title>The Last Stand</title>
		<year>2013</year>
	</meta>
	<link>
		<sublink>search</sublink>
		<sublink>searchsd</sublink>
	</link>
	<thumbnail>https://ia.media-imdb.com/images/M/MV5BODc4NjI0OTYwNl5BMl5BanBnXkFtZTcwOTYwODQ3OA@@._V1_SY1000_SX800_AL_.jpg</thumbnail>
	<fanart/>
</item>
<dir>
	<title>[COLOR white]Next Page >>[/COLOR]</title>
	<imdburl>http://www.imdb.com/search/title?title_type=feature&genres=western&groups=top_250/items&page=2&ref_=adv_nxt</imdburl>
	<thumbnail>https://image.ibb.co/gtsNjw/next.png</thumbnail>
</dir>
