<item>
	<title>Three Billboards Outside Ebbing, Missouri (2017)</title>
	<meta>
		<content>movie</content>
		<imdb>tt5027774</imdb>
		<title>Three Billboards Outside Ebbing, Missouri</title>
		<year>2017</year>
	</meta>
	<link>
		<sublink>search</sublink>
		<sublink>searchsd</sublink>
	</link>
	<thumbnail>https://ia.media-imdb.com/images/M/MV5BMjMxNzgwMDUyMl5BMl5BanBnXkFtZTgwMTQ0NTIyNDM@._V1_SY1000_SX800_AL_.jpg</thumbnail>
	<fanart/>
</item>
<item>
	<title>Game Night (I) (2018)</title>
	<meta>
		<content>movie</content>
		<imdb>tt2704998</imdb>
		<title>Game Night</title>
		<year>I 2018</year>
	</meta>
	<link>
		<sublink>search</sublink>
		<sublink>searchsd</sublink>
	</link>
	<thumbnail>https://ia.media-imdb.com/images/M/MV5BMjQxMDE5NDg0NV5BMl5BanBnXkFtZTgwNTA5MDE2NDM@._V1_SY1000_SX800_AL_.jpg</thumbnail>
	<fanart/>
</item>
<item>
	<title>Death Wish (2018)</title>
	<meta>
		<content>movie</content>
		<imdb>tt1137450</imdb>
		<title>Death Wish</title>
		<year>2018</year>
	</meta>
	<link>
		<sublink>search</sublink>
		<sublink>searchsd</sublink>
	</link>
	<thumbnail>https://ia.media-imdb.com/images/M/MV5BMTkzNjU3MjE0MF5BMl5BanBnXkFtZTgwNTIyNDk0NDM@._V1_SY1000_SX800_AL_.jpg</thumbnail>
	<fanart/>
</item>
<item>
	<title>Murder on the Orient Express (2017)</title>
	<meta>
		<content>movie</content>
		<imdb>tt3402236</imdb>
		<title>Murder on the Orient Express</title>
		<year>2017</year>
	</meta>
	<link>
		<sublink>search</sublink>
		<sublink>searchsd</sublink>
	</link>
	<thumbnail>https://ia.media-imdb.com/images/M/MV5BNGFmM2NmYjYtMjAwNy00ZDkzLWI3ZWMtOGZhOTRhYzQwMTA0XkEyXkFqcGdeQXVyNzU2MzMyNTI@._V1_SY1000_SX800_AL_.jpg</thumbnail>
	<fanart/>
</item>
<item>
	<title>The Outsider (I) (2018)</title>
	<meta>
		<content>movie</content>
		<imdb>tt2011311</imdb>
		<title>The Outsider</title>
		<year>I 2018</year>
	</meta>
	<link>
		<sublink>search</sublink>
		<sublink>searchsd</sublink>
	</link>
	<thumbnail>https://ia.media-imdb.com/images/M/MV5BMjIyYjAzOWItNzI5Yy00NGU4LTlhODktYjZmZThmMTY3ZWNhXkEyXkFqcGdeQXVyMTMxODk2OTU@._V1_SY1000_SX800_AL_.jpg</thumbnail>
	<fanart/>
</item>
<item>
	<title>Wind River (2017)</title>
	<meta>
		<content>movie</content>
		<imdb>tt5362988</imdb>
		<title>Wind River</title>
		<year>2017</year>
	</meta>
	<link>
		<sublink>search</sublink>
		<sublink>searchsd</sublink>
	</link>
	<thumbnail>https://ia.media-imdb.com/images/M/MV5BMTUyMjU1OTUwM15BMl5BanBnXkFtZTgwMDg1NDQ2MjI@._V1_SY1000_SX800_AL_.jpg</thumbnail>
	<fanart/>
</item>
<item>
	<title>Sicario: Day of the Soldado (2018)</title>
	<meta>
		<content>movie</content>
		<imdb>tt5052474</imdb>
		<title>Sicario: Day of the Soldado</title>
		<year>2018</year>
	</meta>
	<link>
		<sublink>search</sublink>
		<sublink>searchsd</sublink>
	</link>
	<thumbnail>https://ia.media-imdb.com/images/M/MV5BMTY0OTcxNDQyNl5BMl5BanBnXkFtZTgwMzIzOTgwNTM@._V1_SY1000_SX800_AL_.jpg</thumbnail>
	<fanart/>
</item>
<item>
	<title>Raid (2018)</title>
	<meta>
		<content>movie</content>
		<imdb>tt7363076</imdb>
		<title>Raid</title>
		<year>2018</year>
	</meta>
	<link>
		<sublink>search</sublink>
		<sublink>searchsd</sublink>
	</link>
	<thumbnail>https://ia.media-imdb.com/images/M/MV5BN2NlMmUyZWUtZmI5Yy00YWM3LTkxYzgtM2ZiOTMwNTc5ZDg0XkEyXkFqcGdeQXVyNjcyNjMzMjQ@._V1_UY98_CR0,0,67,98_AL_.jpg</thumbnail>
	<fanart/>
</item>
<item>
	<title>Under the Silver Lake (2018)</title>
	<meta>
		<content>movie</content>
		<imdb>tt5691670</imdb>
		<title>Under the Silver Lake</title>
		<year>2018</year>
	</meta>
	<link>
		<sublink>search</sublink>
		<sublink>searchsd</sublink>
	</link>
	<thumbnail>https://ia.media-imdb.com/images/M/MV5BZmQ3NTliNzYtZTkzNC00YzA0LWFjNTctMjhlMDM2NjBhOTQwXkEyXkFqcGdeQXVyMTMxODk2OTU@._V1_SY1000_SX800_AL_.jpg</thumbnail>
	<fanart/>
</item>
<item>
	<title>The Irishman (2019)</title>
	<meta>
		<content>movie</content>
		<imdb>tt1302006</imdb>
		<title>The Irishman</title>
		<year>2019</year>
	</meta>
	<link>
		<sublink>search</sublink>
		<sublink>searchsd</sublink>
	</link>
	<thumbnail>https://ia.media-imdb.com/images/M/MV5BZjcyMmYwZTUtMzVjZi00YjI5LWEwNDktNDQ1ZGY2M2FlYTBiXkEyXkFqcGdeQXVyMzE3OTk0NjQ@._V1_UY98_CR2,0,67,98_AL_.jpg</thumbnail>
	<fanart/>
</item>
<item>
	<title>Baby Driver (2017)</title>
	<meta>
		<content>movie</content>
		<imdb>tt3890160</imdb>
		<title>Baby Driver</title>
		<year>2017</year>
	</meta>
	<link>
		<sublink>search</sublink>
		<sublink>searchsd</sublink>
	</link>
	<thumbnail>https://ia.media-imdb.com/images/M/MV5BMjM3MjQ1MzkxNl5BMl5BanBnXkFtZTgwODk1ODgyMjI@._V1_SY1000_SX800_AL_.jpg</thumbnail>
	<fanart/>
</item>
<item>
	<title>Gringo (2018)</title>
	<meta>
		<content>movie</content>
		<imdb>tt3721964</imdb>
		<title>Gringo</title>
		<year>2018</year>
	</meta>
	<link>
		<sublink>search</sublink>
		<sublink>searchsd</sublink>
	</link>
	<thumbnail>https://ia.media-imdb.com/images/M/MV5BMjAyMTk2MTQ3Ml5BMl5BanBnXkFtZTgwNDQ2ODE0NDM@._V1_SY1000_SX800_AL_.jpg</thumbnail>
	<fanart/>
</item>
<item>
	<title>7 Days in Entebbe (2018)</title>
	<meta>
		<content>movie</content>
		<imdb>tt5466186</imdb>
		<title>7 Days in Entebbe</title>
		<year>2018</year>
	</meta>
	<link>
		<sublink>search</sublink>
		<sublink>searchsd</sublink>
	</link>
	<thumbnail>https://ia.media-imdb.com/images/M/MV5BMjAwNDMzNzg0Nl5BMl5BanBnXkFtZTgwOTkxNjY2NDM@._V1_SY1000_SX800_AL_.jpg</thumbnail>
	<fanart/>
</item>
<item>
	<title>Sicario (2015)</title>
	<meta>
		<content>movie</content>
		<imdb>tt3397884</imdb>
		<title>Sicario</title>
		<year>2015</year>
	</meta>
	<link>
		<sublink>search</sublink>
		<sublink>searchsd</sublink>
	</link>
	<thumbnail>https://ia.media-imdb.com/images/M/MV5BMjA5NjM3NTk1M15BMl5BanBnXkFtZTgwMzg1MzU2NjE@._V1_SY1000_SX800_AL_.jpg</thumbnail>
	<fanart/>
</item>
<item>
	<title>The Godfather (1972)</title>
	<meta>
		<content>movie</content>
		<imdb>tt0068646</imdb>
		<title>The Godfather</title>
		<year>1972</year>
	</meta>
	<link>
		<sublink>search</sublink>
		<sublink>searchsd</sublink>
	</link>
	<thumbnail>https://ia.media-imdb.com/images/M/MV5BY2Q2NzQ3ZDUtNWU5OC00Yjc0LThlYmEtNWM3NTFmM2JiY2VhXkEyXkFqcGdeQXVyNzkwMjQ5NzM@._V1_UY98_CR1,0,67,98_AL_.jpg</thumbnail>
	<fanart/>
</item>
<item>
	<title>The Shawshank Redemption (1994)</title>
	<meta>
		<content>movie</content>
		<imdb>tt0111161</imdb>
		<title>The Shawshank Redemption</title>
		<year>1994</year>
	</meta>
	<link>
		<sublink>search</sublink>
		<sublink>searchsd</sublink>
	</link>
	<thumbnail>https://ia.media-imdb.com/images/M/MV5BMDFkYTc0MGEtZmNhMC00ZDIzLWFmNTEtODM1ZmRlYWMwMWFmXkEyXkFqcGdeQXVyMTMxODk2OTU@._V1_SY1000_SX800_AL_.jpg</thumbnail>
	<fanart/>
</item>
<item>
	<title>Baywatch (2017)</title>
	<meta>
		<content>movie</content>
		<imdb>tt1469304</imdb>
		<title>Baywatch</title>
		<year>2017</year>
	</meta>
	<link>
		<sublink>search</sublink>
		<sublink>searchsd</sublink>
	</link>
	<thumbnail>https://ia.media-imdb.com/images/M/MV5BNTA4MjQ0ODQzNF5BMl5BanBnXkFtZTgwNzA5NjYzMjI@._V1_SY1000_SX800_AL_.jpg</thumbnail>
	<fanart/>
</item>
<item>
	<title>Den of Thieves (2018)</title>
	<meta>
		<content>movie</content>
		<imdb>tt1259528</imdb>
		<title>Den of Thieves</title>
		<year>2018</year>
	</meta>
	<link>
		<sublink>search</sublink>
		<sublink>searchsd</sublink>
	</link>
	<thumbnail>https://ia.media-imdb.com/images/M/MV5BMzYyODcwMDAyM15BMl5BanBnXkFtZTgwOTA4MjIwNDI@._V1_SY1000_SX800_AL_.jpg</thumbnail>
	<fanart/>
</item>
<item>
	<title>Logan Lucky (2017)</title>
	<meta>
		<content>movie</content>
		<imdb>tt5439796</imdb>
		<title>Logan Lucky</title>
		<year>2017</year>
	</meta>
	<link>
		<sublink>search</sublink>
		<sublink>searchsd</sublink>
	</link>
	<thumbnail>https://ia.media-imdb.com/images/M/MV5BMTYyODg0NDU1OV5BMl5BanBnXkFtZTgwNjcxMzU0MjI@._V1_SY1000_SX800_AL_.jpg</thumbnail>
	<fanart/>
</item>
<item>
	<title>The Dark Knight (2008)</title>
	<meta>
		<content>movie</content>
		<imdb>tt0468569</imdb>
		<title>The Dark Knight</title>
		<year>2008</year>
	</meta>
	<link>
		<sublink>search</sublink>
		<sublink>searchsd</sublink>
	</link>
	<thumbnail>https://ia.media-imdb.com/images/M/MV5BMTMxNTMwODM0NF5BMl5BanBnXkFtZTcwODAyMTk2Mw@@._V1_SY1000_SX800_AL_.jpg</thumbnail>
	<fanart/>
</item>
<item>
	<title>Molly's Game (2017)</title>
	<meta>
		<content>movie</content>
		<imdb>tt4209788</imdb>
		<title>Molly's Game</title>
		<year>2017</year>
	</meta>
	<link>
		<sublink>search</sublink>
		<sublink>searchsd</sublink>
	</link>
	<thumbnail>https://ia.media-imdb.com/images/M/MV5BNTkzMzRlYjEtMTQ5Yi00OWY3LWI0NzYtNGQ4ZDkzZTU0M2IwXkEyXkFqcGdeQXVyMTMxODk2OTU@._V1_SY1000_SX800_AL_.jpg</thumbnail>
	<fanart/>
</item>
<item>
	<title>Bright (I) (2017)</title>
	<meta>
		<content>movie</content>
		<imdb>tt5519340</imdb>
		<title>Bright</title>
		<year>I 2017</year>
	</meta>
	<link>
		<sublink>search</sublink>
		<sublink>searchsd</sublink>
	</link>
	<thumbnail>https://ia.media-imdb.com/images/M/MV5BMTcyNzk5NDg1Nl5BMl5BanBnXkFtZTgwNTM5MDQxNDM@._V1_SY1000_SX800_AL_.jpg</thumbnail>
	<fanart/>
</item>
<item>
	<title>Zootopia (2016)</title>
	<meta>
		<content>movie</content>
		<imdb>tt2948356</imdb>
		<title>Zootopia</title>
		<year>2016</year>
	</meta>
	<link>
		<sublink>search</sublink>
		<sublink>searchsd</sublink>
	</link>
	<thumbnail>https://ia.media-imdb.com/images/M/MV5BOTMyMjEyNzIzMV5BMl5BanBnXkFtZTgwNzIyNjU0NzE@._V1_SY1000_SX800_AL_.jpg</thumbnail>
	<fanart/>
</item>
<item>
	<title>Benji (2018)</title>
	<meta>
		<content>movie</content>
		<imdb>tt1799516</imdb>
		<title>Benji</title>
		<year>2018</year>
	</meta>
	<link>
		<sublink>search</sublink>
		<sublink>searchsd</sublink>
	</link>
	<thumbnail>https://ia.media-imdb.com/images/M/MV5BMTc5MzIyMDk5Ml5BMl5BanBnXkFtZTgwMzA5MTA4NDM@._V1_SY1000_SX800_AL_.jpg</thumbnail>
	<fanart/>
</item>
<item>
	<title>John Wick: Chapter 2 (2017)</title>
	<meta>
		<content>movie</content>
		<imdb>tt4425200</imdb>
		<title>John Wick: Chapter 2</title>
		<year>2017</year>
	</meta>
	<link>
		<sublink>search</sublink>
		<sublink>searchsd</sublink>
	</link>
	<thumbnail>https://ia.media-imdb.com/images/M/MV5BMjE2NDkxNTY2M15BMl5BanBnXkFtZTgwMDc2NzE0MTI@._V1_SY1000_SX800_AL_.jpg</thumbnail>
	<fanart/>
</item>
<item>
	<title>John Wick (2014)</title>
	<meta>
		<content>movie</content>
		<imdb>tt2911666</imdb>
		<title>John Wick</title>
		<year>2014</year>
	</meta>
	<link>
		<sublink>search</sublink>
		<sublink>searchsd</sublink>
	</link>
	<thumbnail>https://ia.media-imdb.com/images/M/MV5BMTU2NjA1ODgzMF5BMl5BanBnXkFtZTgwMTM2MTI4MjE@._V1_SY1000_SX800_AL_.jpg</thumbnail>
	<fanart/>
</item>
<item>
	<title>The Silence of the Lambs (1991)</title>
	<meta>
		<content>movie</content>
		<imdb>tt0102926</imdb>
		<title>The Silence of the Lambs</title>
		<year>1991</year>
	</meta>
	<link>
		<sublink>search</sublink>
		<sublink>searchsd</sublink>
	</link>
	<thumbnail>https://ia.media-imdb.com/images/M/MV5BNjNhZTk0ZmEtNjJhMi00YzFlLWE1MmEtYzM1M2ZmMGMwMTU4XkEyXkFqcGdeQXVyNjU0OTQ0OTY@._V1_SY1000_SX800_AL_.jpg</thumbnail>
	<fanart/>
</item>
<item>
	<title>Ocean's 8 (2018)</title>
	<meta>
		<content>movie</content>
		<imdb>tt5164214</imdb>
		<title>Ocean's 8</title>
		<year>2018</year>
	</meta>
	<link>
		<sublink>search</sublink>
		<sublink>searchsd</sublink>
	</link>
	<thumbnail>https://ia.media-imdb.com/images/M/MV5BODk2NjgwNDI1Nl5BMl5BanBnXkFtZTgwMjg0MDgzNDM@._V1_SY1000_SX800_AL_.jpg</thumbnail>
	<fanart/>
</item>
<item>
	<title>The Wolf of Wall Street (2013)</title>
	<meta>
		<content>movie</content>
		<imdb>tt0993846</imdb>
		<title>The Wolf of Wall Street</title>
		<year>2013</year>
	</meta>
	<link>
		<sublink>search</sublink>
		<sublink>searchsd</sublink>
	</link>
	<thumbnail>https://ia.media-imdb.com/images/M/MV5BMjIxMjgxNTk0MF5BMl5BanBnXkFtZTgwNjIyOTg2MDE@._V1_SY1000_SX800_AL_.jpg</thumbnail>
	<fanart/>
</item>
<item>
	<title>Gone Girl (2014)</title>
	<meta>
		<content>movie</content>
		<imdb>tt2267998</imdb>
		<title>Gone Girl</title>
		<year>2014</year>
	</meta>
	<link>
		<sublink>search</sublink>
		<sublink>searchsd</sublink>
	</link>
	<thumbnail>https://ia.media-imdb.com/images/M/MV5BYjgwY2E1N2QtNDJkMi00YzE4LThiYTItYWI5YmE4NWMzMGFhXkEyXkFqcGdeQXVyMjU3OTA4NzQ@._V1_SY1000_SX800_AL_.jpg</thumbnail>
	<fanart/>
</item>
<item>
	<title>All the Money in the World (2017)</title>
	<meta>
		<content>movie</content>
		<imdb>tt5294550</imdb>
		<title>All the Money in the World</title>
		<year>2017</year>
	</meta>
	<link>
		<sublink>search</sublink>
		<sublink>searchsd</sublink>
	</link>
	<thumbnail>https://ia.media-imdb.com/images/M/MV5BNjY3Mjg0OTc1OF5BMl5BanBnXkFtZTgwNDU0MzAyNDM@._V1_SY1000_SX800_AL_.jpg</thumbnail>
	<fanart/>
</item>
<item>
	<title>Léon: The Professional (1994)</title>
	<meta>
		<content>movie</content>
		<imdb>tt0110413</imdb>
		<title>Léon: The Professional</title>
		<year>1994</year>
	</meta>
	<link>
		<sublink>search</sublink>
		<sublink>searchsd</sublink>
	</link>
	<thumbnail>https://ia.media-imdb.com/images/M/MV5BZDAwYTlhMDEtNTg0OS00NDY2LWJjOWItNWY3YTZkM2UxYzUzXkEyXkFqcGdeQXVyNTA4NzY1MzY@._V1_UY98_CR1,0,67,98_AL_.jpg</thumbnail>
	<fanart/>
</item>
<item>
	<title>Pulp Fiction (1994)</title>
	<meta>
		<content>movie</content>
		<imdb>tt0110912</imdb>
		<title>Pulp Fiction</title>
		<year>1994</year>
	</meta>
	<link>
		<sublink>search</sublink>
		<sublink>searchsd</sublink>
	</link>
	<thumbnail>https://ia.media-imdb.com/images/M/MV5BMTkxMTA5OTAzMl5BMl5BanBnXkFtZTgwNjA5MDc3NjE@._V1_SY1000_SX800_AL_.jpg</thumbnail>
	<fanart/>
</item>
<item>
	<title>The Foreigner (2017)</title>
	<meta>
		<content>movie</content>
		<imdb>tt1615160</imdb>
		<title>The Foreigner</title>
		<year>2017</year>
	</meta>
	<link>
		<sublink>search</sublink>
		<sublink>searchsd</sublink>
	</link>
	<thumbnail>https://ia.media-imdb.com/images/M/MV5BM2RlMjcyMGQtZTU3OC00NGRlLWExMGEtYjU3ZjUyMDc0NWZmXkEyXkFqcGdeQXVyNTI4MzE4MDU@._V1_SY1000_SX800_AL_.jpg</thumbnail>
	<fanart/>
</item>
<item>
	<title>Suburbicon (2017)</title>
	<meta>
		<content>movie</content>
		<imdb>tt0491175</imdb>
		<title>Suburbicon</title>
		<year>2017</year>
	</meta>
	<link>
		<sublink>search</sublink>
		<sublink>searchsd</sublink>
	</link>
	<thumbnail>https://ia.media-imdb.com/images/M/MV5BMTA3MjA1NDkxMTReQTJeQWpwZ15BbWU4MDU2Njg3NDMy._V1_UX67_CR0,0,67,98_AL_.jpg</thumbnail>
	<fanart/>
</item>
<item>
	<title>The Equalizer (2014)</title>
	<meta>
		<content>movie</content>
		<imdb>tt0455944</imdb>
		<title>The Equalizer</title>
		<year>2014</year>
	</meta>
	<link>
		<sublink>search</sublink>
		<sublink>searchsd</sublink>
	</link>
	<thumbnail>https://ia.media-imdb.com/images/M/MV5BMTQ2MzE2NTk0NF5BMl5BanBnXkFtZTgwOTM3NTk1MjE@._V1_SY1000_SX800_AL_.jpg</thumbnail>
	<fanart/>
</item>
<item>
	<title>Roman J. Israel, Esq. (2017)</title>
	<meta>
		<content>movie</content>
		<imdb>tt6000478</imdb>
		<title>Roman J. Israel, Esq.</title>
		<year>2017</year>
	</meta>
	<link>
		<sublink>search</sublink>
		<sublink>searchsd</sublink>
	</link>
	<thumbnail>https://ia.media-imdb.com/images/M/MV5BMjMyNjkxMTg2NV5BMl5BanBnXkFtZTgwNjkyNTk0MzI@._V1_SY1000_SX800_AL_.jpg</thumbnail>
	<fanart/>
</item>
<item>
	<title>Goodfellas (1990)</title>
	<meta>
		<content>movie</content>
		<imdb>tt0099685</imdb>
		<title>Goodfellas</title>
		<year>1990</year>
	</meta>
	<link>
		<sublink>search</sublink>
		<sublink>searchsd</sublink>
	</link>
	<thumbnail>https://ia.media-imdb.com/images/M/MV5BNThjMzczMjctZmIwOC00NTQ4LWJhZWItZDdhNTk5ZTdiMWFlXkEyXkFqcGdeQXVyNDYyMDk5MTU@._V1_SY1000_SX800_AL_.jpg</thumbnail>
	<fanart/>
</item>
<item>
	<title>Bullet Head (2017)</title>
	<meta>
		<content>movie</content>
		<imdb>tt6204340</imdb>
		<title>Bullet Head</title>
		<year>2017</year>
	</meta>
	<link>
		<sublink>search</sublink>
		<sublink>searchsd</sublink>
	</link>
	<thumbnail>https://ia.media-imdb.com/images/M/MV5BZDY4ODA1ZDEtYzljMy00Y2YzLTg1MDMtZjUyYmFkMWM2ZjdkXkEyXkFqcGdeQXVyNDA4OTExNDU@._V1_SY1000_SX800_AL_.jpg</thumbnail>
	<fanart/>
</item>
<item>
	<title>American Made (2017)</title>
	<meta>
		<content>movie</content>
		<imdb>tt3532216</imdb>
		<title>American Made</title>
		<year>2017</year>
	</meta>
	<link>
		<sublink>search</sublink>
		<sublink>searchsd</sublink>
	</link>
	<thumbnail>https://ia.media-imdb.com/images/M/MV5BMTUxNzUwMjk1Nl5BMl5BanBnXkFtZTgwNDkwODI1MjI@._V1_SY1000_SX800_AL_.jpg</thumbnail>
	<fanart/>
</item>
<item>
	<title>Jigsaw (I) (2017)</title>
	<meta>
		<content>movie</content>
		<imdb>tt3348730</imdb>
		<title>Jigsaw</title>
		<year>I 2017</year>
	</meta>
	<link>
		<sublink>search</sublink>
		<sublink>searchsd</sublink>
	</link>
	<thumbnail>https://ia.media-imdb.com/images/M/MV5BNmRiZDM4ZmMtOTVjMi00YTNlLTkyNjMtMjI2OTAxNjgwMWM1XkEyXkFqcGdeQXVyMjMxOTE0ODA@._V1_SY1000_SX800_AL_.jpg</thumbnail>
	<fanart/>
</item>
<item>
	<title>The Hateful Eight (2015)</title>
	<meta>
		<content>movie</content>
		<imdb>tt3460252</imdb>
		<title>The Hateful Eight</title>
		<year>2015</year>
	</meta>
	<link>
		<sublink>search</sublink>
		<sublink>searchsd</sublink>
	</link>
	<thumbnail>https://ia.media-imdb.com/images/M/MV5BMjA1MTc1NTg5NV5BMl5BanBnXkFtZTgwOTM2MDEzNzE@._V1_SY1000_SX800_AL_.jpg</thumbnail>
	<fanart/>
</item>
<item>
	<title>Catch Me If You Can (2002)</title>
	<meta>
		<content>movie</content>
		<imdb>tt0264464</imdb>
		<title>Catch Me If You Can</title>
		<year>2002</year>
	</meta>
	<link>
		<sublink>search</sublink>
		<sublink>searchsd</sublink>
	</link>
	<thumbnail>https://ia.media-imdb.com/images/M/MV5BMTY5MzYzNjc5NV5BMl5BanBnXkFtZTYwNTUyNTc2._V1_UX67_CR0,0,67,98_AL_.jpg</thumbnail>
	<fanart/>
</item>
<item>
	<title>The Fate of the Furious (2017)</title>
	<meta>
		<content>movie</content>
		<imdb>tt4630562</imdb>
		<title>The Fate of the Furious</title>
		<year>2017</year>
	</meta>
	<link>
		<sublink>search</sublink>
		<sublink>searchsd</sublink>
	</link>
	<thumbnail>https://ia.media-imdb.com/images/M/MV5BMjMxODI2NDM5Nl5BMl5BanBnXkFtZTgwNjgzOTk1MTI@._V1_SY1000_SX800_AL_.jpg</thumbnail>
	<fanart/>
</item>
<item>
	<title>Small Town Crime (2017)</title>
	<meta>
		<content>movie</content>
		<imdb>tt5751998</imdb>
		<title>Small Town Crime</title>
		<year>2017</year>
	</meta>
	<link>
		<sublink>search</sublink>
		<sublink>searchsd</sublink>
	</link>
	<thumbnail>https://ia.media-imdb.com/images/M/MV5BYmRlZTQwZDUtZDQxNC00Mzc4LWFlODQtMzY5ZGM4OGMyY2MxXkEyXkFqcGdeQXVyMjc3MzcwMzg@._V1_SY1000_SX800_AL_.jpg</thumbnail>
	<fanart/>
</item>
<item>
	<title>The Departed (2006)</title>
	<meta>
		<content>movie</content>
		<imdb>tt0407887</imdb>
		<title>The Departed</title>
		<year>2006</year>
	</meta>
	<link>
		<sublink>search</sublink>
		<sublink>searchsd</sublink>
	</link>
	<thumbnail>https://ia.media-imdb.com/images/M/MV5BMTI1MTY2OTIxNV5BMl5BanBnXkFtZTYwNjQ4NjY3._V1_UX67_CR0,0,67,98_AL_.jpg</thumbnail>
	<fanart/>
</item>
<item>
	<title>The Snowman (2017)</title>
	<meta>
		<content>movie</content>
		<imdb>tt1758810</imdb>
		<title>The Snowman</title>
		<year>2017</year>
	</meta>
	<link>
		<sublink>search</sublink>
		<sublink>searchsd</sublink>
	</link>
	<thumbnail>https://ia.media-imdb.com/images/M/MV5BNDg1NjYyMTEyOF5BMl5BanBnXkFtZTgwNzY4MDMyMzI@._V1_SY1000_SX800_AL_.jpg</thumbnail>
	<fanart/>
</item>
<item>
	<title>Bent (I) (2018)</title>
	<meta>
		<content>movie</content>
		<imdb>tt2237324</imdb>
		<title>Bent</title>
		<year>I 2018</year>
	</meta>
	<link>
		<sublink>search</sublink>
		<sublink>searchsd</sublink>
	</link>
	<thumbnail>https://ia.media-imdb.com/images/M/MV5BNDkwZDlhNzAtZTg5ZS00NGI5LThhNjktZjMwYjQ0NmMwNTg2XkEyXkFqcGdeQXVyOTg4MDYyNw@@._V1_SY1000_SX800_AL_.jpg</thumbnail>
	<fanart/>
</item>
<item>
	<title>Proud Mary (2018)</title>
	<meta>
		<content>movie</content>
		<imdb>tt6421110</imdb>
		<title>Proud Mary</title>
		<year>2018</year>
	</meta>
	<link>
		<sublink>search</sublink>
		<sublink>searchsd</sublink>
	</link>
	<thumbnail>https://ia.media-imdb.com/images/M/MV5BMjA1MjI3MDU1MF5BMl5BanBnXkFtZTgwMjYwMTkxNDM@._V1_SY1000_SX800_AL_.jpg</thumbnail>
	<fanart/>
</item>
<item>
	<title>Extremely Wicked, Shockingly Evil and Vile </span>
</h3>
<p class="text-muted ">

	<span class="genre">
Biography, Crime, Thriller            </title>
	<meta>
		<content>movie</content>
		<imdb>tt2481498</imdb>
		<title>Extremely Wicked, Shockingly Evil and Vile</title>
		<year>
		</span>
	</h3>
	<p class="text-muted ">

		<span class="genre">
Biography, Crime, Thriller            </year>
	</meta>
	<link>
		<sublink>search</sublink>
		<sublink>searchsd</sublink>
	</link>
	<thumbnail>https://ia.media-imdb.com/images/M/MV5BZjIzYzliZDYtNmE4Ny00OTA2LTkxNzktNGM2ZTUxZjJlY2I4XkEyXkFqcGdeQXVyNTIwMjc1MzE@._V1_UY98_CR52,0,67,98_AL_.jpg</thumbnail>
	<fanart/>
</item>
<dir>
	<title>[COLOR white]Next Page >>[/COLOR]</title>
	<imdburl>http://www.imdb.com/search/title?title_type=feature&genres=crime&groups=top_250/items&page=2&ref_=adv_nxt</imdburl>
	<thumbnail>https://image.ibb.co/gtsNjw/next.png</thumbnail>
</dir>
