<item>
	<title>[COLOR=white]A Christmas Prince: The Royal Wedding[/COLOR]</title>
	<meta>
	<imdb>tt8709036</imdb>
	<content>movie</content>
	<title>A Christmas Prince: The Royal Wedding</title>
	<year>2018</year>
	</meta>
	<link>
	<sublink>search</sublink>
	<sublink>searchsd</sublink>
	</link>
	<thumbnail>https://image.tmdb.org/t/p/w1280/wn0jjhgN9KhVXFpcw6uIcFh1IXg.jpg</thumbnail>
	<fanart>https://image.tmdb.org/t/p/w1280/gB5L4Fh54c330hCVVxDPhEdNFCf.jpg</fanart>
</item>
<item>
	<title>[COLOR=white]Mowgli: Legend of the Jungle[/COLOR]</title>
	<meta>
	<imdb>tt2388771</imdb>
	<content>movie</content>
	<title>Mowgli: Legend of the Jungle</title>
	<year>2018</year>
	</meta>
	<link>
	<sublink>search</sublink>
	<sublink>searchsd</sublink>
	</link>
	<thumbnail>https://image.tmdb.org/t/p/w1280/wdj8FK2bCA7iNtZRSzJHrltAwnr.jpg</thumbnail>
	<fanart>https://image.tmdb.org/t/p/w1280/cvouWIwTGsj3eEisiZMTcnWFvaW.jpg</fanart>
</item>
<item>
	<title>[COLOR=white]The Christmas Chronicles[/COLOR]</title>
	<meta>
	<imdb>tt2990140</imdb>
	<content>movie</content>
	<title>The Christmas Chronicles</title>
	<year>2018</year>
	</meta>
	<link>
	<sublink>search</sublink>
	<sublink>searchsd</sublink>
	</link>
	<thumbnail>https://image.tmdb.org/t/p/w1280/5Il2EMSF2KecrUKZPuen6BZmaCP.jpg</thumbnail>
	<fanart>https://image.tmdb.org/t/p/w1280/vUbWBVHngojXOu1kBgH6xFkZZTA.jpg</fanart>
</item>
<item>
	<title>[COLOR=white]Roma[/COLOR]</title>
	<meta>
	<imdb>tt6155172</imdb>
	<content>movie</content>
	<title>Roma</title>
	<year>2018</year>
	</meta>
	<link>
	<sublink>search</sublink>
	<sublink>searchsd</sublink>
	</link>
	<thumbnail>https://image.tmdb.org/t/p/w1280/dtIIyQyALk57ko5bjac7hi01YQ.jpg</thumbnail>
	<fanart>https://image.tmdb.org/t/p/w1280/uXs8rTXZDaWUclprxZuxfaZqei5.jpg</fanart>
</item>
<item>
	<title>[COLOR=white]The Princess Switch[/COLOR]</title>
	<meta>
	<imdb>tt8954732</imdb>
	<content>movie</content>
	<title>The Princess Switch</title>
	<year>2018</year>
	</meta>
	<link>
	<sublink>search</sublink>
	<sublink>searchsd</sublink>
	</link>
	<thumbnail>https://image.tmdb.org/t/p/w1280/biRUM4CBgfJtEQDCttf3zca4epp.jpg</thumbnail>
	<fanart>https://image.tmdb.org/t/p/w1280/eZeKHAqNsDAG6r8hi4sMzwqHn5n.jpg</fanart>
</item>
<item>
	<title>[COLOR=white]Loudon Wainwright III: Surviving Twin[/COLOR]</title>
	<meta>
	<imdb>tt9203030</imdb>
	<content>movie</content>
	<title>Loudon Wainwright III: Surviving Twin</title>
	<year>2018</year>
	</meta>
	<link>
	<sublink>search</sublink>
	<sublink>searchsd</sublink>
	</link>
	<thumbnail>https://image.tmdb.org/t/p/w1280/ylJGy4XjLB6kvpcCS0ZufB16JoE.jpg</thumbnail>
	<fanart>https://image.tmdb.org/t/p/w1280</fanart>
</item>
<item>
	<title>[COLOR=white]Bird Box[/COLOR]</title>
	<meta>
	<imdb>tt2737304</imdb>
	<content>movie</content>
	<title>Bird Box</title>
	<year>2018</year>
	</meta>
	<link>
	<sublink>search</sublink>
	<sublink>searchsd</sublink>
	</link>
	<thumbnail>https://image.tmdb.org/t/p/w1280/rGfGfgL2pEPCfhIvqHXieXFn7gp.jpg</thumbnail>
	<fanart>https://image.tmdb.org/t/p/w1280/z6m7s4w4Erxnr5k2jc1TZR1AMva.jpg</fanart>
</item>
<item>
	<title>[COLOR=white]The Ballad of Buster Scruggs[/COLOR]</title>
	<meta>
	<imdb>tt6412452</imdb>
	<content>movie</content>
	<title>The Ballad of Buster Scruggs</title>
	<year>2018</year>
	</meta>
	<link>
	<sublink>search</sublink>
	<sublink>searchsd</sublink>
	</link>
	<thumbnail>https://image.tmdb.org/t/p/w1280/bpQdRYpiiCH25v6JOVAvrM4IiBb.jpg</thumbnail>
	<fanart>https://image.tmdb.org/t/p/w1280/90kmxuSwU28dVy1ghVSHI4x1wb8.jpg</fanart>
</item>
<item>
	<title>[COLOR=white]Outlaw King[/COLOR]</title>
	<meta>
	<imdb>tt6679794</imdb>
	<content>movie</content>
	<title>Outlaw King</title>
	<year>2018</year>
	</meta>
	<link>
	<sublink>search</sublink>
	<sublink>searchsd</sublink>
	</link>
	<thumbnail>https://image.tmdb.org/t/p/w1280/rT49ousKUWN3dV7UlhaC9onTNdl.jpg</thumbnail>
	<fanart>https://image.tmdb.org/t/p/w1280/tT59Hcfj4Jb3qlTsJDuT0Sn7COl.jpg</fanart>
</item>
<item>
	<title>[COLOR=white]The Other Side of the Wind[/COLOR]</title>
	<meta>
	<imdb>tt0069049</imdb>
	<content>movie</content>
	<title>The Other Side of the Wind</title>
	<year>2018</year>
	</meta>
	<link>
	<sublink>search</sublink>
	<sublink>searchsd</sublink>
	</link>
	<thumbnail>https://image.tmdb.org/t/p/w1280/kFky1paYEfHxfCYByEc9g7gn6Zk.jpg</thumbnail>
	<fanart>https://image.tmdb.org/t/p/w1280/zjG95oDnBcFKMPgBEmmuNVOMC90.jpg</fanart>
</item>
<item>
	<title>[COLOR=white]The Holiday Calendar[/COLOR]</title>
	<meta>
	<imdb>tt8262802</imdb>
	<content>movie</content>
	<title>The Holiday Calendar</title>
	<year>2018</year>
	</meta>
	<link>
	<sublink>search</sublink>
	<sublink>searchsd</sublink>
	</link>
	<thumbnail>https://image.tmdb.org/t/p/w1280/wsdyE5n1IETXVYqa0GDUabqwqkx.jpg</thumbnail>
	<fanart>https://image.tmdb.org/t/p/w1280/a5KxxbuQAJu6HxZ48Uh4pXSSmZW.jpg</fanart>
</item>
<item>
	<title>[COLOR=white]ReMastered: Tricky Dick & The Man in Black[/COLOR]</title>
	<meta>
	<imdb>tt9046556</imdb>
	<content>movie</content>
	<title>ReMastered: Tricky Dick & The Man in Black</title>
	<year>2018</year>
	</meta>
	<link>
	<sublink>search</sublink>
	<sublink>searchsd</sublink>
	</link>
	<thumbnail>https://image.tmdb.org/t/p/w1280/nN511RlOvXXTiz8BT65o8ZR5feT.jpg</thumbnail>
	<fanart>https://image.tmdb.org/t/p/w1280/23DjeAXEbhQEPmiCDllLFqPI4Gv.jpg</fanart>
</item>
<item>
	<title>[COLOR=white]Dumplin'[/COLOR]</title>
	<meta>
	<imdb>tt4878482</imdb>
	<content>movie</content>
	<title>Dumplin'</title>
	<year>2018</year>
	</meta>
	<link>
	<sublink>search</sublink>
	<sublink>searchsd</sublink>
	</link>
	<thumbnail>https://image.tmdb.org/t/p/w1280/xJAB1HrFUuOf2VkWPaZ4N2DACCo.jpg</thumbnail>
	<fanart>https://image.tmdb.org/t/p/w1280/yhC8hunUhVlqnnIf7oLcYFHOAaG.jpg</fanart>
</item>
<item>
	<title>[COLOR=white]Derren Brown: Sacrifice[/COLOR]</title>
	<meta>
	<imdb>tt9077188</imdb>
	<content>movie</content>
	<title>Derren Brown: Sacrifice</title>
	<year>2018</year>
	</meta>
	<link>
	<sublink>search</sublink>
	<sublink>searchsd</sublink>
	</link>
	<thumbnail>https://image.tmdb.org/t/p/w1280/8v342kElMy6Lp3pW02FeiOY2LAn.jpg</thumbnail>
	<fanart>https://image.tmdb.org/t/p/w1280/dUbfgTJQYXPOiWM3KzWnwGS0lw9.jpg</fanart>
</item>
<item>
	<title>[COLOR=white]Been So Long[/COLOR]</title>
	<meta>
	<imdb>tt1682886</imdb>
	<content>movie</content>
	<title>Been So Long</title>
	<year>2018</year>
	</meta>
	<link>
	<sublink>search</sublink>
	<sublink>searchsd</sublink>
	</link>
	<thumbnail>https://image.tmdb.org/t/p/w1280/bcRWfy52zCivMslO0noORHtibrN.jpg</thumbnail>
	<fanart>https://image.tmdb.org/t/p/w1280/uuexlPWWsV3nbEkuIaYKWa9Nv6P.jpg</fanart>
</item>
<item>
	<title>[COLOR=white]ReMastered: Who Shot the Sheriff[/COLOR]</title>
	<meta>
	<imdb>tt9046548</imdb>
	<content>movie</content>
	<title>ReMastered: Who Shot the Sheriff</title>
	<year>2018</year>
	</meta>
	<link>
	<sublink>search</sublink>
	<sublink>searchsd</sublink>
	</link>
	<thumbnail>https://image.tmdb.org/t/p/w1280/6M59lJM0DcfdVVXO0KpwPTEekQ1.jpg</thumbnail>
	<fanart>https://image.tmdb.org/t/p/w1280/zSDb4AA6Lf8L8uh6qXPFp59mK2w.jpg</fanart>
</item>
<item>
	<title>[COLOR=white]The Night Comes for Us[/COLOR]</title>
	<meta>
	<imdb>tt6116856</imdb>
	<content>movie</content>
	<title>The Night Comes for Us</title>
	<year>2018</year>
	</meta>
	<link>
	<sublink>search</sublink>
	<sublink>searchsd</sublink>
	</link>
	<thumbnail>https://image.tmdb.org/t/p/w1280/8lI1p5cPqgXN2qrKZrmI3mhKBfs.jpg</thumbnail>
	<fanart>https://image.tmdb.org/t/p/w1280/zuadOm7Hkp149xnKJTvGKcssp6r.jpg</fanart>
</item>
<item>
	<title>[COLOR=white]Private Life[/COLOR]</title>
	<meta>
	<imdb>tt5536610</imdb>
	<content>movie</content>
	<title>Private Life</title>
	<year>2018</year>
	</meta>
	<link>
	<sublink>search</sublink>
	<sublink>searchsd</sublink>
	</link>
	<thumbnail>https://image.tmdb.org/t/p/w1280/aONxuWhj1cedsGVMcx7pVL6yeuY.jpg</thumbnail>
	<fanart>https://image.tmdb.org/t/p/w1280/onla4mvIdCD6luYTAMcLHizBAop.jpg</fanart>
</item>
<item>
	<title>[COLOR=white]Cam[/COLOR]</title>
	<meta>
	<imdb>tt8361028</imdb>
	<content>movie</content>
	<title>Cam</title>
	<year>2018</year>
	</meta>
	<link>
	<sublink>search</sublink>
	<sublink>searchsd</sublink>
	</link>
	<thumbnail>https://image.tmdb.org/t/p/w1280/p7m3sSQhnoT2uuxUsxF4mQX6opr.jpg</thumbnail>
	<fanart>https://image.tmdb.org/t/p/w1280/aFabIYJSWt6mycYmCiSiJqkdFHX.jpg</fanart>
</item>
<item>
	<title>[COLOR=white]Two Catalonias[/COLOR]</title>
	<meta>
	<imdb>tt9030612</imdb>
	<content>movie</content>
	<title>Two Catalonias</title>
	<year>2018</year>
	</meta>
	<link>
	<sublink>search</sublink>
	<sublink>searchsd</sublink>
	</link>
	<thumbnail>https://image.tmdb.org/t/p/w1280/kvhh8aN5ZPUvelieAOIa7fWMuiQ.jpg</thumbnail>
	<fanart>https://image.tmdb.org/t/p/w1280/f0d3oPTVKrPSQKEOqZ7t9HmqdX8.jpg</fanart>
</item>
<item>
	<title>[COLOR=white]Hold the Dark[/COLOR]</title>
	<meta>
	<imdb>tt5057140</imdb>
	<content>movie</content>
	<title>Hold the Dark</title>
	<year>2018</year>
	</meta>
	<link>
	<sublink>search</sublink>
	<sublink>searchsd</sublink>
	</link>
	<thumbnail>https://image.tmdb.org/t/p/w1280/1etEySwZQnBJpzgplgadPi5y4PL.jpg</thumbnail>
	<fanart>https://image.tmdb.org/t/p/w1280/ejcwWvDNRSATxEuRNEjK01seIem.jpg</fanart>
</item>
<item>
	<title>[COLOR=white]Quincy[/COLOR]</title>
	<meta>
	<imdb>tt7440432</imdb>
	<content>movie</content>
	<title>Quincy</title>
	<year>2018</year>
	</meta>
	<link>
	<sublink>search</sublink>
	<sublink>searchsd</sublink>
	</link>
	<thumbnail>https://image.tmdb.org/t/p/w1280/yYtY9CRLyz4dXqTOiimdMF7Nt4e.jpg</thumbnail>
	<fanart>https://image.tmdb.org/t/p/w1280/8McBKWoQOQZfeIGQl23g0TJ6jto.jpg</fanart>
</item>
<item>
	<title>[COLOR=white]Nappily Ever After[/COLOR]</title>
	<meta>
	<imdb>tt0365545</imdb>
	<content>movie</content>
	<title>Nappily Ever After</title>
	<year>2018</year>
	</meta>
	<link>
	<sublink>search</sublink>
	<sublink>searchsd</sublink>
	</link>
	<thumbnail>https://image.tmdb.org/t/p/w1280/lxXsGqxUwSxypffv8hn3r332jf4.jpg</thumbnail>
	<fanart>https://image.tmdb.org/t/p/w1280/ljTYcQ3pkzYF52Z8ev1Z1UThnPy.jpg</fanart>
</item>
<item>
	<title>[COLOR=white]Apostle[/COLOR]</title>
	<meta>
	<imdb>tt6217306</imdb>
	<content>movie</content>
	<title>Apostle</title>
	<year>2018</year>
	</meta>
	<link>
	<sublink>search</sublink>
	<sublink>searchsd</sublink>
	</link>
	<thumbnail>https://image.tmdb.org/t/p/w1280/rd269f2Yftxxam3EOJPYVwrvjIJ.jpg</thumbnail>
	<fanart>https://image.tmdb.org/t/p/w1280/73iZGJA287epF2nf2UvSbjelvlK.jpg</fanart>
</item>
<item>
	<title>[COLOR=white]The Land of Steady Habits[/COLOR]</title>
	<meta>
	<imdb>tt6485928</imdb>
	<content>movie</content>
	<title>The Land of Steady Habits</title>
	<year>2018</year>
	</meta>
	<link>
	<sublink>search</sublink>
	<sublink>searchsd</sublink>
	</link>
	<thumbnail>https://image.tmdb.org/t/p/w1280/e2cdubbzgDBIVG8lELeQUq50qiZ.jpg</thumbnail>
	<fanart>https://image.tmdb.org/t/p/w1280/9k9F12QhyeGorEvGbTyxk1SD8lh.jpg</fanart>
</item>
<item>
	<title>[COLOR=white]Next Gen[/COLOR]</title>
	<meta>
	<imdb>tt7133686</imdb>
	<content>movie</content>
	<title>Next Gen</title>
	<year>2018</year>
	</meta>
	<link>
	<sublink>search</sublink>
	<sublink>searchsd</sublink>
	</link>
	<thumbnail>https://image.tmdb.org/t/p/w1280/hUDDo5MPWM6rc6COQYhaoRNqvhE.jpg</thumbnail>
	<fanart>https://image.tmdb.org/t/p/w1280/4tO1A5g5ZOXVB22g2Wovcm39dYU.jpg</fanart>
</item>
<item>
	<title>[COLOR=white]Sierra Burgess Is a Loser[/COLOR]</title>
	<meta>
	<imdb>tt3120280</imdb>
	<content>movie</content>
	<title>Sierra Burgess Is a Loser</title>
	<year>2018</year>
	</meta>
	<link>
	<sublink>search</sublink>
	<sublink>searchsd</sublink>
	</link>
	<thumbnail>https://image.tmdb.org/t/p/w1280/vjnHRySiVM4YcBYzjCxw344y9g.jpg</thumbnail>
	<fanart>https://image.tmdb.org/t/p/w1280/fdFIVBpq57ZbHok07SI3gNLWUbO.jpg</fanart>
</item>
<item>
	<title>[COLOR=white]The Most Assassinated Woman in the World[/COLOR]</title>
	<meta>
	<imdb>tt6186696</imdb>
	<content>movie</content>
	<title>The Most Assassinated Woman in the World</title>
	<year>2018</year>
	</meta>
	<link>
	<sublink>search</sublink>
	<sublink>searchsd</sublink>
	</link>
	<thumbnail>https://image.tmdb.org/t/p/w1280/tC4IfhFv84CxC19BXN3678IeNRN.jpg</thumbnail>
	<fanart>https://image.tmdb.org/t/p/w1280/xQZCErvAiznVtnFVHVhfYbwlCXU.jpg</fanart>
</item>
<item>
	<title>[COLOR=white]22 July[/COLOR]</title>
	<meta>
	<imdb>tt7280898</imdb>
	<content>movie</content>
	<title>22 July</title>
	<year>2018</year>
	</meta>
	<link>
	<sublink>search</sublink>
	<sublink>searchsd</sublink>
	</link>
	<thumbnail>https://image.tmdb.org/t/p/w1280/34osIViLgpz6lEnkxXpTJMbNRBW.jpg</thumbnail>
	<fanart>https://image.tmdb.org/t/p/w1280/iChucu69wC4ccXwGii4PuCT7MnY.jpg</fanart>
</item>
<item>
	<title>[COLOR=white]Reversing Roe[/COLOR]</title>
	<meta>
	<imdb>tt8948614</imdb>
	<content>movie</content>
	<title>Reversing Roe</title>
	<year>2018</year>
	</meta>
	<link>
	<sublink>search</sublink>
	<sublink>searchsd</sublink>
	</link>
	<thumbnail>https://image.tmdb.org/t/p/w1280/6BnywwZkvTrAIOsNCyfPPkwknUF.jpg</thumbnail>
	<fanart>https://image.tmdb.org/t/p/w1280/sQ7jm4YHMMJ9zUfNOx8JB3O9lZ1.jpg</fanart>
</item>
<item>
	<title>[COLOR=white]They'll Love Me When I'm Dead[/COLOR]</title>
	<meta>
	<imdb>tt6893836</imdb>
	<content>movie</content>
	<title>They'll Love Me When I'm Dead</title>
	<year>2018</year>
	</meta>
	<link>
	<sublink>search</sublink>
	<sublink>searchsd</sublink>
	</link>
	<thumbnail>https://image.tmdb.org/t/p/w1280/h7YHg3BOEjlZSCJ41FBHyeQkoUG.jpg</thumbnail>
	<fanart>https://image.tmdb.org/t/p/w1280/tgw8Aa4wHuqbGi36LkAuHFVUBYW.jpg</fanart>
</item>
<item>
	<title>[COLOR=white]On My Skin[/COLOR]</title>
	<meta>
	<imdb>tt7121252</imdb>
	<content>movie</content>
	<title>On My Skin</title>
	<year>2018</year>
	</meta>
	<link>
	<sublink>search</sublink>
	<sublink>searchsd</sublink>
	</link>
	<thumbnail>https://image.tmdb.org/t/p/w1280/woamzsZd0F4TF5kA00Dpy3ahGtB.jpg</thumbnail>
	<fanart>https://image.tmdb.org/t/p/w1280/lpuehRS74pgVYIQ6ZQ2fIAaoAvo.jpg</fanart>
</item>
<item>
	<title>[COLOR=white]The After Party[/COLOR]</title>
	<meta>
	<imdb>tt3960240</imdb>
	<content>movie</content>
	<title>The After Party</title>
	<year>2018</year>
	</meta>
	<link>
	<sublink>search</sublink>
	<sublink>searchsd</sublink>
	</link>
	<thumbnail>https://image.tmdb.org/t/p/w1280/wFPGheX6X4bt1ZqP1870MPlUvGu.jpg</thumbnail>
	<fanart>https://image.tmdb.org/t/p/w1280/6GyzqGMUMmSTcCdkOoEFEq2FUWD.jpg</fanart>
</item>
<item>
	<title>[COLOR=white]To All the Boys I've Loved Before[/COLOR]</title>
	<meta>
	<imdb>tt3846674</imdb>
	<content>movie</content>
	<title>To All the Boys I've Loved Before</title>
	<year>2018</year>
	</meta>
	<link>
	<sublink>search</sublink>
	<sublink>searchsd</sublink>
	</link>
	<thumbnail>https://image.tmdb.org/t/p/w1280/hKHZhUbIyUAjcSrqJThFGYIR6kI.jpg</thumbnail>
	<fanart>https://image.tmdb.org/t/p/w1280/hBHxBOGQBTMX3bDmqKoAgniZ9hE.jpg</fanart>
</item>
<item>
	<title>[COLOR=white]The Package[/COLOR]</title>
	<meta>
	<imdb>tt7525778</imdb>
	<content>movie</content>
	<title>The Package</title>
	<year>2018</year>
	</meta>
	<link>
	<sublink>search</sublink>
	<sublink>searchsd</sublink>
	</link>
	<thumbnail>https://image.tmdb.org/t/p/w1280/70mP0nwUmtaL44Y8aoUn6uBjJON.jpg</thumbnail>
	<fanart>https://image.tmdb.org/t/p/w1280/h7ZsXi0b7ikKNLnvdEtwVZcphZb.jpg</fanart>
</item>
<item>
	<title>[COLOR=white]Like Father[/COLOR]</title>
	<meta>
	<imdb>tt7170950</imdb>
	<content>movie</content>
	<title>Like Father</title>
	<year>2018</year>
	</meta>
	<link>
	<sublink>search</sublink>
	<sublink>searchsd</sublink>
	</link>
	<thumbnail>https://image.tmdb.org/t/p/w1280/xPN8iFewcLAdonUec76qrAEnHm6.jpg</thumbnail>
	<fanart>https://image.tmdb.org/t/p/w1280/pDQvWtaF4ujUooN4lojronauIFU.jpg</fanart>
</item>
<item>
	<title>[COLOR=white]Brij Mohan Amar Rahe![/COLOR]</title>
	<meta>
	<imdb>tt6514010</imdb>
	<content>movie</content>
	<title>Brij Mohan Amar Rahe!</title>
	<year>2018</year>
	</meta>
	<link>
	<sublink>search</sublink>
	<sublink>searchsd</sublink>
	</link>
	<thumbnail>https://image.tmdb.org/t/p/w1280/uaR0c0n3wXAZhKNfhuyb3ojkSk4.jpg</thumbnail>
	<fanart>https://image.tmdb.org/t/p/w1280/sSzcJL3IeZzbe5L8oHvJgEXBAaM.jpg</fanart>
</item>
<item>
	<title>[COLOR=white]Extinction[/COLOR]</title>
	<meta>
	<imdb>tt3201640</imdb>
	<content>movie</content>
	<title>Extinction</title>
	<year>2018</year>
	</meta>
	<link>
	<sublink>search</sublink>
	<sublink>searchsd</sublink>
	</link>
	<thumbnail>https://image.tmdb.org/t/p/w1280/qjnNdjrZIdi7d316SjjkgEjJRSg.jpg</thumbnail>
	<fanart>https://image.tmdb.org/t/p/w1280/mPNGcX1j5SFeDETkvcJA9POaNx8.jpg</fanart>
</item>
<item>
	<title>[COLOR=white]Father of the Year[/COLOR]</title>
	<meta>
	<imdb>tt7256866</imdb>
	<content>movie</content>
	<title>Father of the Year</title>
	<year>2018</year>
	</meta>
	<link>
	<sublink>search</sublink>
	<sublink>searchsd</sublink>
	</link>
	<thumbnail>https://image.tmdb.org/t/p/w1280/mmBdCkZxHwQn5zM17cZmd3giJCY.jpg</thumbnail>
	<fanart>https://image.tmdb.org/t/p/w1280/ohqTNoA6pYzTXookp8UXNWQlAgY.jpg</fanart>
</item>
<item>
	<title>[COLOR=white]How It Ends[/COLOR]</title>
	<meta>
	<imdb>none</imdb>
	<content>movie</content>
	<title>How It Ends</title>
	<year>2018</year>
	</meta>
	<link>
	<sublink>search</sublink>
	<sublink>searchsd</sublink>
	</link>
	<thumbnail>https://image.tmdb.org/t/p/w1280/prdFM08mGvVDA6uQxKJh8n8Vek1.jpg</thumbnail>
	<fanart>https://image.tmdb.org/t/p/w1280/ehuTTbSZvmloP8T4UHVnb6sKQcC.jpg</fanart>
</item>
<item>
	<title>[COLOR=white]To Each, Her Own[/COLOR]</title>
	<meta>
	<imdb>none</imdb>
	<content>movie</content>
	<title>To Each, Her Own</title>
	<year>2018</year>
	</meta>
	<link>
	<sublink>search</sublink>
	<sublink>searchsd</sublink>
	</link>
	<thumbnail>https://image.tmdb.org/t/p/w1280/1AImyygoY05oNvlEYJVMZ7sbfwo.jpg</thumbnail>
	<fanart>https://image.tmdb.org/t/p/w1280/ch2ZiazlS1KUfXTdjgRfNQKEfK2.jpg</fanart>
</item>
<item>
	<title>[COLOR=white]Calibre[/COLOR]</title>
	<meta>
	<imdb>none</imdb>
	<content>movie</content>
	<title>Calibre</title>
	<year>2018</year>
	</meta>
	<link>
	<sublink>search</sublink>
	<sublink>searchsd</sublink>
	</link>
	<thumbnail>https://image.tmdb.org/t/p/w1280/gCVOQzV7Z556WnJFNeX7y8BFhyW.jpg</thumbnail>
	<fanart>https://image.tmdb.org/t/p/w1280/9YJqI5vudysYgU21YHfC2JHKG6t.jpg</fanart>
</item>
<item>
	<title>[COLOR=white]Tau[/COLOR]</title>
	<meta>
	<imdb>none</imdb>
	<content>movie</content>
	<title>Tau</title>
	<year>2018</year>
	</meta>
	<link>
	<sublink>search</sublink>
	<sublink>searchsd</sublink>
	</link>
	<thumbnail>https://image.tmdb.org/t/p/w1280/qqYOlCee3X7cKg05EOQH1htcHmy.jpg</thumbnail>
	<fanart>https://image.tmdb.org/t/p/w1280/b6Eiab3GzmO58y1ixxr2coA43Nd.jpg</fanart>
</item>
<item>
	<title>[COLOR=white]Set It Up[/COLOR]</title>
	<meta>
	<imdb>tt5304992</imdb>
	<content>movie</content>
	<title>Set It Up</title>
	<year>2018</year>
	</meta>
	<link>
	<sublink>search</sublink>
	<sublink>searchsd</sublink>
	</link>
	<thumbnail>https://image.tmdb.org/t/p/w1280/XF5jV0UxKnYNPAimem0hbwPfCR.jpg</thumbnail>
	<fanart>https://image.tmdb.org/t/p/w1280/wYHaQzfzv5vOGaV6uPhatFWG338.jpg</fanart>
</item>
<item>
	<title>[COLOR=white]Ibiza[/COLOR]</title>
	<meta>
	<imdb>tt3685236</imdb>
	<content>movie</content>
	<title>Ibiza</title>
	<year>2018</year>
	</meta>
	<link>
	<sublink>search</sublink>
	<sublink>searchsd</sublink>
	</link>
	<thumbnail>https://image.tmdb.org/t/p/w1280/xm0QJ3eumZ5LSewpYKQe6KfwWRW.jpg</thumbnail>
	<fanart>https://image.tmdb.org/t/p/w1280/nHtagbQtCQGlenIts2z5MCAFC30.jpg</fanart>
</item>
<item>
	<title>[COLOR=white]The Angel[/COLOR]</title>
	<meta>
	<imdb>tt5968274</imdb>
	<content>movie</content>
	<title>The Angel</title>
	<year>2018</year>
	</meta>
	<link>
	<sublink>search</sublink>
	<sublink>searchsd</sublink>
	</link>
	<thumbnail>https://image.tmdb.org/t/p/w1280/d5vBixJD1coOvHvr8N2pbyffxFU.jpg</thumbnail>
	<fanart>https://image.tmdb.org/t/p/w1280/qrBv1AZmVup94lHgpMMFdbl9pbj.jpg</fanart>
</item>
<item>
	<title>[COLOR=white]The Kissing Booth[/COLOR]</title>
	<meta>
	<imdb>tt3799232</imdb>
	<content>movie</content>
	<title>The Kissing Booth</title>
	<year>2018</year>
	</meta>
	<link>
	<sublink>search</sublink>
	<sublink>searchsd</sublink>
	</link>
	<thumbnail>https://image.tmdb.org/t/p/w1280/7Dktk2ST6aL8h9Oe5rpk903VLhx.jpg</thumbnail>
	<fanart>https://image.tmdb.org/t/p/w1280/xEKx7zPEjN6meomZ7OhV82Mm2jm.jpg</fanart>
</item>
<item>
	<title>[COLOR=white]Forgive Us Our Debts[/COLOR]</title>
	<meta>
	<imdb>tt6679412</imdb>
	<content>movie</content>
	<title>Forgive Us Our Debts</title>
	<year>2018</year>
	</meta>
	<link>
	<sublink>search</sublink>
	<sublink>searchsd</sublink>
	</link>
	<thumbnail>https://image.tmdb.org/t/p/w1280/6b1XcIAYrxITFuLBbhxttPmwpyM.jpg</thumbnail>
	<fanart>https://image.tmdb.org/t/p/w1280/1CCseYlxcut10Fb4cXLFbjjifBJ.jpg</fanart>
</item>
<item>
	<title>[COLOR=white]Recovery Boys[/COLOR]</title>
	<meta>
	<imdb>tt8167872</imdb>
	<content>movie</content>
	<title>Recovery Boys</title>
	<year>2018</year>
	</meta>
	<link>
	<sublink>search</sublink>
	<sublink>searchsd</sublink>
	</link>
	<thumbnail>https://image.tmdb.org/t/p/w1280/i8lsiLjNuEED3yxlmp89s4WAlOp.jpg</thumbnail>
	<fanart>https://image.tmdb.org/t/p/w1280/s3tvfceLs4STaaISZhESfiRpzTb.jpg</fanart>
</item>
<item>
	<title>[COLOR=white]Candy Jar[/COLOR]</title>
	<meta>
	<imdb>tt6744044</imdb>
	<content>movie</content>
	<title>Candy Jar</title>
	<year>2018</year>
	</meta>
	<link>
	<sublink>search</sublink>
	<sublink>searchsd</sublink>
	</link>
	<thumbnail>https://image.tmdb.org/t/p/w1280/u9PG1LG0zLnl6QQxw4WoRJEroXF.jpg</thumbnail>
	<fanart>https://image.tmdb.org/t/p/w1280/n5Apka5JaYrLXcQa3lXhnzuBXHj.jpg</fanart>
</item>
<item>
	<title>[COLOR=white]The Week Of[/COLOR]</title>
	<meta>
	<imdb>tt6821012</imdb>
	<content>movie</content>
	<title>The Week Of</title>
	<year>2018</year>
	</meta>
	<link>
	<sublink>search</sublink>
	<sublink>searchsd</sublink>
	</link>
	<thumbnail>https://image.tmdb.org/t/p/w1280/2MW56TDpVEv4Zi8VyclL35VxhTM.jpg</thumbnail>
	<fanart>https://image.tmdb.org/t/p/w1280/pGIcZ1WD0cxpiQ0JaGy9VFvAZwW.jpg</fanart>
</item>
<item>
	<title>[COLOR=white]The Rachel Divide[/COLOR]</title>
	<meta>
	<imdb>tt8106570</imdb>
	<content>movie</content>
	<title>The Rachel Divide</title>
	<year>2018</year>
	</meta>
	<link>
	<sublink>search</sublink>
	<sublink>searchsd</sublink>
	</link>
	<thumbnail>https://image.tmdb.org/t/p/w1280/v52G1noifAdgXHQRR06k9U1pu2R.jpg</thumbnail>
	<fanart>https://image.tmdb.org/t/p/w1280/tcoStCuUiyn840D0cP2NGBMLYc.jpg</fanart>
</item>
<item>
	<title>[COLOR=white]The Bleeding Edge[/COLOR]</title>
	<meta>
	<imdb>tt8106576</imdb>
	<content>movie</content>
	<title>The Bleeding Edge</title>
	<year>2018</year>
	</meta>
	<link>
	<sublink>search</sublink>
	<sublink>searchsd</sublink>
	</link>
	<thumbnail>https://image.tmdb.org/t/p/w1280/weWAoaNOWi5VBnnGF5wEDI14LYi.jpg</thumbnail>
	<fanart>https://image.tmdb.org/t/p/w1280/7PRIyUrKCnmWv8LZRFEveL5m5ZS.jpg</fanart>
</item>
<item>
	<title>[COLOR=white]Dude[/COLOR]</title>
	<meta>
	<imdb>tt3458510</imdb>
	<content>movie</content>
	<title>Dude</title>
	<year>2018</year>
	</meta>
	<link>
	<sublink>search</sublink>
	<sublink>searchsd</sublink>
	</link>
	<thumbnail>https://image.tmdb.org/t/p/w1280/vh4K737r0ZjrioIjHcs7ktV8RFO.jpg</thumbnail>
	<fanart>https://image.tmdb.org/t/p/w1280/o8kdF2dZNzjEzuVZfgaSLUSVqNH.jpg</fanart>
</item>
<item>
	<title>[COLOR=white]Alex Strangelove[/COLOR]</title>
	<meta>
	<imdb>tt5688996</imdb>
	<content>movie</content>
	<title>Alex Strangelove</title>
	<year>2018</year>
	</meta>
	<link>
	<sublink>search</sublink>
	<sublink>searchsd</sublink>
	</link>
	<thumbnail>https://image.tmdb.org/t/p/w1280/e9haaQZp1WsJLauz9WNT30lKCCL.jpg</thumbnail>
	<fanart>https://image.tmdb.org/t/p/w1280/hIYW4b3KiFczT0OWU80XmqiXg4r.jpg</fanart>
</item>
<item>
	<title>[COLOR=white]I Am Not an Easy Man[/COLOR]</title>
	<meta>
	<imdb>tt6857988</imdb>
	<content>movie</content>
	<title>I Am Not an Easy Man</title>
	<year>2018</year>
	</meta>
	<link>
	<sublink>search</sublink>
	<sublink>searchsd</sublink>
	</link>
	<thumbnail>https://image.tmdb.org/t/p/w1280/jnAtRqnP4mVZZmrJd2AOtU6t1zu.jpg</thumbnail>
	<fanart>https://image.tmdb.org/t/p/w1280/l6V9uWgQPz2kReUFYbfNUpPO1R3.jpg</fanart>
</item>
<item>
	<title>[COLOR=white]Mercury 13[/COLOR]</title>
	<meta>
	<imdb>tt8139850</imdb>
	<content>movie</content>
	<title>Mercury 13</title>
	<year>2018</year>
	</meta>
	<link>
	<sublink>search</sublink>
	<sublink>searchsd</sublink>
	</link>
	<thumbnail>https://image.tmdb.org/t/p/w1280/cIH8lHaNRGjSLXlkOzyp1MkE0yk.jpg</thumbnail>
	<fanart>https://image.tmdb.org/t/p/w1280/msuSWuBdzzhWtWjViOGrlsnDOV7.jpg</fanart>
</item>
<item>
	<title>[COLOR=white]Amateur[/COLOR]</title>
	<meta>
	<imdb>tt5580392</imdb>
	<content>movie</content>
	<title>Amateur</title>
	<year>2018</year>
	</meta>
	<link>
	<sublink>search</sublink>
	<sublink>searchsd</sublink>
	</link>
	<thumbnail>https://image.tmdb.org/t/p/w1280/nWUvlNxKSMdegAoY5eMOqPwMKIb.jpg</thumbnail>
	<fanart>https://image.tmdb.org/t/p/w1280/xXpATYKBOKacswyO465SNu0bh8R.jpg</fanart>
</item>
<item>
	<title>[COLOR=white]Happy Anniversary[/COLOR]</title>
	<meta>
	<imdb>tt6423886</imdb>
	<content>movie</content>
	<title>Happy Anniversary</title>
	<year>2018</year>
	</meta>
	<link>
	<sublink>search</sublink>
	<sublink>searchsd</sublink>
	</link>
	<thumbnail>https://image.tmdb.org/t/p/w1280/nQYX248aotb6ma6QxJ14utYEYoD.jpg</thumbnail>
	<fanart>https://image.tmdb.org/t/p/w1280/ai16vB3j857Ilmebz8WmjxHqesA.jpg</fanart>
</item>
<item>
	<title>[COLOR=white]Game Over, Man![/COLOR]</title>
	<meta>
	<imdb>tt3317234</imdb>
	<content>movie</content>
	<title>Game Over, Man!</title>
	<year>2018</year>
	</meta>
	<link>
	<sublink>search</sublink>
	<sublink>searchsd</sublink>
	</link>
	<thumbnail>https://image.tmdb.org/t/p/w1280/58BnnYeQOTzdMBghZIH1tSH0REx.jpg</thumbnail>
	<fanart>https://image.tmdb.org/t/p/w1280/3pAMssPUybLcjar4wpId9HPmW0d.jpg</fanart>
</item>
<item>
	<title>[COLOR=white]Paradox[/COLOR]</title>
	<meta>
	<imdb>tt7949046</imdb>
	<content>movie</content>
	<title>Paradox</title>
	<year>2018</year>
	</meta>
	<link>
	<sublink>search</sublink>
	<sublink>searchsd</sublink>
	</link>
	<thumbnail>https://image.tmdb.org/t/p/w1280/bEvWTCEZUIqSJ12n4mOVAxid0x3.jpg</thumbnail>
	<fanart>https://image.tmdb.org/t/p/w1280/xWZrhF5RvBJvDhtCjf3FRtDmnc.jpg</fanart>
</item>
<item>
	<title>[COLOR=white]First Match[/COLOR]</title>
	<meta>
	<imdb>tt6061074</imdb>
	<content>movie</content>
	<title>First Match</title>
	<year>2018</year>
	</meta>
	<link>
	<sublink>search</sublink>
	<sublink>searchsd</sublink>
	</link>
	<thumbnail>https://image.tmdb.org/t/p/w1280/zwmtK6A7jwriIY0gh0HUgvI1ETA.jpg</thumbnail>
	<fanart>https://image.tmdb.org/t/p/w1280/jP7GwNF0xtpYptH4VwBSBUH28dX.jpg</fanart>
</item>
<item>
	<title>[COLOR=white]6 Balloons[/COLOR]</title>
	<meta>
	<imdb>tt6142496</imdb>
	<content>movie</content>
	<title>6 Balloons</title>
	<year>2018</year>
	</meta>
	<link>
	<sublink>search</sublink>
	<sublink>searchsd</sublink>
	</link>
	<thumbnail>https://image.tmdb.org/t/p/w1280/aqSQCTtehs7bF8VhpnAtrP5yUo.jpg</thumbnail>
	<fanart>https://image.tmdb.org/t/p/w1280/vfUsnZe5CK3SIqpJq1sA5rUJcRi.jpg</fanart>
</item>
<item>
	<title>[COLOR=white]The Legacy of a Whitetail Deer Hunter[/COLOR]</title>
	<meta>
	<imdb>tt4762824</imdb>
	<content>movie</content>
	<title>The Legacy of a Whitetail Deer Hunter</title>
	<year>2018</year>
	</meta>
	<link>
	<sublink>search</sublink>
	<sublink>searchsd</sublink>
	</link>
	<thumbnail>https://image.tmdb.org/t/p/w1280/rEz6ArsPGzVnizMS1fWrvrQcp7t.jpg</thumbnail>
	<fanart>https://image.tmdb.org/t/p/w1280/7d9FuqKerqtGzxXjhfLOI4outgF.jpg</fanart>
</item>
<item>
	<title>[COLOR=white]Take Your Pills[/COLOR]</title>
	<meta>
	<imdb>tt7983844</imdb>
	<content>movie</content>
	<title>Take Your Pills</title>
	<year>2018</year>
	</meta>
	<link>
	<sublink>search</sublink>
	<sublink>searchsd</sublink>
	</link>
	<thumbnail>https://image.tmdb.org/t/p/w1280/uf4e4p3JxHKNH9P92zNRW7zpZeR.jpg</thumbnail>
	<fanart>https://image.tmdb.org/t/p/w1280/yRpctjkzpc0hvfkEuY7s3D9PnjG.jpg</fanart>
</item>
<item>
	<title>[COLOR=white]The Outsider[/COLOR]</title>
	<meta>
	<imdb>tt2011311</imdb>
	<content>movie</content>
	<title>The Outsider</title>
	<year>2018</year>
	</meta>
	<link>
	<sublink>search</sublink>
	<sublink>searchsd</sublink>
	</link>
	<thumbnail>https://image.tmdb.org/t/p/w1280/m2riQcEzjVrkP8wKHDXwC5EQpHQ.jpg</thumbnail>
	<fanart>https://image.tmdb.org/t/p/w1280/23SZepxYhpeaBeEGiMrtWA84ANu.jpg</fanart>
</item>
<item>
	<title>[COLOR=white]Benji[/COLOR]</title>
	<meta>
	<imdb>tt1799516</imdb>
	<content>movie</content>
	<title>Benji</title>
	<year>2018</year>
	</meta>
	<link>
	<sublink>search</sublink>
	<sublink>searchsd</sublink>
	</link>
	<thumbnail>https://image.tmdb.org/t/p/w1280/yvmhEcqzN2bUZvEmEIh9SjhTkr6.jpg</thumbnail>
	<fanart>https://image.tmdb.org/t/p/w1280/eOkbeZ658RHVt7ULoFBqmesxEYX.jpg</fanart>
</item>
<item>
	<title>[COLOR=white]Mute[/COLOR]</title>
	<meta>
	<imdb>tt1464763</imdb>
	<content>movie</content>
	<title>Mute</title>
	<year>2018</year>
	</meta>
	<link>
	<sublink>search</sublink>
	<sublink>searchsd</sublink>
	</link>
	<thumbnail>https://image.tmdb.org/t/p/w1280/ihGg1xndLl3MW34Km332pNkyLH7.jpg</thumbnail>
	<fanart>https://image.tmdb.org/t/p/w1280/tHTmBF6nhRYmfBR3yRrmrCLy3Oi.jpg</fanart>
</item>
<item>
	<title>[COLOR=white]Feminists: What Were They Thinking?[/COLOR]</title>
	<meta>
	<imdb>tt5419676</imdb>
	<content>movie</content>
	<title>Feminists: What Were They Thinking?</title>
	<year>2018</year>
	</meta>
	<link>
	<sublink>search</sublink>
	<sublink>searchsd</sublink>
	</link>
	<thumbnail>https://image.tmdb.org/t/p/w1280/dmSlkxFmbZmhdsvxuVIhgmlPmRK.jpg</thumbnail>
	<fanart>https://image.tmdb.org/t/p/w1280/6uPii9T9SeZHbm8YBMilyrXtZo6.jpg</fanart>
</item>
<item>
	<title>[COLOR=white]Irreplaceable You[/COLOR]</title>
	<meta>
	<imdb>tt6119856</imdb>
	<content>movie</content>
	<title>Irreplaceable You</title>
	<year>2018</year>
	</meta>
	<link>
	<sublink>search</sublink>
	<sublink>searchsd</sublink>
	</link>
	<thumbnail>https://image.tmdb.org/t/p/w1280/hkflwtWCJffdDSwg63fdDFbwOvS.jpg</thumbnail>
	<fanart>https://image.tmdb.org/t/p/w1280/i60mGxEh6NT8qcR1sHDefmSTSCT.jpg</fanart>
</item>
<item>
	<title>[COLOR=white]Love per Square Foot[/COLOR]</title>
	<meta>
	<imdb>tt7853242</imdb>
	<content>movie</content>
	<title>Love per Square Foot</title>
	<year>2018</year>
	</meta>
	<link>
	<sublink>search</sublink>
	<sublink>searchsd</sublink>
	</link>
	<thumbnail>https://image.tmdb.org/t/p/w1280/ox0tD3K6WjLItgAMGFqt7oYaNUH.jpg</thumbnail>
	<fanart>https://image.tmdb.org/t/p/w1280/vhqkNZPc2yCaKSFBkPlELg5HYYM.jpg</fanart>
</item>
<item>
	<title>[COLOR=white]When We First Met[/COLOR]</title>
	<meta>
	<imdb>tt5783956</imdb>
	<content>movie</content>
	<title>When We First Met</title>
	<year>2018</year>
	</meta>
	<link>
	<sublink>search</sublink>
	<sublink>searchsd</sublink>
	</link>
	<thumbnail>https://image.tmdb.org/t/p/w1280/u5VJ1XmPRUWNz9l0mP2rHmkUuvQ.jpg</thumbnail>
	<fanart>https://image.tmdb.org/t/p/w1280/cuQFfMrTLFZkMFFt6InMhUikRna.jpg</fanart>
</item>
<item>
	<title>[COLOR=white]The Cloverfield Paradox[/COLOR]</title>
	<meta>
	<imdb>tt2548396</imdb>
	<content>movie</content>
	<title>The Cloverfield Paradox</title>
	<year>2018</year>
	</meta>
	<link>
	<sublink>search</sublink>
	<sublink>searchsd</sublink>
	</link>
	<thumbnail>https://image.tmdb.org/t/p/w1280/dJe4s2h9hac0Fu3pQVV4OuWe8kU.jpg</thumbnail>
	<fanart>https://image.tmdb.org/t/p/w1280/lX4jScWnurasu6Kxuqo9819mjM2.jpg</fanart>
</item>
<item>
	<title>[COLOR=white]A Futile and Stupid Gesture[/COLOR]</title>
	<meta>
	<imdb>tt5566790</imdb>
	<content>movie</content>
	<title>A Futile and Stupid Gesture</title>
	<year>2018</year>
	</meta>
	<link>
	<sublink>search</sublink>
	<sublink>searchsd</sublink>
	</link>
	<thumbnail>https://image.tmdb.org/t/p/w1280/6oGLSTyYWbMws5ITAGzbNz3Mo3R.jpg</thumbnail>
	<fanart>https://image.tmdb.org/t/p/w1280/kylCZCAHU1O4srE0G6MoTfIiMPd.jpg</fanart>
</item>
<item>
	<title>[COLOR=white]Shirkers[/COLOR]</title>
	<meta>
	<imdb>tt7472352</imdb>
	<content>movie</content>
	<title>Shirkers</title>
	<year>2018</year>
	</meta>
	<link>
	<sublink>search</sublink>
	<sublink>searchsd</sublink>
	</link>
	<thumbnail>https://image.tmdb.org/t/p/w1280/65ZhFYz0tTLpoDZy2qShsHW92qu.jpg</thumbnail>
	<fanart>https://image.tmdb.org/t/p/w1280/9rw9mw4nVKKFc97jk0e7IKG5Ix9.jpg</fanart>
</item>
<item>
	<title>[COLOR=white]Seeing Allred[/COLOR]</title>
	<meta>
	<imdb>tt7689924</imdb>
	<content>movie</content>
	<title>Seeing Allred</title>
	<year>2018</year>
	</meta>
	<link>
	<sublink>search</sublink>
	<sublink>searchsd</sublink>
	</link>
	<thumbnail>https://image.tmdb.org/t/p/w1280/aJPw57sMUlYtmD8WvYvOrzMBt9I.jpg</thumbnail>
	<fanart>https://image.tmdb.org/t/p/w1280/nHMDV9T4zlGm1jBbjNCYA3rwgs5.jpg</fanart>
</item>
<item>
	<title>[COLOR=white]Come Sunday[/COLOR]</title>
	<meta>
	<imdb>tt1690967</imdb>
	<content>movie</content>
	<title>Come Sunday</title>
	<year>2018</year>
	</meta>
	<link>
	<sublink>search</sublink>
	<sublink>searchsd</sublink>
	</link>
	<thumbnail>https://image.tmdb.org/t/p/w1280/ubMFT42itwYEPhyU9xwsvq8eIhC.jpg</thumbnail>
	<fanart>https://image.tmdb.org/t/p/w1280/vIZrKlcDYZTfYcp60H0YwW2MISV.jpg</fanart>
</item>
<item>
	<title>[COLOR=white]Step Sisters[/COLOR]</title>
	<meta>
	<imdb>tt5267472</imdb>
	<content>movie</content>
	<title>Step Sisters</title>
	<year>2018</year>
	</meta>
	<link>
	<sublink>search</sublink>
	<sublink>searchsd</sublink>
	</link>
	<thumbnail>https://image.tmdb.org/t/p/w1280/cncHzM37IbohkBX7tlSTiULfIsO.jpg</thumbnail>
	<fanart>https://image.tmdb.org/t/p/w1280/tcMZBatQfTzbe33DkUXRFVs9YR9.jpg</fanart>
</item>
<item>
	<title>[COLOR=white]The Open House[/COLOR]</title>
	<meta>
	<imdb>tt7608028</imdb>
	<content>movie</content>
	<title>The Open House</title>
	<year>2018</year>
	</meta>
	<link>
	<sublink>search</sublink>
	<sublink>searchsd</sublink>
	</link>
	<thumbnail>https://image.tmdb.org/t/p/w1280/7JwdoLcbFWaeUBxKaoFulRVK8Ja.jpg</thumbnail>
	<fanart>https://image.tmdb.org/t/p/w1280/aDmXiKzMCrc4uyQifPTWCJ2vBuc.jpg</fanart>
</item>
<item>
	<title>[COLOR=white]Bright[/COLOR]</title>
	<meta>
	<imdb>tt5519340</imdb>
	<content>movie</content>
	<title>Bright</title>
	<year>2017</year>
	</meta>
	<link>
	<sublink>search</sublink>
	<sublink>searchsd</sublink>
	</link>
	<thumbnail>https://image.tmdb.org/t/p/w1280/whkT53Sv2vKAUiknQ13pqcWaPXB.jpg</thumbnail>
	<fanart>https://image.tmdb.org/t/p/w1280/b09HLFIifMNljI7NI9CJgm2gN1Y.jpg</fanart>
</item>
<item>
	<title>[COLOR=white]Christmas Inheritance[/COLOR]</title>
	<meta>
	<imdb>tt7608534</imdb>
	<content>movie</content>
	<title>Christmas Inheritance</title>
	<year>2017</year>
	</meta>
	<link>
	<sublink>search</sublink>
	<sublink>searchsd</sublink>
	</link>
	<thumbnail>https://image.tmdb.org/t/p/w1280/sqdbF40nBzS2IZVAGPxJT7loxoM.jpg</thumbnail>
	<fanart>https://image.tmdb.org/t/p/w1280/w1JmwP9Xpr8XzdaGLXZnkRSaWAo.jpg</fanart>
</item>
<item>
	<title>[COLOR=white]El Camino Christmas[/COLOR]</title>
	<meta>
	<imdb>tt3255590</imdb>
	<content>movie</content>
	<title>El Camino Christmas</title>
	<year>2017</year>
	</meta>
	<link>
	<sublink>search</sublink>
	<sublink>searchsd</sublink>
	</link>
	<thumbnail>https://image.tmdb.org/t/p/w1280/74FjQrZ9SSkfh3rts4PXm9wArqd.jpg</thumbnail>
	<fanart>https://image.tmdb.org/t/p/w1280/9DbG4Xr6H0gxyHpnBg7haeL5xVH.jpg</fanart>
</item>
<item>
	<title>[COLOR=white]Bomb Scared[/COLOR]</title>
	<meta>
	<imdb>tt6895746</imdb>
	<content>movie</content>
	<title>Bomb Scared</title>
	<year>2017</year>
	</meta>
	<link>
	<sublink>search</sublink>
	<sublink>searchsd</sublink>
	</link>
	<thumbnail>https://image.tmdb.org/t/p/w1280/8dW8YREIh67g360NzWHPdOE4c41.jpg</thumbnail>
	<fanart>https://image.tmdb.org/t/p/w1280/uwkdi1TjREH2WKrCWLvv6uwjWUY.jpg</fanart>
</item>
<item>
	<title>[COLOR=white]Barbra: The Music ... The Mem'ries ... The Magic![/COLOR]</title>
	<meta>
	<imdb>none</imdb>
	<content>movie</content>
	<title>Barbra: The Music ... The Mem'ries ... The Magic!</title>
	<year>2017</year>
	</meta>
	<link>
	<sublink>search</sublink>
	<sublink>searchsd</sublink>
	</link>
	<thumbnail>https://image.tmdb.org/t/p/w1280/5DyY92fWXrAoutY2vAatMnt2rPq.jpg</thumbnail>
	<fanart>https://image.tmdb.org/t/p/w1280/f4CRF9cVInfjdYpgVbMJG3naD7p.jpg</fanart>
</item>
<item>
	<title>[COLOR=white]Saving Capitalism[/COLOR]</title>
	<meta>
	<imdb>none</imdb>
	<content>movie</content>
	<title>Saving Capitalism</title>
	<year>2017</year>
	</meta>
	<link>
	<sublink>search</sublink>
	<sublink>searchsd</sublink>
	</link>
	<thumbnail>https://image.tmdb.org/t/p/w1280/klxZFkVYV0bmOdeLI8YQ8GcE26m.jpg</thumbnail>
	<fanart>https://image.tmdb.org/t/p/w1280/2eyFqpycQQzU08CEq1cDAy2JGEK.jpg</fanart>
</item>
<item>
	<title>[COLOR=white]A Christmas Prince[/COLOR]</title>
	<meta>
	<imdb>none</imdb>
	<content>movie</content>
	<title>A Christmas Prince</title>
	<year>2017</year>
	</meta>
	<link>
	<sublink>search</sublink>
	<sublink>searchsd</sublink>
	</link>
	<thumbnail>https://image.tmdb.org/t/p/w1280/x0IGQsMzVbsF7noj5cCfEk1GU7s.jpg</thumbnail>
	<fanart>https://image.tmdb.org/t/p/w1280/mNjoA9jDNbxPJqeYmeETLStpYZF.jpg</fanart>
</item>
<item>
	<title>[COLOR=white]1922[/COLOR]</title>
	<meta>
	<imdb>none</imdb>
	<content>movie</content>
	<title>1922</title>
	<year>2017</year>
	</meta>
	<link>
	<sublink>search</sublink>
	<sublink>searchsd</sublink>
	</link>
	<thumbnail>https://image.tmdb.org/t/p/w1280/q4FQOiSRhTLWulHl5Vpg37FMArH.jpg</thumbnail>
	<fanart>https://image.tmdb.org/t/p/w1280/3uwyXMZN93PRkShUxvLrufwVAc2.jpg</fanart>
</item>
<item>
	<title>[COLOR=white]Wheelman[/COLOR]</title>
	<meta>
	<imdb>none</imdb>
	<content>movie</content>
	<title>Wheelman</title>
	<year>2017</year>
	</meta>
	<link>
	<sublink>search</sublink>
	<sublink>searchsd</sublink>
	</link>
	<thumbnail>https://image.tmdb.org/t/p/w1280/yeHRsKOlNDsbEIALS1ve6S42Nl6.jpg</thumbnail>
	<fanart>https://image.tmdb.org/t/p/w1280/zABLkisR5i0HQgpBcyWwQGVk89c.jpg</fanart>
</item>
<item>
	<title>[COLOR=white]The Babysitter[/COLOR]</title>
	<meta>
	<imdb>none</imdb>
	<content>movie</content>
	<title>The Babysitter</title>
	<year>2017</year>
	</meta>
	<link>
	<sublink>search</sublink>
	<sublink>searchsd</sublink>
	</link>
	<thumbnail>https://image.tmdb.org/t/p/w1280/86a7GRVRCwfl7wdI4QadyvKa6Zu.jpg</thumbnail>
	<fanart>https://image.tmdb.org/t/p/w1280/tBhkqRxbANdYRhv7mLHfKEMcOZF.jpg</fanart>
</item>
<item>
	<title>[COLOR=white]Joan Didion: The Center Will Not Hold[/COLOR]</title>
	<meta>
	<imdb>none</imdb>
	<content>movie</content>
	<title>Joan Didion: The Center Will Not Hold</title>
	<year>2017</year>
	</meta>
	<link>
	<sublink>search</sublink>
	<sublink>searchsd</sublink>
	</link>
	<thumbnail>https://image.tmdb.org/t/p/w1280/eEU7XsmFLR0YqUf0mTHcd0ZRrUI.jpg</thumbnail>
	<fanart>https://image.tmdb.org/t/p/w1280/sXY3BM8bmdXHhpmUqe03nSzIDVW.jpg</fanart>
</item>
<item>
	<title>[COLOR=white]Kingdom of Us[/COLOR]</title>
	<meta>
	<imdb>none</imdb>
	<content>movie</content>
	<title>Kingdom of Us</title>
	<year>2017</year>
	</meta>
	<link>
	<sublink>search</sublink>
	<sublink>searchsd</sublink>
	</link>
	<thumbnail>https://image.tmdb.org/t/p/w1280/eSMVfGJ42C9yCovyYO5CXtxmKbK.jpg</thumbnail>
	<fanart>https://image.tmdb.org/t/p/w1280</fanart>
</item>
<item>
	<title>[COLOR=white]Cargo[/COLOR]</title>
	<meta>
	<imdb>tt3860916</imdb>
	<content>movie</content>
	<title>Cargo</title>
	<year>2017</year>
	</meta>
	<link>
	<sublink>search</sublink>
	<sublink>searchsd</sublink>
	</link>
	<thumbnail>https://image.tmdb.org/t/p/w1280/cdPSUck4tBRvRu6DFk6XciDrssn.jpg</thumbnail>
	<fanart>https://image.tmdb.org/t/p/w1280/tiIpajUBpLMNWMEzpjRBxo0jCbD.jpg</fanart>
</item>
<item>
	<title>[COLOR=white]Voyeur[/COLOR]</title>
	<meta>
	<imdb>tt7588790</imdb>
	<content>movie</content>
	<title>Voyeur</title>
	<year>2017</year>
	</meta>
	<link>
	<sublink>search</sublink>
	<sublink>searchsd</sublink>
	</link>
	<thumbnail>https://image.tmdb.org/t/p/w1280/c71r3H5vzelTsYmNimIpQZ0MiMI.jpg</thumbnail>
	<fanart>https://image.tmdb.org/t/p/w1280/vVc2LjQqpF0laTwvVtpuBkAK7UW.jpg</fanart>
</item>
<item>
	<title>[COLOR=white]Gerald's Game[/COLOR]</title>
	<meta>
	<imdb>tt3748172</imdb>
	<content>movie</content>
	<title>Gerald's Game</title>
	<year>2017</year>
	</meta>
	<link>
	<sublink>search</sublink>
	<sublink>searchsd</sublink>
	</link>
	<thumbnail>https://image.tmdb.org/t/p/w1280/32dippiypDdaKv7XFEfUlQ7kPup.jpg</thumbnail>
	<fanart>https://image.tmdb.org/t/p/w1280/t9HChjSJi8B1PXSVh5Ec3pcDsAM.jpg</fanart>
</item>
<item>
	<title>[COLOR=white]The Killer[/COLOR]</title>
	<meta>
	<imdb>tt5379294</imdb>
	<content>movie</content>
	<title>The Killer</title>
	<year>2017</year>
	</meta>
	<link>
	<sublink>search</sublink>
	<sublink>searchsd</sublink>
	</link>
	<thumbnail>https://image.tmdb.org/t/p/w1280/he6s2dOWmzWXsZGa0QLbcMVZJnx.jpg</thumbnail>
	<fanart>https://image.tmdb.org/t/p/w1280/gUZUDAHDdt9rA5BZ8AJake4eZL1.jpg</fanart>
</item>
<item>
	<title>[COLOR=white]One of Us[/COLOR]</title>
	<meta>
	<imdb>tt7214842</imdb>
	<content>movie</content>
	<title>One of Us</title>
	<year>2017</year>
	</meta>
	<link>
	<sublink>search</sublink>
	<sublink>searchsd</sublink>
	</link>
	<thumbnail>https://image.tmdb.org/t/p/w1280/7x1NKjj5fbNv0cvPKcWZUUUPDPo.jpg</thumbnail>
	<fanart>https://image.tmdb.org/t/p/w1280/zv6EWmtNg5nRNOfWihFJcV9lUty.jpg</fanart>
</item>
<item>
	<title>[COLOR=white]Gaga: Five Foot Two[/COLOR]</title>
	<meta>
	<imdb>tt7291268</imdb>
	<content>movie</content>
	<title>Gaga: Five Foot Two</title>
	<year>2017</year>
	</meta>
	<link>
	<sublink>search</sublink>
	<sublink>searchsd</sublink>
	</link>
	<thumbnail>https://image.tmdb.org/t/p/w1280/g0NONcnzzvWoASFjFoDqXZUW6SV.jpg</thumbnail>
	<fanart>https://image.tmdb.org/t/p/w1280/lc2AI7UHqLgp9VkY91BgfUonYY8.jpg</fanart>
</item>
<item>
	<title>[COLOR=white]Cuba and the Cameraman[/COLOR]</title>
	<meta>
	<imdb>tt7320560</imdb>
	<content>movie</content>
	<title>Cuba and the Cameraman</title>
	<year>2017</year>
	</meta>
	<link>
	<sublink>search</sublink>
	<sublink>searchsd</sublink>
	</link>
	<thumbnail>https://image.tmdb.org/t/p/w1280/cXckURd3tDTwRbOYVm1LHLHGbub.jpg</thumbnail>
	<fanart>https://image.tmdb.org/t/p/w1280/6bWOnvq3cEEYPCOmJG0QwS8T6hI.jpg</fanart>
</item>
<item>
	<title>[COLOR=white]Jim & Andy: The Great Beyond[/COLOR]</title>
	<meta>
	<imdb>tt7214762</imdb>
	<content>movie</content>
	<title>Jim & Andy: The Great Beyond</title>
	<year>2017</year>
	</meta>
	<link>
	<sublink>search</sublink>
	<sublink>searchsd</sublink>
	</link>
	<thumbnail>https://image.tmdb.org/t/p/w1280/kKzopOFXz9YfsCTqg3XpF0GoypX.jpg</thumbnail>
	<fanart>https://image.tmdb.org/t/p/w1280/pnZFXKS546ibquVfr2SN6DGe6jp.jpg</fanart>
</item>
<item>
	<title>[COLOR=white]Our Souls at Night[/COLOR]</title>
	<meta>
	<imdb>tt5034266</imdb>
	<content>movie</content>
	<title>Our Souls at Night</title>
	<year>2017</year>
	</meta>
	<link>
	<sublink>search</sublink>
	<sublink>searchsd</sublink>
	</link>
	<thumbnail>https://image.tmdb.org/t/p/w1280/49136pSuzcNpzOgn4slkU9shHhi.jpg</thumbnail>
	<fanart>https://image.tmdb.org/t/p/w1280/16b6R4Mdb2Zf2tOXe2ntpPlmSQ6.jpg</fanart>
</item>
<item>
	<title>[COLOR=white]Death Note[/COLOR]</title>
	<meta>
	<imdb>tt1241317</imdb>
	<content>movie</content>
	<title>Death Note</title>
	<year>2017</year>
	</meta>
	<link>
	<sublink>search</sublink>
	<sublink>searchsd</sublink>
	</link>
	<thumbnail>https://image.tmdb.org/t/p/w1280/1X19j2albvewAdnTNHx2fFXjOcC.jpg</thumbnail>
	<fanart>https://image.tmdb.org/t/p/w1280/nDAbr3NSkkOMIkFrQ3ycVxzgaMc.jpg</fanart>
</item>
<item>
	<title>[COLOR=white]Naked[/COLOR]</title>
	<meta>
	<imdb>tt6048930</imdb>
	<content>movie</content>
	<title>Naked</title>
	<year>2017</year>
	</meta>
	<link>
	<sublink>search</sublink>
	<sublink>searchsd</sublink>
	</link>
	<thumbnail>https://image.tmdb.org/t/p/w1280/qXRmYSB9C6SHdxTgY3wB72Riz9Y.jpg</thumbnail>
	<fanart>https://image.tmdb.org/t/p/w1280/fEESTsF49WwDEyt2Lih2LZU0jts.jpg</fanart>
</item>
<item>
	<title>[COLOR=white]Little Evil[/COLOR]</title>
	<meta>
	<imdb>tt2937366</imdb>
	<content>movie</content>
	<title>Little Evil</title>
	<year>2017</year>
	</meta>
	<link>
	<sublink>search</sublink>
	<sublink>searchsd</sublink>
	</link>
	<thumbnail>https://image.tmdb.org/t/p/w1280/r3Trvfd5td7JUrIUr5xsDqwNWXJ.jpg</thumbnail>
	<fanart>https://image.tmdb.org/t/p/w1280/8ufJoW3aI2VSFRNr7y1F4ntw21B.jpg</fanart>
</item>
<item>
	<title>[COLOR=white]The Death and Life of Marsha P. Johnson[/COLOR]</title>
	<meta>
	<imdb>tt5233558</imdb>
	<content>movie</content>
	<title>The Death and Life of Marsha P. Johnson</title>
	<year>2017</year>
	</meta>
	<link>
	<sublink>search</sublink>
	<sublink>searchsd</sublink>
	</link>
	<thumbnail>https://image.tmdb.org/t/p/w1280/4vsWzNOQfzMC0hdkZ58tIFEHXlw.jpg</thumbnail>
	<fanart>https://image.tmdb.org/t/p/w1280/fA16bfUd00jNbcdqheUTVnqcFBL.jpg</fanart>
</item>
<item>
	<title>[COLOR=white]#RealityHigh[/COLOR]</title>
	<meta>
	<imdb>tt6119504</imdb>
	<content>movie</content>
	<title>#RealityHigh</title>
	<year>2017</year>
	</meta>
	<link>
	<sublink>search</sublink>
	<sublink>searchsd</sublink>
	</link>
	<thumbnail>https://image.tmdb.org/t/p/w1280/wUXT3KEh6vjDzwYKiYWwdJNfZOW.jpg</thumbnail>
	<fanart>https://image.tmdb.org/t/p/w1280/q32LUbGLIwws4fH5Kv5E6RFGbmg.jpg</fanart>
</item>
<item>
	<title>[COLOR=white]Okja[/COLOR]</title>
	<meta>
	<imdb>tt3967856</imdb>
	<content>movie</content>
	<title>Okja</title>
	<year>2017</year>
	</meta>
	<link>
	<sublink>search</sublink>
	<sublink>searchsd</sublink>
	</link>
	<thumbnail>https://image.tmdb.org/t/p/w1280/pHlRr2MfjK77VIIAO7p0R4jhsJI.jpg</thumbnail>
	<fanart>https://image.tmdb.org/t/p/w1280/1ycTOys6bzvt0XPnzSv8qYfrD0V.jpg</fanart>
</item>
<item>
	<title>[COLOR=white]Counterpunch[/COLOR]</title>
	<meta>
	<imdb>tt7022034</imdb>
	<content>movie</content>
	<title>Counterpunch</title>
	<year>2017</year>
	</meta>
	<link>
	<sublink>search</sublink>
	<sublink>searchsd</sublink>
	</link>
	<thumbnail>https://image.tmdb.org/t/p/w1280/pkV3UPUqAZ9YsUDVQ6KfqpxeVP6.jpg</thumbnail>
	<fanart>https://image.tmdb.org/t/p/w1280/wbDHjrSXTUWZ09OcF3gJGSmtFBE.jpg</fanart>
</item>
<item>
	<title>[COLOR=white]Shimmer Lake[/COLOR]</title>
	<meta>
	<imdb>tt1386691</imdb>
	<content>movie</content>
	<title>Shimmer Lake</title>
	<year>2017</year>
	</meta>
	<link>
	<sublink>search</sublink>
	<sublink>searchsd</sublink>
	</link>
	<thumbnail>https://image.tmdb.org/t/p/w1280/bQHhpTHiys0CZRrdDRKvXBmM5KL.jpg</thumbnail>
	<fanart>https://image.tmdb.org/t/p/w1280/mYcFOyjFzEMldjL4N7fb0MnljSa.jpg</fanart>
</item>
<item>
	<title>[COLOR=white]Icarus[/COLOR]</title>
	<meta>
	<imdb>tt6333060</imdb>
	<content>movie</content>
	<title>Icarus</title>
	<year>2017</year>
	</meta>
	<link>
	<sublink>search</sublink>
	<sublink>searchsd</sublink>
	</link>
	<thumbnail>https://image.tmdb.org/t/p/w1280/x5azMi1KvZWbBbfjmGqpHNGqjH.jpg</thumbnail>
	<fanart>https://image.tmdb.org/t/p/w1280/biqadKPvPk3xi8ghu1l7qmnS2cI.jpg</fanart>
</item>
<item>
	<title>[COLOR=white]War Machine[/COLOR]</title>
	<meta>
	<imdb>tt4758646</imdb>
	<content>movie</content>
	<title>War Machine</title>
	<year>2017</year>
	</meta>
	<link>
	<sublink>search</sublink>
	<sublink>searchsd</sublink>
	</link>
	<thumbnail>https://image.tmdb.org/t/p/w1280/zGlzlzms2vN5vSFVMWuknu7XGXP.jpg</thumbnail>
	<fanart>https://image.tmdb.org/t/p/w1280/nrgTgBEEMNbtjBfadliJEkbTmNc.jpg</fanart>
</item>
<item>
	<title>[COLOR=white]The Meyerowitz Stories (New and Selected)[/COLOR]</title>
	<meta>
	<imdb>tt5536736</imdb>
	<content>movie</content>
	<title>The Meyerowitz Stories (New and Selected)</title>
	<year>2017</year>
	</meta>
	<link>
	<sublink>search</sublink>
	<sublink>searchsd</sublink>
	</link>
	<thumbnail>https://image.tmdb.org/t/p/w1280/c9teDTgwxgnb7wnZjZo4oNcF80R.jpg</thumbnail>
	<fanart>https://image.tmdb.org/t/p/w1280/hwBqtQy8uuQ3g9gzuFoBgn0xHk4.jpg</fanart>
</item>
<item>
	<title>[COLOR=white]Blame![/COLOR]</title>
	<meta>
	<imdb>tt6574146</imdb>
	<content>movie</content>
	<title>Blame!</title>
	<year>2017</year>
	</meta>
	<link>
	<sublink>search</sublink>
	<sublink>searchsd</sublink>
	</link>
	<thumbnail>https://image.tmdb.org/t/p/w1280/lTP4P0jiDKVqlbLJr4nrhRlvPl9.jpg</thumbnail>
	<fanart>https://image.tmdb.org/t/p/w1280/9orgGrjh0Jivz0zZLn1Ufj4NRZP.jpg</fanart>
</item>
<item>
	<title>[COLOR=white]Laerte-se[/COLOR]</title>
	<meta>
	<imdb>tt6795136</imdb>
	<content>movie</content>
	<title>Laerte-se</title>
	<year>2017</year>
	</meta>
	<link>
	<sublink>search</sublink>
	<sublink>searchsd</sublink>
	</link>
	<thumbnail>https://image.tmdb.org/t/p/w1280/6pefmBwp0xuHdUXbJEPHAwQjHjm.jpg</thumbnail>
	<fanart>https://image.tmdb.org/t/p/w1280/z5hyXcWyYRegkPRkpxDPH7iDWI6.jpg</fanart>
</item>
<item>
	<title>[COLOR=white]Blockbuster[/COLOR]</title>
	<meta>
	<imdb>tt2463842</imdb>
	<content>movie</content>
	<title>Blockbuster</title>
	<year>2017</year>
	</meta>
	<link>
	<sublink>search</sublink>
	<sublink>searchsd</sublink>
	</link>
	<thumbnail>https://image.tmdb.org/t/p/w1280/uj9yzYphUHdJL8TNoOMHnU5W0UC.jpg</thumbnail>
	<fanart>https://image.tmdb.org/t/p/w1280/9TMJ9c5nZiYF66jYsYQdLZQv3eI.jpg</fanart>
</item>
<item>
	<title>[COLOR=white]Handsome: A Netflix Mystery Movie[/COLOR]</title>
	<meta>
	<imdb>tt5809020</imdb>
	<content>movie</content>
	<title>Handsome: A Netflix Mystery Movie</title>
	<year>2017</year>
	</meta>
	<link>
	<sublink>search</sublink>
	<sublink>searchsd</sublink>
	</link>
	<thumbnail>https://image.tmdb.org/t/p/w1280/yc1GQhNw5MvznrtPmPY52dKsdrm.jpg</thumbnail>
	<fanart>https://image.tmdb.org/t/p/w1280/e5aaLK7ZdWW1gP1vyYQ7pGumySk.jpg</fanart>
</item>
<item>
	<title>[COLOR=white]Rodney King[/COLOR]</title>
	<meta>
	<imdb>tt6624312</imdb>
	<content>movie</content>
	<title>Rodney King</title>
	<year>2017</year>
	</meta>
	<link>
	<sublink>search</sublink>
	<sublink>searchsd</sublink>
	</link>
	<thumbnail>https://image.tmdb.org/t/p/w1280/dzaId974nGb3Y5YnCkC9NMMjKtD.jpg</thumbnail>
	<fanart>https://image.tmdb.org/t/p/w1280</fanart>
</item>
<item>
	<title>[COLOR=white]Casting JonBenet[/COLOR]</title>
	<meta>
	<imdb>tt6333052</imdb>
	<content>movie</content>
	<title>Casting JonBenet</title>
	<year>2017</year>
	</meta>
	<link>
	<sublink>search</sublink>
	<sublink>searchsd</sublink>
	</link>
	<thumbnail>https://image.tmdb.org/t/p/w1280/aHDr48Zq4IojCHRMxzGaS1EMaDB.jpg</thumbnail>
	<fanart>https://image.tmdb.org/t/p/w1280/hEBBtwQ4ZU0pjrXbKbRTU1IQOrj.jpg</fanart>
</item>
<item>
	<title>[COLOR=white]Small Crimes[/COLOR]</title>
	<meta>
	<imdb>tt5717492</imdb>
	<content>movie</content>
	<title>Small Crimes</title>
	<year>2017</year>
	</meta>
	<link>
	<sublink>search</sublink>
	<sublink>searchsd</sublink>
	</link>
	<thumbnail>https://image.tmdb.org/t/p/w1280/z7jmLmrs0pLlDU4GI6ItaJeqlET.jpg</thumbnail>
	<fanart>https://image.tmdb.org/t/p/w1280/4jFfpdFLIA7zx3ib9YkDwRr2KOm.jpg</fanart>
</item>
<item>
	<title>[COLOR=white]Get Me Roger Stone[/COLOR]</title>
	<meta>
	<imdb>tt6714534</imdb>
	<content>movie</content>
	<title>Get Me Roger Stone</title>
	<year>2017</year>
	</meta>
	<link>
	<sublink>search</sublink>
	<sublink>searchsd</sublink>
	</link>
	<thumbnail>https://image.tmdb.org/t/p/w1280/92XeWOG1BDJG5VqMJcK3Gcbw9Vs.jpg</thumbnail>
	<fanart>https://image.tmdb.org/t/p/w1280/5IOXYjR4kQcGXVT9Pyd2fhOOqZJ.jpg</fanart>
</item>
<item>
	<title>[COLOR=white]Sand Castle[/COLOR]</title>
	<meta>
	<imdb>tt2582576</imdb>
	<content>movie</content>
	<title>Sand Castle</title>
	<year>2017</year>
	</meta>
	<link>
	<sublink>search</sublink>
	<sublink>searchsd</sublink>
	</link>
	<thumbnail>https://image.tmdb.org/t/p/w1280/c9buG2jVRgAu68E4D4jpwlgqhO1.jpg</thumbnail>
	<fanart>https://image.tmdb.org/t/p/w1280/eM9MZ1dhDCbRzwQg0FWpWWtLPMn.jpg</fanart>
</item>
<item>
	<title>[COLOR=white]Sandy Wexler[/COLOR]</title>
	<meta>
	<imdb>tt5893332</imdb>
	<content>movie</content>
	<title>Sandy Wexler</title>
	<year>2017</year>
	</meta>
	<link>
	<sublink>search</sublink>
	<sublink>searchsd</sublink>
	</link>
	<thumbnail>https://image.tmdb.org/t/p/w1280/38SDqWOt4utiLOnWlas7BfrYQGS.jpg</thumbnail>
	<fanart>https://image.tmdb.org/t/p/w1280/bwIOaSrHGnzNBxs9aM3yKBlNKpp.jpg</fanart>
</item>
<item>
	<title>[COLOR=white]The Discovery[/COLOR]</title>
	<meta>
	<imdb>tt5155780</imdb>
	<content>movie</content>
	<title>The Discovery</title>
	<year>2017</year>
	</meta>
	<link>
	<sublink>search</sublink>
	<sublink>searchsd</sublink>
	</link>
	<thumbnail>https://image.tmdb.org/t/p/w1280/nLIDouFvreSrs8xK62zuvpEPDw0.jpg</thumbnail>
	<fanart>https://image.tmdb.org/t/p/w1280/dA7YLnc5ztTGiVPWz3GsaMRRz9r.jpg</fanart>
</item>
<item>
	<title>[COLOR=white]The Most Hated Woman in America[/COLOR]</title>
	<meta>
	<imdb>tt4842646</imdb>
	<content>movie</content>
	<title>The Most Hated Woman in America</title>
	<year>2017</year>
	</meta>
	<link>
	<sublink>search</sublink>
	<sublink>searchsd</sublink>
	</link>
	<thumbnail>https://image.tmdb.org/t/p/w1280/lFERIFbTdzBKpf34zYhPiUixQyY.jpg</thumbnail>
	<fanart>https://image.tmdb.org/t/p/w1280/xBl9mwy8c7pwENTF2Q37pTTBYpg.jpg</fanart>
</item>
<item>
	<title>[COLOR=white]Chasing Coral[/COLOR]</title>
	<meta>
	<imdb>tt6333054</imdb>
	<content>movie</content>
	<title>Chasing Coral</title>
	<year>2017</year>
	</meta>
	<link>
	<sublink>search</sublink>
	<sublink>searchsd</sublink>
	</link>
	<thumbnail>https://image.tmdb.org/t/p/w1280/cbP4OG2TNlvJ8LtwGTSPjvir8wc.jpg</thumbnail>
	<fanart>https://image.tmdb.org/t/p/w1280/oY5NWGRHyfJcchaJYZseQpIO7RE.jpg</fanart>
</item>
<item>
	<title>[COLOR=white]Win It All[/COLOR]</title>
	<meta>
	<imdb>tt3155328</imdb>
	<content>movie</content>
	<title>Win It All</title>
	<year>2017</year>
	</meta>
	<link>
	<sublink>search</sublink>
	<sublink>searchsd</sublink>
	</link>
	<thumbnail>https://image.tmdb.org/t/p/w1280/aEc69JY0azD9PwYtwS2RFwoyFOT.jpg</thumbnail>
	<fanart>https://image.tmdb.org/t/p/w1280/c3Z2KVeDVnym09AiBZ3NAWWXMU5.jpg</fanart>
</item>
<item>
	<title>[COLOR=white]First They Killed My Father[/COLOR]</title>
	<meta>
	<imdb>tt4882376</imdb>
	<content>movie</content>
	<title>First They Killed My Father</title>
	<year>2017</year>
	</meta>
	<link>
	<sublink>search</sublink>
	<sublink>searchsd</sublink>
	</link>
	<thumbnail>https://image.tmdb.org/t/p/w1280/uT5eZhZVdNnkVl8xysTDixBAMnd.jpg</thumbnail>
	<fanart>https://image.tmdb.org/t/p/w1280/4hEp8ZAycjitk7UOX0VpfSFnwRU.jpg</fanart>
</item>
<item>
	<title>[COLOR=white]Michael Bolton's Big, Sexy Valentine's Day Special[/COLOR]</title>
	<meta>
	<imdb>tt6343706</imdb>
	<content>movie</content>
	<title>Michael Bolton's Big, Sexy Valentine's Day Special</title>
	<year>2017</year>
	</meta>
	<link>
	<sublink>search</sublink>
	<sublink>searchsd</sublink>
	</link>
	<thumbnail>https://image.tmdb.org/t/p/w1280/fomxGvTf5HBtaupI9Rk4UGg43OB.jpg</thumbnail>
	<fanart>https://image.tmdb.org/t/p/w1280/dFvQD2xEt3wnY0dsq18Wb873n8K.jpg</fanart>
</item>
<item>
	<title>[COLOR=white]The Incredible Jessica James[/COLOR]</title>
	<meta>
	<imdb>tt5990342</imdb>
	<content>movie</content>
	<title>The Incredible Jessica James</title>
	<year>2017</year>
	</meta>
	<link>
	<sublink>search</sublink>
	<sublink>searchsd</sublink>
	</link>
	<thumbnail>https://image.tmdb.org/t/p/w1280/r7tDHGsFzHY0YBCaaNctvAxZhpc.jpg</thumbnail>
	<fanart>https://image.tmdb.org/t/p/w1280/ouDRTaiheS0h9iQXtUryc7vu9ek.jpg</fanart>
</item>
<item>
	<title>[COLOR=white]iBoy[/COLOR]</title>
	<meta>
	<imdb>tt3171832</imdb>
	<content>movie</content>
	<title>iBoy</title>
	<year>2017</year>
	</meta>
	<link>
	<sublink>search</sublink>
	<sublink>searchsd</sublink>
	</link>
	<thumbnail>https://image.tmdb.org/t/p/w1280/hq28FmSpvzG2x2iNm9rsjqUOpbN.jpg</thumbnail>
	<fanart>https://image.tmdb.org/t/p/w1280/yH0uvx6aWpwpQ7amTrxi1p2V56R.jpg</fanart>
</item>
<item>
	<title>[COLOR=white]Burning Sands[/COLOR]</title>
	<meta>
	<imdb>tt5826432</imdb>
	<content>movie</content>
	<title>Burning Sands</title>
	<year>2017</year>
	</meta>
	<link>
	<sublink>search</sublink>
	<sublink>searchsd</sublink>
	</link>
	<thumbnail>https://image.tmdb.org/t/p/w1280/nTOithYdgE4jAdSIuH1nAaxkmzY.jpg</thumbnail>
	<fanart>https://image.tmdb.org/t/p/w1280/ieaqmpp6W8UGdvTVclBrQctLrgM.jpg</fanart>
</item>
<item>
	<title>[COLOR=white]Nobody Speak: Trials of the Free Press[/COLOR]</title>
	<meta>
	<imdb>tt6333064</imdb>
	<content>movie</content>
	<title>Nobody Speak: Trials of the Free Press</title>
	<year>2017</year>
	</meta>
	<link>
	<sublink>search</sublink>
	<sublink>searchsd</sublink>
	</link>
	<thumbnail>https://image.tmdb.org/t/p/w1280/kX54qobSPGNjYa4UZRit5DrM5TI.jpg</thumbnail>
	<fanart>https://image.tmdb.org/t/p/w1280/cPfzJxVm9XBlCMYWogeQmLNWoNY.jpg</fanart>
</item>
<item>
	<title>[COLOR=white]Girlfriend's Day[/COLOR]</title>
	<meta>
	<imdb>none</imdb>
	<content>movie</content>
	<title>Girlfriend's Day</title>
	<year>2017</year>
	</meta>
	<link>
	<sublink>search</sublink>
	<sublink>searchsd</sublink>
	</link>
	<thumbnail>https://image.tmdb.org/t/p/w1280/cOwPS4mtz5nFGniMnkrJgRYClmI.jpg</thumbnail>
	<fanart>https://image.tmdb.org/t/p/w1280/ic7xEevZKahKnEb0HOMYhB5peHg.jpg</fanart>
</item>
<item>
	<title>[COLOR=white]Strong Island[/COLOR]</title>
	<meta>
	<imdb>none</imdb>
	<content>movie</content>
	<title>Strong Island</title>
	<year>2017</year>
	</meta>
	<link>
	<sublink>search</sublink>
	<sublink>searchsd</sublink>
	</link>
	<thumbnail>https://image.tmdb.org/t/p/w1280/waXERQjJdXz7iIGMlSrP8OGzSE8.jpg</thumbnail>
	<fanart>https://image.tmdb.org/t/p/w1280/tTNQCXPAGXTZlQv9jzugfkXJb6N.jpg</fanart>
</item>
<item>
	<title>[COLOR=white]Deidra & Laney Rob a Train[/COLOR]</title>
	<meta>
	<imdb>none</imdb>
	<content>movie</content>
	<title>Deidra & Laney Rob a Train</title>
	<year>2017</year>
	</meta>
	<link>
	<sublink>search</sublink>
	<sublink>searchsd</sublink>
	</link>
	<thumbnail>https://image.tmdb.org/t/p/w1280/lLKKDTgUu8bXBKRmkJX25STWeO0.jpg</thumbnail>
	<fanart>https://image.tmdb.org/t/p/w1280/mdag3rYRxjDOn19oSmua7XxSCF5.jpg</fanart>
</item>
<item>
	<title>[COLOR=white]To the Bone[/COLOR]</title>
	<meta>
	<imdb>none</imdb>
	<content>movie</content>
	<title>To the Bone</title>
	<year>2017</year>
	</meta>
	<link>
	<sublink>search</sublink>
	<sublink>searchsd</sublink>
	</link>
	<thumbnail>https://image.tmdb.org/t/p/w1280/rgPysl0uMpxllv43r4udHuRAhn4.jpg</thumbnail>
	<fanart>https://image.tmdb.org/t/p/w1280/en6RCcsjVPeuWBjIwne6eogHhrz.jpg</fanart>
</item>
<item>
	<title>[COLOR=white]Roxanne, Roxanne[/COLOR]</title>
	<meta>
	<imdb>tt5796838</imdb>
	<content>movie</content>
	<title>Roxanne, Roxanne</title>
	<year>2017</year>
	</meta>
	<link>
	<sublink>search</sublink>
	<sublink>searchsd</sublink>
	</link>
	<thumbnail>https://image.tmdb.org/t/p/w1280/4WHkXS4828gKrhZg4Tje5gj5QVs.jpg</thumbnail>
	<fanart>https://image.tmdb.org/t/p/w1280/9XZJKaQS4LaZMLB8xxJ0UJvBe5Q.jpg</fanart>
</item>
<item>
	<title>[COLOR=white]The Polka King[/COLOR]</title>
	<meta>
	<imdb>tt5539052</imdb>
	<content>movie</content>
	<title>The Polka King</title>
	<year>2017</year>
	</meta>
	<link>
	<sublink>search</sublink>
	<sublink>searchsd</sublink>
	</link>
	<thumbnail>https://image.tmdb.org/t/p/w1280/dU1XG1DI6lkZ567vmtM9ifQJ38F.jpg</thumbnail>
	<fanart>https://image.tmdb.org/t/p/w1280/90147e6MgbxP5pJQHi48IgQ3CN2.jpg</fanart>
</item>
<item>
	<title>[COLOR=white]The Mars Generation[/COLOR]</title>
	<meta>
	<imdb>tt6333096</imdb>
	<content>movie</content>
	<title>The Mars Generation</title>
	<year>2017</year>
	</meta>
	<link>
	<sublink>search</sublink>
	<sublink>searchsd</sublink>
	</link>
	<thumbnail>https://image.tmdb.org/t/p/w1280/czL0pSnPEEJJsjrJzg8q86ALvnE.jpg</thumbnail>
	<fanart>https://image.tmdb.org/t/p/w1280/2L6oKOhaf1Q5mk6UkJjtuROMbXj.jpg</fanart>
</item>
<item>
	<title>[COLOR=white]Joshua: Teenager vs. Superpower[/COLOR]</title>
	<meta>
	<imdb>tt6333072</imdb>
	<content>movie</content>
	<title>Joshua: Teenager vs. Superpower</title>
	<year>2017</year>
	</meta>
	<link>
	<sublink>search</sublink>
	<sublink>searchsd</sublink>
	</link>
	<thumbnail>https://image.tmdb.org/t/p/w1280/2vlRtD1ApgW49YW5qDndy16XU6Z.jpg</thumbnail>
	<fanart>https://image.tmdb.org/t/p/w1280/xdZHfzxMKjz2kuNZk6yHAk3WMDD.jpg</fanart>
</item>
<item>
	<title>[COLOR=white]Take the 10[/COLOR]</title>
	<meta>
	<imdb>tt5792472</imdb>
	<content>movie</content>
	<title>Take the 10</title>
	<year>2017</year>
	</meta>
	<link>
	<sublink>search</sublink>
	<sublink>searchsd</sublink>
	</link>
	<thumbnail>https://image.tmdb.org/t/p/w1280/hSHQQ5OQciraacyaT6FcOFawUup.jpg</thumbnail>
	<fanart>https://image.tmdb.org/t/p/w1280/mAXEA4ryYxWQ2BfnChgRbeKJWPH.jpg</fanart>
</item>
<item>
	<title>[COLOR=white]I Don't Feel at Home in This World Anymore[/COLOR]</title>
	<meta>
	<imdb>tt5710514</imdb>
	<content>movie</content>
	<title>I Don't Feel at Home in This World Anymore</title>
	<year>2017</year>
	</meta>
	<link>
	<sublink>search</sublink>
	<sublink>searchsd</sublink>
	</link>
	<thumbnail>https://image.tmdb.org/t/p/w1280/1stdUlXBc3nxqhdWvZ6wWWEbCQW.jpg</thumbnail>
	<fanart>https://image.tmdb.org/t/p/w1280/8pXUXMe1LFXvpPFb5CaObacDN9J.jpg</fanart>
</item>
<item>
	<title>[COLOR=white]Clinical[/COLOR]</title>
	<meta>
	<imdb>tt5577742</imdb>
	<content>movie</content>
	<title>Clinical</title>
	<year>2017</year>
	</meta>
	<link>
	<sublink>search</sublink>
	<sublink>searchsd</sublink>
	</link>
	<thumbnail>https://image.tmdb.org/t/p/w1280/yDnaWPY7MNVaHA0IuUtkgkxGI1c.jpg</thumbnail>
	<fanart>https://image.tmdb.org/t/p/w1280/sUKRP2rDqi2Kfh8c2xO8WJKi0sU.jpg</fanart>
</item>
<item>
	<title>[COLOR=white]Coin Heist[/COLOR]</title>
	<meta>
	<imdb>tt5740806</imdb>
	<content>movie</content>
	<title>Coin Heist</title>
	<year>2017</year>
	</meta>
	<link>
	<sublink>search</sublink>
	<sublink>searchsd</sublink>
	</link>
	<thumbnail>https://image.tmdb.org/t/p/w1280/6xnUDsQT2PoIdmdmh8jngh5Wacj.jpg</thumbnail>
	<fanart>https://image.tmdb.org/t/p/w1280/5UglmSDS7B775KwqC65tJofwTe5.jpg</fanart>
</item>
<item>
	<title>[COLOR=white]Spectral[/COLOR]</title>
	<meta>
	<imdb>tt2106651</imdb>
	<content>movie</content>
	<title>Spectral</title>
	<year>2016</year>
	</meta>
	<link>
	<sublink>search</sublink>
	<sublink>searchsd</sublink>
	</link>
	<thumbnail>https://image.tmdb.org/t/p/w1280/oXV2ayQYUQfHwpuMdWnZF0Geng5.jpg</thumbnail>
	<fanart>https://image.tmdb.org/t/p/w1280/2sIGAiY1y5cEuYMrlB0PRhhw9Z5.jpg</fanart>
</item>
<item>
	<title>[COLOR=white]True Memoirs of an International Assassin[/COLOR]</title>
	<meta>
	<imdb>tt1542768</imdb>
	<content>movie</content>
	<title>True Memoirs of an International Assassin</title>
	<year>2016</year>
	</meta>
	<link>
	<sublink>search</sublink>
	<sublink>searchsd</sublink>
	</link>
	<thumbnail>https://image.tmdb.org/t/p/w1280/sC2Vg8QfSfZax3Fpw4yqKB2KRV1.jpg</thumbnail>
	<fanart>https://image.tmdb.org/t/p/w1280/3nq3Kv61aSZtabDg1WFCA6M6NSN.jpg</fanart>
</item>
<item>
	<title>[COLOR=white]7 Anos[/COLOR]</title>
	<meta>
	<imdb>tt5517438</imdb>
	<content>movie</content>
	<title>7 Anos</title>
	<year>2016</year>
	</meta>
	<link>
	<sublink>search</sublink>
	<sublink>searchsd</sublink>
	</link>
	<thumbnail>https://image.tmdb.org/t/p/w1280/yE1PAiniaXr6nAv90o0mDhUjwhs.jpg</thumbnail>
	<fanart>https://image.tmdb.org/t/p/w1280/gqhVcyqtMsK2T8F5AkbDmUU5SLs.jpg</fanart>
</item>
<item>
	<title>[COLOR=white]Mascots[/COLOR]</title>
	<meta>
	<imdb>tt4936176</imdb>
	<content>movie</content>
	<title>Mascots</title>
	<year>2016</year>
	</meta>
	<link>
	<sublink>search</sublink>
	<sublink>searchsd</sublink>
	</link>
	<thumbnail>https://image.tmdb.org/t/p/w1280/gzHm6hnjyyFhCSn36T4Ckr74Q75.jpg</thumbnail>
	<fanart>https://image.tmdb.org/t/p/w1280/bkzwnQFa8e09piV1qiFpfNWinH3.jpg</fanart>
</item>
<item>
	<title>[COLOR=white]13th[/COLOR]</title>
	<meta>
	<imdb>tt5895028</imdb>
	<content>movie</content>
	<title>13th</title>
	<year>2016</year>
	</meta>
	<link>
	<sublink>search</sublink>
	<sublink>searchsd</sublink>
	</link>
	<thumbnail>https://image.tmdb.org/t/p/w1280/tcKNWD6IFPPsvkpvyZ548naz0is.jpg</thumbnail>
	<fanart>https://image.tmdb.org/t/p/w1280/fhSkVpRCg5s9b8nmdSS77Q1onhv.jpg</fanart>
</item>
<item>
	<title>[COLOR=white]Audrie & Daisy[/COLOR]</title>
	<meta>
	<imdb>tt5278460</imdb>
	<content>movie</content>
	<title>Audrie & Daisy</title>
	<year>2016</year>
	</meta>
	<link>
	<sublink>search</sublink>
	<sublink>searchsd</sublink>
	</link>
	<thumbnail>https://image.tmdb.org/t/p/w1280/bhfBPVRSgTlnbjapjwd4ootxJ7Z.jpg</thumbnail>
	<fanart>https://image.tmdb.org/t/p/w1280/j2UEid7z8oy7EfJFO1rjJbW062F.jpg</fanart>
</item>
<item>
	<title>[COLOR=white]The Siege of Jadotville[/COLOR]</title>
	<meta>
	<imdb>tt3922798</imdb>
	<content>movie</content>
	<title>The Siege of Jadotville</title>
	<year>2016</year>
	</meta>
	<link>
	<sublink>search</sublink>
	<sublink>searchsd</sublink>
	</link>
	<thumbnail>https://image.tmdb.org/t/p/w1280/9r21jawIp226dlQ8dLzwSBrRDNY.jpg</thumbnail>
	<fanart>https://image.tmdb.org/t/p/w1280/lwIVCU2LozEIVaGRZs4CMTdk4wc.jpg</fanart>
</item>
<item>
	<title>[COLOR=white]ARQ[/COLOR]</title>
	<meta>
	<imdb>tt5640450</imdb>
	<content>movie</content>
	<title>ARQ</title>
	<year>2016</year>
	</meta>
	<link>
	<sublink>search</sublink>
	<sublink>searchsd</sublink>
	</link>
	<thumbnail>https://image.tmdb.org/t/p/w1280/39jyxfevRRuLGbh88F5eIzRtOeo.jpg</thumbnail>
	<fanart>https://image.tmdb.org/t/p/w1280/iq9kN0XfaGs603FOl16ahQNjOrV.jpg</fanart>
</item>
<item>
	<title>[COLOR=white]Justin Timberlake + The Tennessee Kids[/COLOR]</title>
	<meta>
	<imdb>tt5001772</imdb>
	<content>movie</content>
	<title>Justin Timberlake + The Tennessee Kids</title>
	<year>2016</year>
	</meta>
	<link>
	<sublink>search</sublink>
	<sublink>searchsd</sublink>
	</link>
	<thumbnail>https://image.tmdb.org/t/p/w1280/jhNw2WMsutZi1RsNCAKd86Ae0x5.jpg</thumbnail>
	<fanart>https://image.tmdb.org/t/p/w1280/pXpfdsy4NZJmmhE2cRdXC5HvUMl.jpg</fanart>
</item>
<item>
	<title>[COLOR=white]Amanda Knox[/COLOR]</title>
	<meta>
	<imdb>tt5952332</imdb>
	<content>movie</content>
	<title>Amanda Knox</title>
	<year>2016</year>
	</meta>
	<link>
	<sublink>search</sublink>
	<sublink>searchsd</sublink>
	</link>
	<thumbnail>https://image.tmdb.org/t/p/w1280/1mdW2sL08fMe6jst372t8g9EZRF.jpg</thumbnail>
	<fanart>https://image.tmdb.org/t/p/w1280/4LROmlDNDMm6hNPNgJr0LRo2cF1.jpg</fanart>
</item>
<item>
	<title>[COLOR=white]Tramps[/COLOR]</title>
	<meta>
	<imdb>tt4991512</imdb>
	<content>movie</content>
	<title>Tramps</title>
	<year>2016</year>
	</meta>
	<link>
	<sublink>search</sublink>
	<sublink>searchsd</sublink>
	</link>
	<thumbnail>https://image.tmdb.org/t/p/w1280/baXRDIafCF0qVkpySLpQp8bQMEv.jpg</thumbnail>
	<fanart>https://image.tmdb.org/t/p/w1280/s1VfATxvBq7X6DZRpjY0SmerBQJ.jpg</fanart>
</item>
<item>
	<title>[COLOR=white]Barry[/COLOR]</title>
	<meta>
	<imdb>tt5477566</imdb>
	<content>movie</content>
	<title>Barry</title>
	<year>2016</year>
	</meta>
	<link>
	<sublink>search</sublink>
	<sublink>searchsd</sublink>
	</link>
	<thumbnail>https://image.tmdb.org/t/p/w1280/yttnkAg8lrL1AZgK3QztJRnj6oE.jpg</thumbnail>
	<fanart>https://image.tmdb.org/t/p/w1280/kmCVd7UUafLKW6dvMfN22LwSQAo.jpg</fanart>
</item>
<item>
	<title>[COLOR=white]I Am the Pretty Thing That Lives in the House[/COLOR]</title>
	<meta>
	<imdb>tt5059406</imdb>
	<content>movie</content>
	<title>I Am the Pretty Thing That Lives in the House</title>
	<year>2016</year>
	</meta>
	<link>
	<sublink>search</sublink>
	<sublink>searchsd</sublink>
	</link>
	<thumbnail>https://image.tmdb.org/t/p/w1280/qIlzCuROu5m8Yp9thTYsmLFQMrU.jpg</thumbnail>
	<fanart>https://image.tmdb.org/t/p/w1280/xMqQVMR4ZXtinCVozaBe9jvTufB.jpg</fanart>
</item>
<item>
	<title>[COLOR=white]Into the Inferno[/COLOR]</title>
	<meta>
	<imdb>tt4846318</imdb>
	<content>movie</content>
	<title>Into the Inferno</title>
	<year>2016</year>
	</meta>
	<link>
	<sublink>search</sublink>
	<sublink>searchsd</sublink>
	</link>
	<thumbnail>https://image.tmdb.org/t/p/w1280/tZJHp4k11uBpTwzW5cVqQ0J7047.jpg</thumbnail>
	<fanart>https://image.tmdb.org/t/p/w1280/bHDMcFOGrzHMECNNTLRAWOLQmLT.jpg</fanart>
</item>
<item>
	<title>[COLOR=white]The Ivory Game[/COLOR]</title>
	<meta>
	<imdb>tt5952266</imdb>
	<content>movie</content>
	<title>The Ivory Game</title>
	<year>2016</year>
	</meta>
	<link>
	<sublink>search</sublink>
	<sublink>searchsd</sublink>
	</link>
	<thumbnail>https://image.tmdb.org/t/p/w1280/nM7pPkcOuhtb77GFdZ5FTvUbxoM.jpg</thumbnail>
	<fanart>https://image.tmdb.org/t/p/w1280/yN5Dcnsthyahu3MMPkKgroj44ph.jpg</fanart>
</item>
<item>
	<title>[COLOR=white]XOXO[/COLOR]</title>
	<meta>
	<imdb>tt4855748</imdb>
	<content>movie</content>
	<title>XOXO</title>
	<year>2016</year>
	</meta>
	<link>
	<sublink>search</sublink>
	<sublink>searchsd</sublink>
	</link>
	<thumbnail>https://image.tmdb.org/t/p/w1280/3mCcVbVLz23MhCngELFihX2uSwb.jpg</thumbnail>
	<fanart>https://image.tmdb.org/t/p/w1280/dP3bxMPEDc9eNN2nH9P5YyhS27p.jpg</fanart>
</item>
<item>
	<title>[COLOR=white]Tony Robbins: I Am Not Your Guru[/COLOR]</title>
	<meta>
	<imdb>tt5151716</imdb>
	<content>movie</content>
	<title>Tony Robbins: I Am Not Your Guru</title>
	<year>2016</year>
	</meta>
	<link>
	<sublink>search</sublink>
	<sublink>searchsd</sublink>
	</link>
	<thumbnail>https://image.tmdb.org/t/p/w1280/qcUlKOtFmxdiC6WRbBfTSdYvx00.jpg</thumbnail>
	<fanart>https://image.tmdb.org/t/p/w1280/z6jlo2h5Xh5HICxpctbbUDi9YNA.jpg</fanart>
</item>
<item>
	<title>[COLOR=white]The Fundamentals of Caring[/COLOR]</title>
	<meta>
	<imdb>tt2452386</imdb>
	<content>movie</content>
	<title>The Fundamentals of Caring</title>
	<year>2016</year>
	</meta>
	<link>
	<sublink>search</sublink>
	<sublink>searchsd</sublink>
	</link>
	<thumbnail>https://image.tmdb.org/t/p/w1280/yLnbPJcd4nZeK9QQZro4GIDftyY.jpg</thumbnail>
	<fanart>https://image.tmdb.org/t/p/w1280/qcn1FM0WnRuIadbQkk58Xksl67l.jpg</fanart>
</item>
<item>
	<title>[COLOR=white]Mercy[/COLOR]</title>
	<meta>
	<imdb>tt5710042</imdb>
	<content>movie</content>
	<title>Mercy</title>
	<year>2016</year>
	</meta>
	<link>
	<sublink>search</sublink>
	<sublink>searchsd</sublink>
	</link>
	<thumbnail>https://image.tmdb.org/t/p/w1280/2hDePrZbde3pmcaXrESANfIJkeL.jpg</thumbnail>
	<fanart>https://image.tmdb.org/t/p/w1280/2I60U5Z2HYFNPL6xajMTY6TDjIE.jpg</fanart>
</item>
<item>
	<title>[COLOR=white]Tallulah[/COLOR]</title>
	<meta>
	<imdb>tt1639084</imdb>
	<content>movie</content>
	<title>Tallulah</title>
	<year>2016</year>
	</meta>
	<link>
	<sublink>search</sublink>
	<sublink>searchsd</sublink>
	</link>
	<thumbnail>https://image.tmdb.org/t/p/w1280/zdK8G7LScUHnrnxVKddqBxrR4fN.jpg</thumbnail>
	<fanart>https://image.tmdb.org/t/p/w1280/7Zq0SKTYIcoIxVOVwv4j2nO5eR3.jpg</fanart>
</item>
<item>
	<title>[COLOR=white]The Do-Over[/COLOR]</title>
	<meta>
	<imdb>tt4769836</imdb>
	<content>movie</content>
	<title>The Do-Over</title>
	<year>2016</year>
	</meta>
	<link>
	<sublink>search</sublink>
	<sublink>searchsd</sublink>
	</link>
	<thumbnail>https://image.tmdb.org/t/p/w1280/yHz2wt8uSHkWPMwjbJOQH3W9wmF.jpg</thumbnail>
	<fanart>https://image.tmdb.org/t/p/w1280/j2aTHn6kzFJyZALlLUWw9V0JXSh.jpg</fanart>
</item>
<item>
	<title>[COLOR=white]Special Correspondents[/COLOR]</title>
	<meta>
	<imdb>tt4181052</imdb>
	<content>movie</content>
	<title>Special Correspondents</title>
	<year>2016</year>
	</meta>
	<link>
	<sublink>search</sublink>
	<sublink>searchsd</sublink>
	</link>
	<thumbnail>https://image.tmdb.org/t/p/w1280/v7S9RlVKbv1ZtkGgPi6XeJm4QAj.jpg</thumbnail>
	<fanart>https://image.tmdb.org/t/p/w1280/qqXraseseA4Y3bPBVSBOghUr8t3.jpg</fanart>
</item>
<item>
	<title>[COLOR=white]Team Foxcatcher[/COLOR]</title>
	<meta>
	<imdb>tt5598216</imdb>
	<content>movie</content>
	<title>Team Foxcatcher</title>
	<year>2016</year>
	</meta>
	<link>
	<sublink>search</sublink>
	<sublink>searchsd</sublink>
	</link>
	<thumbnail>https://image.tmdb.org/t/p/w1280/msXgmAVLNaWCv2eHWtYh4XdDYqD.jpg</thumbnail>
	<fanart>https://image.tmdb.org/t/p/w1280/m6GgR37p692QclLuQI7LC4bHluv.jpg</fanart>
</item>
<item>
	<title>[COLOR=white]Rebirth[/COLOR]</title>
	<meta>
	<imdb>tt4902716</imdb>
	<content>movie</content>
	<title>Rebirth</title>
	<year>2016</year>
	</meta>
	<link>
	<sublink>search</sublink>
	<sublink>searchsd</sublink>
	</link>
	<thumbnail>https://image.tmdb.org/t/p/w1280/atLTK1x4faPCeK6aDyxUNLpzkhl.jpg</thumbnail>
	<fanart>https://image.tmdb.org/t/p/w1280/c8hQ1cJBOpA6r1kzlDYSuAioFmo.jpg</fanart>
</item>
<item>
	<title>[COLOR=white]I'll Sleep When I'm Dead[/COLOR]</title>
	<meta>
	<imdb>tt4679136</imdb>
	<content>movie</content>
	<title>I'll Sleep When I'm Dead</title>
	<year>2016</year>
	</meta>
	<link>
	<sublink>search</sublink>
	<sublink>searchsd</sublink>
	</link>
	<thumbnail>https://image.tmdb.org/t/p/w1280/uRXeWABVk8cYJ2UTEsZJUrVszWb.jpg</thumbnail>
	<fanart>https://image.tmdb.org/t/p/w1280/kdt4rF9PCUqw0Ko924CWD2WPzQh.jpg</fanart>
</item>
<item>
	<title>[COLOR=white]Pee-wee's Big Holiday[/COLOR]</title>
	<meta>
	<imdb>tt0837156</imdb>
	<content>movie</content>
	<title>Pee-wee's Big Holiday</title>
	<year>2016</year>
	</meta>
	<link>
	<sublink>search</sublink>
	<sublink>searchsd</sublink>
	</link>
	<thumbnail>https://image.tmdb.org/t/p/w1280/7BzIrPXgIyqwyWNACJaug0jXdCD.jpg</thumbnail>
	<fanart>https://image.tmdb.org/t/p/w1280/sOXHaWwra5NeIPN1hsPnrU4qUy8.jpg</fanart>
</item>
<item>
	<title>[COLOR=white]Crouching Tiger, Hidden Dragon: Sword of Destiny[/COLOR]</title>
	<meta>
	<imdb>tt2652118</imdb>
	<content>movie</content>
	<title>Crouching Tiger, Hidden Dragon: Sword of Destiny</title>
	<year>2016</year>
	</meta>
	<link>
	<sublink>search</sublink>
	<sublink>searchsd</sublink>
	</link>
	<thumbnail>https://image.tmdb.org/t/p/w1280/ofUfaj5e6qZtDqTPS5GkEV0H2zH.jpg</thumbnail>
	<fanart>https://image.tmdb.org/t/p/w1280/4m0UWBWNytXxNcmvTS7FKL2gSoI.jpg</fanart>
</item>
<item>
	<title>[COLOR=white]Brahman Naman[/COLOR]</title>
	<meta>
	<imdb>tt5240748</imdb>
	<content>movie</content>
	<title>Brahman Naman</title>
	<year>2016</year>
	</meta>
	<link>
	<sublink>search</sublink>
	<sublink>searchsd</sublink>
	</link>
	<thumbnail>https://image.tmdb.org/t/p/w1280/xyrbDGz5TMPwfCo75FqYMSPuyLo.jpg</thumbnail>
	<fanart>https://image.tmdb.org/t/p/w1280/3oBxFSOpDbPQ3iLYPFINq5yU9M0.jpg</fanart>
</item>
<item>
	<title>[COLOR=white]Sky Ladder: The Art of Cai Guo-Qiang[/COLOR]</title>
	<meta>
	<imdb>tt5278930</imdb>
	<content>movie</content>
	<title>Sky Ladder: The Art of Cai Guo-Qiang</title>
	<year>2016</year>
	</meta>
	<link>
	<sublink>search</sublink>
	<sublink>searchsd</sublink>
	</link>
	<thumbnail>https://image.tmdb.org/t/p/w1280/jgZRDRRbhEWHWm86yidF0Dyckz0.jpg</thumbnail>
	<fanart>https://image.tmdb.org/t/p/w1280/pqonS4IXyHYQQGp4T5L0Kho9YvM.jpg</fanart>
</item>
<item>
	<title>[COLOR=white]The Ridiculous 6[/COLOR]</title>
	<meta>
	<imdb>tt2479478</imdb>
	<content>movie</content>
	<title>The Ridiculous 6</title>
	<year>2015</year>
	</meta>
	<link>
	<sublink>search</sublink>
	<sublink>searchsd</sublink>
	</link>
	<thumbnail>https://image.tmdb.org/t/p/w1280/k77xcsBtZMq9zIlTVQV7UBemzXD.jpg</thumbnail>
	<fanart>https://image.tmdb.org/t/p/w1280/jrEbYGtEEv981chqVvYyIU9ni6K.jpg</fanart>
</item>
<item>
	<title>[COLOR=white]A Very Murray Christmas[/COLOR]</title>
	<meta>
	<imdb>tt4537842</imdb>
	<content>movie</content>
	<title>A Very Murray Christmas</title>
	<year>2015</year>
	</meta>
	<link>
	<sublink>search</sublink>
	<sublink>searchsd</sublink>
	</link>
	<thumbnail>https://image.tmdb.org/t/p/w1280/3CMBgEte4pEapn2deugsfz2hjAL.jpg</thumbnail>
	<fanart>https://image.tmdb.org/t/p/w1280/hgQOPAmFe8ubQZP7DOOz7Q844qG.jpg</fanart>
</item>
<item>
	<title>[COLOR=white]Winter on Fire: Ukraine's Fight for Freedom[/COLOR]</title>
	<meta>
	<imdb>tt4908644</imdb>
	<content>movie</content>
	<title>Winter on Fire: Ukraine's Fight for Freedom</title>
	<year>2015</year>
	</meta>
	<link>
	<sublink>search</sublink>
	<sublink>searchsd</sublink>
	</link>
	<thumbnail>https://image.tmdb.org/t/p/w1280/tIfw9XIYnP0oygZgwPScK421yHW.jpg</thumbnail>
	<fanart>https://image.tmdb.org/t/p/w1280/wWX8L8ujV8AL8dFZ8h9quqcewE.jpg</fanart>
</item>
<item>
	<title>[COLOR=white]Keith Richards: Under the Influence[/COLOR]</title>
	<meta>
	<imdb>none</imdb>
	<content>movie</content>
	<title>Keith Richards: Under the Influence</title>
	<year>2015</year>
	</meta>
	<link>
	<sublink>search</sublink>
	<sublink>searchsd</sublink>
	</link>
	<thumbnail>https://image.tmdb.org/t/p/w1280/xMgAJNItvXt7JnqwFlw8K1gFASp.jpg</thumbnail>
	<fanart>https://image.tmdb.org/t/p/w1280/aq1FspsAS3W29Xj3JFahziMfKMe.jpg</fanart>
</item>
<item>
	<title>[COLOR=white]Beasts of No Nation[/COLOR]</title>
	<meta>
	<imdb>none</imdb>
	<content>movie</content>
	<title>Beasts of No Nation</title>
	<year>2015</year>
	</meta>
	<link>
	<sublink>search</sublink>
	<sublink>searchsd</sublink>
	</link>
	<thumbnail>https://image.tmdb.org/t/p/w1280/geb6DKAnaRf0PFRlqm8i02G6JBv.jpg</thumbnail>
	<fanart>https://image.tmdb.org/t/p/w1280/17zo8xzwqwr7pqCZt1ABaAAakTv.jpg</fanart>
</item>
<item>
	<title>[COLOR=white]Hot Girls Wanted[/COLOR]</title>
	<meta>
	<imdb>none</imdb>
	<content>movie</content>
	<title>Hot Girls Wanted</title>
	<year>2015</year>
	</meta>
	<link>
	<sublink>search</sublink>
	<sublink>searchsd</sublink>
	</link>
	<thumbnail>https://image.tmdb.org/t/p/w1280/hp1wlxVNs0ELn59keOoxnlBQysd.jpg</thumbnail>
	<fanart>https://image.tmdb.org/t/p/w1280/nMm3l2FvnO9eJ7CXq0RrpjoYDuU.jpg</fanart>
</item>
<item>
	<title>[COLOR=white]Tig[/COLOR]</title>
	<meta>
	<imdb>none</imdb>
	<content>movie</content>
	<title>Tig</title>
	<year>2015</year>
	</meta>
	<link>
	<sublink>search</sublink>
	<sublink>searchsd</sublink>
	</link>
	<thumbnail>https://image.tmdb.org/t/p/w1280/7PqIqBDQa5o5MjQzLb9h2atklMn.jpg</thumbnail>
	<fanart>https://image.tmdb.org/t/p/w1280/xk1LxounqK9Em7CpiErRxRuBOrO.jpg</fanart>
</item>
<item>
	<title>[COLOR=white]What Happened, Miss Simone?[/COLOR]</title>
	<meta>
	<imdb>none</imdb>
	<content>movie</content>
	<title>What Happened, Miss Simone?</title>
	<year>2015</year>
	</meta>
	<link>
	<sublink>search</sublink>
	<sublink>searchsd</sublink>
	</link>
	<thumbnail>https://image.tmdb.org/t/p/w1280/dHXeRW71m0KmEuj1XovM7RRVc32.jpg</thumbnail>
	<fanart>https://image.tmdb.org/t/p/w1280/8M1idszeCBIU8dQlGhSDDWXdXL6.jpg</fanart>
</item>
<item>
	<title>[COLOR=white]My Beautiful Broken Brain[/COLOR]</title>
	<meta>
	<imdb>none</imdb>
	<content>movie</content>
	<title>My Beautiful Broken Brain</title>
	<year>2014</year>
	</meta>
	<link>
	<sublink>search</sublink>
	<sublink>searchsd</sublink>
	</link>
	<thumbnail>https://image.tmdb.org/t/p/w1280/uqKlaeB6vGZS7ezVonTqDginHDU.jpg</thumbnail>
	<fanart>https://image.tmdb.org/t/p/w1280/Kbn6hnBBwtgCyxfIt1IN36bplI.jpg</fanart>
</item>
<item>
	<title>[COLOR=white]Virunga[/COLOR]</title>
	<meta>
	<imdb>tt3455224</imdb>
	<content>movie</content>
	<title>Virunga</title>
	<year>2014</year>
	</meta>
	<link>
	<sublink>search</sublink>
	<sublink>searchsd</sublink>
	</link>
	<thumbnail>https://image.tmdb.org/t/p/w1280/z07PstlTwlKawpqSYME2sIIzqVq.jpg</thumbnail>
	<fanart>https://image.tmdb.org/t/p/w1280/p8Gx1ZHPp3PjFnX48MjQgdvwYPv.jpg</fanart>
</item>
<item>
	<title>[COLOR=white]The Other One: The Long, Strange Trip of Bob Weir[/COLOR]</title>
	<meta>
	<imdb>tt3692768</imdb>
	<content>movie</content>
	<title>The Other One: The Long, Strange Trip of Bob Weir</title>
	<year>2014</year>
	</meta>
	<link>
	<sublink>search</sublink>
	<sublink>searchsd</sublink>
	</link>
	<thumbnail>https://image.tmdb.org/t/p/w1280/uxCKeWFcDYkAFEACPcn6KzdXgyf.jpg</thumbnail>
	<fanart>https://image.tmdb.org/t/p/w1280/Av2tIosodwm7cjxlLSsVOwdw3zN.jpg</fanart>
</item>
<item>
	<title>[COLOR=white]Print the Legend[/COLOR]</title>
	<meta>
	<imdb>tt3557464</imdb>
	<content>movie</content>
	<title>Print the Legend</title>
	<year>2014</year>
	</meta>
	<link>
	<sublink>search</sublink>
	<sublink>searchsd</sublink>
	</link>
	<thumbnail>https://image.tmdb.org/t/p/w1280/Zh7hCRfdS3CA9TwslAQx7og0kG.jpg</thumbnail>
	<fanart>https://image.tmdb.org/t/p/w1280/ukTN1XYsNqci3Bt7A43j7xQ27aL.jpg</fanart>
</item>
<item>
	<title>[COLOR=white]My Own Man[/COLOR]</title>
	<meta>
	<imdb>tt3356434</imdb>
	<content>movie</content>
	<title>My Own Man</title>
	<year>2014</year>
	</meta>
	<link>
	<sublink>search</sublink>
	<sublink>searchsd</sublink>
	</link>
	<thumbnail>https://image.tmdb.org/t/p/w1280/bWgmOuo8vLgj0fJ9GEZsYwPTtp0.jpg</thumbnail>
	<fanart>https://image.tmdb.org/t/p/w1280/nSZnntQ0xD1lPTGQZXc8B5htk1D.jpg</fanart>
</item>
<item>
	<title>[COLOR=white]Mission Blue[/COLOR]</title>
	<meta>
	<imdb>tt2004304</imdb>
	<content>movie</content>
	<title>Mission Blue</title>
	<year>2014</year>
	</meta>
	<link>
	<sublink>search</sublink>
	<sublink>searchsd</sublink>
	</link>
	<thumbnail>https://image.tmdb.org/t/p/w1280/oo9evUcGESyR3UYSp8VBjEDDk2j.jpg</thumbnail>
	<fanart>https://image.tmdb.org/t/p/w1280/ir1KG1ZonVypqeoE9G5vJjOfBjj.jpg</fanart>
</item>
<item>
	<title>[COLOR=white]The Battered Bastards of Baseball[/COLOR]</title>
	<meta>
	<imdb>tt3445270</imdb>
	<content>movie</content>
	<title>The Battered Bastards of Baseball</title>
	<year>2014</year>
	</meta>
	<link>
	<sublink>search</sublink>
	<sublink>searchsd</sublink>
	</link>
	<thumbnail>https://image.tmdb.org/t/p/w1280/rldgkiFaY4mC7gLNahUGngCMQH3.jpg</thumbnail>
	<fanart>https://image.tmdb.org/t/p/w1280/n69X9lYlTRb31VHyELa3skQeDra.jpg</fanart>
</item>
<item>
	<title>[COLOR=white]Imperial Dreams[/COLOR]</title>
	<meta>
	<imdb>tt3331028</imdb>
	<content>movie</content>
	<title>Imperial Dreams</title>
	<year>2014</year>
	</meta>
	<link>
	<sublink>search</sublink>
	<sublink>searchsd</sublink>
	</link>
	<thumbnail>https://image.tmdb.org/t/p/w1280/rDCinJO7ZrVfPnHVFsMbuHwPGnl.jpg</thumbnail>
	<fanart>https://image.tmdb.org/t/p/w1280/hEbgXcavqWLy2TEB0iecwF1nnyv.jpg</fanart>
</item>
<item>
	<title>[COLOR=white]E-Team[/COLOR]</title>
	<meta>
	<imdb>tt3456090</imdb>
	<content>movie</content>
	<title>E-Team</title>
	<year>2014</year>
	</meta>
	<link>
	<sublink>search</sublink>
	<sublink>searchsd</sublink>
	</link>
	<thumbnail>https://image.tmdb.org/t/p/w1280/k9MUwf7JEqYYi4fkWbCCTdCh3UW.jpg</thumbnail>
	<fanart>https://image.tmdb.org/t/p/w1280</fanart>
</item>
<item>
	<title>[COLOR=white]Mitt[/COLOR]</title>
	<meta>
	<imdb>tt1757800</imdb>
	<content>movie</content>
	<title>Mitt</title>
	<year>2014</year>
	</meta>
	<link>
	<sublink>search</sublink>
	<sublink>searchsd</sublink>
	</link>
	<thumbnail>https://image.tmdb.org/t/p/w1280/n4plV0ltwXB4PNB4QubpvfwSuAj.jpg</thumbnail>
	<fanart>https://image.tmdb.org/t/p/w1280/fPfMaMgqmlc2ULZK345Q9vxLAqm.jpg</fanart>
</item>
<item>
	<title>[COLOR=white]The Short Game[/COLOR]</title>
	<meta>
	<imdb>tt2466830</imdb>
	<content>movie</content>
	<title>The Short Game</title>
	<year>2013</year>
	</meta>
	<link>
	<sublink>search</sublink>
	<sublink>searchsd</sublink>
	</link>
	<thumbnail>https://image.tmdb.org/t/p/w1280/dGGeogv5IHMJf0QaB2ORyLz6rzi.jpg</thumbnail>
	<fanart>https://image.tmdb.org/t/p/w1280/jBJIjPOFsQYkkWlezDSUD3jyTfH.jpg</fanart>
</item>
<item>
	<title>[COLOR=white]The Square[/COLOR]</title>
	<meta>
	<imdb>tt2486682</imdb>
	<content>movie</content>
	<title>The Square</title>
	<year>2013</year>
	</meta>
	<link>
	<sublink>search</sublink>
	<sublink>searchsd</sublink>
	</link>
	<thumbnail>https://image.tmdb.org/t/p/w1280/is5AiT3jjLMh8uxSpDF856NFVkp.jpg</thumbnail>
	<fanart>https://image.tmdb.org/t/p/w1280/hIx1AGP4dRal1r8pGKnkipuMo1y.jpg</fanart>
</item>
<item>
	<title>[COLOR=white]ReMastered: Who Killed Jam Master Jay?[/COLOR]</title>
	<meta>
	<imdb>None</imdb>
	<content>movie</content>
	<title>ReMastered: Who Killed Jam Master Jay?</title>
	<year></year>
	</meta>
	<link>
	<sublink>search</sublink>
	<sublink>searchsd</sublink>
	</link>
	<thumbnail>https://image.tmdb.org/t/p/w1280</thumbnail>
	<fanart>https://image.tmdb.org/t/p/w1280/eNh92TkIaCTfMLc80H6kDbYNdoR.jpg</fanart>
</item>
