
<dir>
  <title>Network Shows</title>
  <tmdb>network/shows/</tmdb>
  <thumbnail></thumbnail>
  <fantart></fantart>
</dir>

<dir>
    <title>Web Channels</title>
    <tvmaze>web_channel/1</tvmaze>
</dir>

<dir>
    <title>All Networks</title>
    <tvmaze>country/all</tvmaze>
</dir>

<dir>
  <title>A&E</title>
  <tmdb>network/shows/129</tmdb>
  <thumbnail></thumbnail>
  <fantart></fantart>
</dir>

<dir>
  <title>ABC</title>
  <tmdb>network/shows/2</tmdb>
</dir>

<dir>
  <title>ABC Family</title>
  <tmdb>network/shows/75</tmdb>
  <thumbnail></thumbnail>
  <fantart></fantart>
</dir>

<dir>
  <title>Adult Swim</title>
  <tmdb>network/shows/80</tmdb>
  <thumbnail></thumbnail>
  <fantart></fantart>
</dir>

<dir>
  <title>AMC</title>
  <tmdb>network/shows/174</tmdb>
</dir>

<dir>
  <title>Amazon</title>
  <tmdb>network/shows/1024</tmdb>
  <thumbnail></thumbnail>
  <fantart></fantart>
</dir>

<dir>
  <title>Animal Planet</title>
  <tmdb>network/shows/91</tmdb>
  <thumbnail></thumbnail>
  <fantart></fantart>
</dir>

<dir>
  <title>BBC One</title>
  <tmdb>network/shows/4</tmdb>
  <thumbnail></thumbnail>
  <fantart></fantart>
</dir>

<dir>
  <title>BBC Two</title>
  <tmdb>network/shows/33</tmdb>
  <thumbnail></thumbnail>
  <fantart></fantart>
</dir>

<dir>
  <title>BBC Three</title>
  <tmdb>network/shows/3</tmdb>
  <thumbnail></thumbnail>
  <fantart></fantart>
</dir>

<dir>
  <title>BBC Four</title>
  <tmdb>network/shows/100</tmdb>
  <thumbnail></thumbnail>
  <fantart></fantart>
</dir>

<dir>
  <title>Bet</title>
  <tmdb>network/shows/1751</tmdb>
  <thumbnail></thumbnail>
  <fantart></fantart>
</dir>

<dir>
  <title>Bravo</title>
  <tmdb>network/shows/312</tmdb>
  <thumbnail></thumbnail>
  <fantart></fantart>
</dir>

<dir>
  <title>CBS</title>
  <tmdb>network/shows/16</tmdb>
  <thumbnail></thumbnail>
  <fantart></fantart>
</dir>

<dir>
  <title>CNBC</title>
  <tmdb>network/shows/175</tmdb>
  <thumbnail></thumbnail>
  <fantart></fantart>
</dir>

<dir>
  <title>CNN</title>
  <tmdb>network/shows/59</tmdb>
  <thumbnail></thumbnail>
  <fantart></fantart>
</dir>

<dir>
  <title>Cartoon Network</title>
  <tmdb>network/shows/56</tmdb>
  <thumbnail></thumbnail>
  <fantart></fantart>
</dir>

<dir>
  <title>Cinemax</title>
  <tmdb>network/shows/359</tmdb>
  <thumbnail></thumbnail>
  <fantart></fantart>
</dir>

<dir>
  <title>Comedy Central</title>
  <tmdb>network/shows/47</tmdb>
  <thumbnail></thumbnail>
  <fantart></fantart>
</dir>

<dir>
  <title>DIY Network</title>
  <tmdb>network/shows/625</tmdb>
  <thumbnail></thumbnail>
  <fantart></fantart>
</dir>

<dir>
  <title>Destination America</title>
  <tmdb>network/shows/530</tmdb>
  <thumbnail></thumbnail>
  <fantart></fantart>
</dir>

<dir>
  <title>Discovery</title>
  <tmdb>network/shows/64</tmdb>
  <thumbnail></thumbnail>
  <fantart></fantart>
</dir>

<dir>
  <title>Disney Channel</title>
  <tmdb>network/shows/54</tmdb>
  <thumbnail></thumbnail>
  <fantart></fantart>
</dir>

<dir>
  <title>Disney XD</title>
  <tmdb>network/shows/44</tmdb>
  <thumbnail></thumbnail>
  <fantart></fantart>
</dir>

<dir>
  <title>FX</title>
  <tmdb>network/shows/88</tmdb>
  <thumbnail></thumbnail>
  <fantart></fantart>
</dir>

<dir>
  <title>FYI</title>
  <tmdb>network/shows/1080</tmdb>
  <thumbnail></thumbnail>
  <fantart></fantart>
</dir>

<dir>
  <title>Fox</title>
  <tmdb>network/shows/303</tmdb>
  <thumbnail></thumbnail>
  <fantart></fantart>
</dir>

<dir>
  <title>HBO</title>
  <tmdb>network/shows/49</tmdb>
  <thumbnail></thumbnail>
  <fantart></fantart>
</dir>

<dir>
  <title>HGTV</title>
  <tmdb>network/shows/210</tmdb>
  <thumbnail></thumbnail>
  <fantart></fantart>
</dir>

<dir>
  <title>Hallmark</title>
  <tmdb>network/shows/384</tmdb>
  <thumbnail></thumbnail>
  <fantart></fantart>
</dir>

<dir>
  <title>History</title>
  <tmdb>network/shows/65</tmdb>
  <thumbnail></thumbnail>
  <fantart></fantart>
</dir>

<dir>
  <title>Hulu</title>
  <tmdb>network/shows/453</tmdb>
  <thumbnail></thumbnail>
  <fantart></fantart>
</dir>

<dir>
  <title>IFC</title>
  <tmdb>network/shows/124</tmdb>
  <thumbnail></thumbnail>
  <fantart></fantart>
</dir>


<dir>
  <title>ITV</title>
  <tmdb>network/shows/9</tmdb>
  <thumbnail></thumbnail>
  <fantart></fantart>
</dir>

<dir>
  <title>Investigation Discovery</title>
  <tmdb>network/shows/244</tmdb>
  <thumbnail></thumbnail>
  <fantart></fantart>
</dir>

<dir>
  <title>Lifetime</title>
  <tmdb>network/shows/34</tmdb>
  <thumbnail></thumbnail>
  <fantart></fantart>
</dir>

<dir>
  <title>MTV</title>
  <tmdb>network/shows/33</tmdb>
  <thumbnail></thumbnail>
  <fantart></fantart>
</dir>

<dir>
  <title>NBC</title>
  <tmdb>network/shows/6</tmdb>
  <thumbnail></thumbnail>
  <fantart></fantart>
</dir>

<dir>
  <title>Nat Geo Wild</title>
  <tmdb>network/shows/1043</tmdb>
  <thumbnail></thumbnail>
  <fantart></fantart>
</dir>

<dir>
  <title>National Geographic Channel</title>
  <tmdb>network/shows/799</tmdb>
  <thumbnail></thumbnail>
  <fantart></fantart>
</dir>

<dir>
  <title>Netflix</title>
  <tmdb>network/shows/213</tmdb>
  <thumbnail></thumbnail>
  <fantart></fantart>
</dir>

<dir>
  <title>Nickelodeon</title>
  <tmdb>network/shows/13</tmdb>
  <thumbnail></thumbnail>
  <fantart></fantart>
</dir>

<dir>
  <title>PBS</title>
  <tmdb>network/shows/14</tmdb>
  <thumbnail></thumbnail>
  <fantart></fantart>
</dir>

<dir>
  <title>Showtime</title>
  <tmdb>network/shows/67</tmdb>
  <thumbnail></thumbnail>
  <fantart></fantart>
</dir>

<dir>
  <title>Spike</title>
  <tmdb>network/shows/55</tmdb>
  <thumbnail></thumbnail>
  <fantart></fantart>
</dir>

<dir>
  <title>Starz</title>
  <tmdb>network/shows/318</tmdb>
  <thumbnail></thumbnail>
  <fantart></fantart>
</dir>

<dir>
  <title>SyFy</title>
  <tmdb>network/shows/77</tmdb>
  <thumbnail></thumbnail>
  <fantart></fantart>
</dir>

<dir>
  <title>TBS</title>
  <tmdb>network/shows/68</tmdb>
  <thumbnail></thumbnail>
  <fantart></fantart>
</dir>

<dir>
  <title>TLC</title>
  <tmdb>network/shows/84</tmdb>
  <thumbnail></thumbnail>
  <fantart></fantart>
</dir>

<dir>
  <title>TNT</title>
  <tmdb>network/shows/41</tmdb>
  <thumbnail></thumbnail>
  <fantart></fantart>
</dir>

<dir>
  <title>TV Land</title>
  <tmdb>network/shows/397</tmdb>
  <thumbnail></thumbnail>
  <fantart></fantart>
</dir>

<dir>
  <title>The Lifestyle Channel</title>
  <tmdb>network/shows/683</tmdb>
  <thumbnail></thumbnail>
  <fantart></fantart>
</dir>

<dir>
  <title>The Movie Channel</title>
  <tmdb>network/shows/651</tmdb>
  <thumbnail></thumbnail>
  <fantart></fantart>
</dir>


<dir>
  <title>The Movie Network</title>
  <tmdb>network/shows/245</tmdb>
  <thumbnail></thumbnail>
  <fantart></fantart>
</dir>

<dir>
  <title>Travel Channel</title>
  <tmdb>network/shows/209</tmdb>
  <thumbnail></thumbnail>
  <fantart></fantart>
</dir>

<dir>
  <title>USA</title>
  <tmdb>network/shows/30</tmdb>
  <thumbnail></thumbnail>
  <fantart></fantart>
</dir>

<dir>
  <title>VH1</title>
  <tmdb>network/shows/158</tmdb>
  <thumbnail></thumbnail>
  <fantart></fantart>
</dir>

<dir>
  <title>Velocity</title>
  <tmdb>network/shows/435</tmdb>
  <thumbnail></thumbnail>
  <fantart></fantart>
</dir>

<dir>
  <title>Viceland</title>
  <tmdb>network/shows/1339</tmdb>
  <thumbnail></thumbnail>
  <fantart></fantart>
</dir>

<dir>
  <title>WWE Network</title>
  <tmdb>network/shows/1025</tmdb>
  <thumbnail></thumbnail>
  <fantart></fan
</dir>

<dir>
  <title>YouTube Red</title>
  <tmdb>network/shows/1436</tmdb>
  <thumbnail></thumbnail>
  <fantart></fantart>
</dir>
