<item>
	<title>My Best Friend's Birthday</title>
	<meta>
		<content>movie</content>
		<imdb>tt0359715</imdb>
		<title>My Best Friend's Birthday</title>
		<year>1987</year>
	</meta>
	<link>
		<sublink>search</sublink>
		<sublink>searchsd</sublink>
	</link>
	<thumbnail>https://image.tmdb.org/t/p/w1280//iYLIl8wtoyKdJHNAtpaEi0jYXtt.jpg</thumbnail>
	<fanart>https://image.tmdb.org/t/p/w1280//8esluJfWYtFFSjK4paD20bfKMjG.jpg</fanart>
</item>
<item>
	<title>Reservoir Dogs</title>
	<meta>
		<content>movie</content>
		<imdb>tt0105236</imdb>
		<title>Reservoir Dogs</title>
		<year>1992</year>
	</meta>
	<link>
		<sublink>search</sublink>
		<sublink>searchsd</sublink>
	</link>
	<thumbnail>https://image.tmdb.org/t/p/w1280//tB2ITHg556e7aTV6cqQqVAXkdxN.jpg</thumbnail>
	<fanart>https://image.tmdb.org/t/p/w1280//gjOiE5EYH5sqcJYlSDZnVWRMgNV.jpg</fanart>
</item>
<item>
	<title>Pulp Fiction</title>
	<meta>
		<content>movie</content>
		<imdb>tt0110912</imdb>
		<title>Pulp Fiction</title>
		<year>1994</year>
	</meta>
	<link>
		<sublink>search</sublink>
		<sublink>searchsd</sublink>
	</link>
	<thumbnail>https://image.tmdb.org/t/p/w1280//dM2w364MScsjFf8pfMbaWUcWrR.jpg</thumbnail>
	<fanart>https://image.tmdb.org/t/p/w1280//mte63qJaVnoxkkXbHkdFujBnBgd.jpg</fanart>
</item>
<item>
	<title>Four Rooms</title>
	<meta>
		<content>movie</content>
		<imdb>tt0113101</imdb>
		<title>Four Rooms</title>
		<year>1995</year>
	</meta>
	<link>
		<sublink>search</sublink>
		<sublink>searchsd</sublink>
	</link>
	<thumbnail>https://image.tmdb.org/t/p/w1280//eQs5hh9rxrk1m4xHsIz1w11Ngqb.jpg</thumbnail>
	<fanart>https://image.tmdb.org/t/p/w1280//3EqYpbGCE9S5GddU2K4cYzP5UmI.jpg</fanart>
</item>
<item>
	<title>Jackie Brown</title>
	<meta>
		<content>movie</content>
		<imdb>tt0119396</imdb>
		<title>Jackie Brown</title>
		<year>1997</year>
	</meta>
	<link>
		<sublink>search</sublink>
		<sublink>searchsd</sublink>
	</link>
	<thumbnail>https://image.tmdb.org/t/p/w1280//4XVPYOdMAizdNMSwS0SK3fPJcvR.jpg</thumbnail>
	<fanart>https://image.tmdb.org/t/p/w1280//oT8RNPVSaZzEhimXcWihQxQPxKy.jpg</fanart>
</item>
<item>
	<title>Kill Bill: Vol. 1</title>
	<meta>
		<content>movie</content>
		<imdb>tt0266697</imdb>
		<title>Kill Bill: Vol. 1</title>
		<year>2003</year>
	</meta>
	<link>
		<sublink>search</sublink>
		<sublink>searchsd</sublink>
	</link>
	<thumbnail>https://image.tmdb.org/t/p/w1280//97fNAi62HawGjWru7PvVmF7RAbU.jpg</thumbnail>
	<fanart>https://image.tmdb.org/t/p/w1280//kkS8PKa8c134vXsj2fQkNqOaCXU.jpg</fanart>
</item>
<item>
	<title>Kill Bill: Vol. 2</title>
	<meta>
		<content>movie</content>
		<imdb>tt0378194</imdb>
		<title>Kill Bill: Vol. 2</title>
		<year>2004</year>
	</meta>
	<link>
		<sublink>search</sublink>
		<sublink>searchsd</sublink>
	</link>
	<thumbnail>https://image.tmdb.org/t/p/w1280//au9lFA5a2ZnBKCzPbZQf00r7J64.jpg</thumbnail>
	<fanart>https://image.tmdb.org/t/p/w1280//33WfP01Pu8SMuuHYnoJXMRCMtmI.jpg</fanart>
</item>
<item>
	<title>Death Proof</title>
	<meta>
		<content>movie</content>
		<imdb>tt1028528</imdb>
		<title>Death Proof</title>
		<year>2007</year>
	</meta>
	<link>
		<sublink>search</sublink>
		<sublink>searchsd</sublink>
	</link>
	<thumbnail>https://image.tmdb.org/t/p/w1280//nyQBcpxqS4im2akQlWG9Y1oeM2V.jpg</thumbnail>
	<fanart>https://image.tmdb.org/t/p/w1280//6Rss31Ui3pvViTObhyuNRTwYsOt.jpg</fanart>
</item>
<item>
	<title>Inglourious Basterds</title>
	<meta>
		<content>movie</content>
		<imdb>tt0361748</imdb>
		<title>Inglourious Basterds</title>
		<year>2009</year>
	</meta>
	<link>
		<sublink>search</sublink>
		<sublink>searchsd</sublink>
	</link>
	<thumbnail>https://image.tmdb.org/t/p/w1280//ai0LXkzVM3hMjDhvFdKMUemoBe.jpg</thumbnail>
	<fanart>https://image.tmdb.org/t/p/w1280//7nF6B9yCEq1ZCT82sGJVtNxOcl5.jpg</fanart>
</item>
<item>
	<title>Django Unchained</title>
	<meta>
		<content>movie</content>
		<imdb>tt1853728</imdb>
		<title>Django Unchained</title>
		<year>2012</year>
	</meta>
	<link>
		<sublink>search</sublink>
		<sublink>searchsd</sublink>
	</link>
	<thumbnail>https://image.tmdb.org/t/p/w1280//5WJnxuw41sddupf8cwOxYftuvJG.jpg</thumbnail>
	<fanart>https://image.tmdb.org/t/p/w1280//qUcmEqnzIwlwZxSyTf3WliSfAjJ.jpg</fanart>
</item>
<item>
	<title>The Hateful Eight</title>
	<meta>
		<content>movie</content>
		<imdb>tt3460252</imdb>
		<title>The Hateful Eight</title>
		<year>2015</year>
	</meta>
	<link>
		<sublink>search</sublink>
		<sublink>searchsd</sublink>
	</link>
	<thumbnail>https://image.tmdb.org/t/p/w1280//fqe8JxDNO8B8QfOGTdjh6sPCdSC.jpg</thumbnail>
	<fanart>https://image.tmdb.org/t/p/w1280//sSvgNBeBNzAuKl8U8sP50ETJPgx.jpg</fanart>
</item>
<item>
	<title>True Romance</title>
	<meta>
		<content>movie</content>
		<imdb>tt0108399</imdb>
		<title>True Romance</title>
		<year>1993</year>
	</meta>
	<link>
		<sublink>search</sublink>
		<sublink>searchsd</sublink>
	</link>
	<thumbnail>https://image.tmdb.org/t/p/w1280//xBO8R3CZfrJ9rrwrZoJ68PgJyAR.jpg</thumbnail>
	<fanart>https://image.tmdb.org/t/p/w1280//f0qqTEyVmmztypEMV3THRdnBjFj.jpg</fanart>
</item>
<item>
	<title>From Dusk Till Dawn</title>
	<meta>
		<content>movie</content>
		<imdb>tt0116367</imdb>
		<title>From Dusk Till Dawn</title>
		<year>1996</year>
	</meta>
	<link>
		<sublink>search</sublink>
		<sublink>searchsd</sublink>
	</link>
	<thumbnail>https://image.tmdb.org/t/p/w1280//ce0d4kM5KxT4x1Oq8JkSuNYevri.jpg</thumbnail>
	<fanart>https://image.tmdb.org/t/p/w1280//3kPTAFgx2BftDOexBe41k8kqSRD.jpg</fanart>
</item>
<item>
	<title>Past Midnight</title>
	<meta>
		<content>movie</content>
		<imdb>tt0105108</imdb>
		<title>Past Midnight</title>
		<year>1991</year>
	</meta>
	<link>
		<sublink>search</sublink>
		<sublink>searchsd</sublink>
	</link>
	<thumbnail>https://image.tmdb.org/t/p/w1280//8sMb6VIWs253IZ0X56vC6v7FjnB.jpg</thumbnail>
	<fanart>https://image.tmdb.org/t/p/w1280//ay7YiAv6MgG3XxpYIrRArUpH2hs.jpg</fanart>
</item>
<item>
	<title>Iron Monkey</title>
	<meta>
		<content>movie</content>
		<imdb>tt0108148</imdb>
		<title>Iron Monkey</title>
		<year>1993</year>
	</meta>
	<link>
		<sublink>search</sublink>
		<sublink>searchsd</sublink>
	</link>
	<thumbnail>https://image.tmdb.org/t/p/w1280//5a7m06pxlDMbuVodP8gVSho5I91.jpg</thumbnail>
	<fanart>https://image.tmdb.org/t/p/w1280//ec4vE05XBsLAm1ly9QvcvVvoeo5.jpg</fanart>
</item>
<item>
	<title>Killing Zoe</title>
	<meta>
		<content>movie</content>
		<imdb>tt0110265</imdb>
		<title>Killing Zoe</title>
		<year>1993</year>
	</meta>
	<link>
		<sublink>search</sublink>
		<sublink>searchsd</sublink>
	</link>
	<thumbnail>https://image.tmdb.org/t/p/w1280//jAnpPlUUhBqztIfCfg3OKsTYMhu.jpg</thumbnail>
	<fanart>https://image.tmdb.org/t/p/w1280//714WM8GntrZIiJsXUUfeYFCWWhe.jpg</fanart>
</item>
<item>
	<title>Curdled</title>
	<meta>
		<content>movie</content>
		<imdb>tt0115994</imdb>
		<title>Curdled</title>
		<year>1996</year>
	</meta>
	<link>
		<sublink>search</sublink>
		<sublink>searchsd</sublink>
	</link>
	<thumbnail>https://image.tmdb.org/t/p/w1280//9rEz6n5ypgE3Vu1M2RuNTah0Z7e.jpg</thumbnail>
	<fanart>https://image.tmdb.org/t/p/w1280//boID5YJMqKLwaA4dz1RwI0ET7b7.jpg</fanart>
</item>
<item>
	<title>Sin City</title>
	<meta>
		<content>movie</content>
		<imdb>tt0401792</imdb>
		<title>Sin City</title>
		<year>2005</year>
	</meta>
	<link>
		<sublink>search</sublink>
		<sublink>searchsd</sublink>
	</link>
	<thumbnail>https://image.tmdb.org/t/p/w1280//vKJVGOKPyWqp9d2EX5NH1liqRqR.jpg</thumbnail>
	<fanart>https://image.tmdb.org/t/p/w1280//my81Hjt7NpZhaMX9bHi4wVhFy0v.jpg</fanart>
</item>
<item>
	<title>God Said, 'Ha!'</title>
	<meta>
		<content>movie</content>
		<imdb>tt0119207</imdb>
		<title>God Said, 'Ha!'</title>
		<year>1998</year>
	</meta>
	<link>
		<sublink>search</sublink>
		<sublink>searchsd</sublink>
	</link>
	<thumbnail>https://image.tmdb.org/t/p/w1280//nEcwFwKCsABvsvF2dOwNBs9IS1F.jpg</thumbnail>
	<fanart>https://image.tmdb.org/t/p/w1280//jjrqOb9uAS897P0Kot2AFeXBn2s.jpg</fanart>
</item>
<item>
	<title>Hostel</title>
	<meta>
		<content>movie</content>
		<imdb>tt0450278</imdb>
		<title>Hostel</title>
		<year>2005</year>
	</meta>
	<link>
		<sublink>search</sublink>
		<sublink>searchsd</sublink>
	</link>
	<thumbnail>https://image.tmdb.org/t/p/w1280//zF3pEs1CUbjPgioxDH4h2MEHsWl.jpg</thumbnail>
	<fanart>https://image.tmdb.org/t/p/w1280//9jTL24i6meo6u5hHEPwUY8TD1N4.jpg</fanart>
</item>
<item>
	<title>Daltry Calhoun</title>
	<meta>
		<content>movie</content>
		<imdb>tt0339642</imdb>
		<title>Daltry Calhoun</title>
		<year>2005</year>
	</meta>
	<link>
		<sublink>search</sublink>
		<sublink>searchsd</sublink>
	</link>
	<thumbnail>https://image.tmdb.org/t/p/w1280//7aWn7l8GftSgtlcP4JH1PzSVQ5e.jpg</thumbnail>
	<fanart>https://image.tmdb.org/t/p/w1280//1udZd4D7G4a7jcN38zScHuBoKMF.jpg</fanart>
</item>
<item>
	<title>Freedom's Fury</title>
	<meta>
		<content>movie</content>
		<imdb>tt0322332</imdb>
		<title>Freedom's Fury</title>
		<year>2006</year>
	</meta>
	<link>
		<sublink>search</sublink>
		<sublink>searchsd</sublink>
	</link>
	<thumbnail>https://image.tmdb.org/t/p/w1280//vPjsAe37jrLuCwOtI7uHrowJVpC.jpg</thumbnail>
	<fanart/>
</item>
<item>
	<title>Hostel: Part II</title>
	<meta>
		<content>movie</content>
		<imdb>tt0498353</imdb>
		<title>Hostel: Part II</title>
		<year>2007</year>
	</meta>
	<link>
		<sublink>search</sublink>
		<sublink>searchsd</sublink>
	</link>
	<thumbnail>https://image.tmdb.org/t/p/w1280//fRRjGgHCh6dWvRn1wSbv2VMO6JL.jpg</thumbnail>
	<fanart>https://image.tmdb.org/t/p/w1280//lshpN0UfiHqan1G9HalSUQVTJdJ.jpg</fanart>
</item>
<item>
	<title>Planet Terror</title>
	<meta>
		<content>movie</content>
		<imdb>tt1077258</imdb>
		<title>Planet Terror</title>
		<year>2007</year>
	</meta>
	<link>
		<sublink>search</sublink>
		<sublink>searchsd</sublink>
	</link>
	<thumbnail>https://image.tmdb.org/t/p/w1280//7Yjzttt0VfPphSsUg8vFUO9WaEt.jpg</thumbnail>
	<fanart>https://image.tmdb.org/t/p/w1280//nU0NV9lyjxY79AdL0wFN9tRqSSP.jpg</fanart>
</item>
<item>
	<title>Hell Ride</title>
	<meta>
		<content>movie</content>
		<imdb>tt0411475</imdb>
		<title>Hell Ride</title>
		<year>2008</year>
	</meta>
	<link>
		<sublink>search</sublink>
		<sublink>searchsd</sublink>
	</link>
	<thumbnail>https://image.tmdb.org/t/p/w1280//zO3kXAJoyI8asGuQQWal4kFPcwY.jpg</thumbnail>
	<fanart>https://image.tmdb.org/t/p/w1280//jgemgAqvyFbsSLLE2BH16vgQDUn.jpg</fanart>
</item>
<dir>
	<title>Next Page >></title>
	<trakt>https://api.trakt.tv/users/mrblue74/lists/tarantino-movies/items?page=2</trakt>
	<summary>Go To Page 2</summary>
</dir>
