<dir>
    <title>2018 Movies</title>
    <tmdb>year/movies/2017</tmdb>
  </dir>

  <dir>
    <title>2017 Movies</title>
    <tmdb>year/movies/2017</tmdb>
  </dir>

  <dir>
    <title>2016 Movies</title>
    <tmdb>year/movies/2016</tmdb>
  </dir>

  <dir>
    <title>2015 Movies</title>
    <tmdb>year/movies/2015</tmdb>
  </dir>

  <dir>
    <title>2014 Movies</title>
    <tmdb>year/movies/2014</tmdb>
  </dir>

  <dir>
    <title>2013 Movies</title>
    <tmdb>year/movies/2013</tmdb>
  </dir>

  <dir>
    <title>2012 Movies</title>
    <tmdb>year/movies/2012</tmdb>
  </dir>

  <dir>
    <title>2011 Movies</title>
    <tmdb>year/movies/2011</tmdb>
  </dir>

  <dir>
    <title>2010 Movies</title>
    <tmdb>year/movies/2010</tmdb>
  </dir>

  <dir>
    <title>2009 Movies</title>
    <tmdb>year/movies/2009</tmdb>
  </dir>

  <dir>
    <title>2008 Movies</title>
    <tmdb>year/movies/2008</tmdb>
  </dir>

  <dir>
    <title>2007 Movies</title>
    <tmdb>year/movies/2007</tmdb>
  </dir>

  <dir>
    <title>2006 Movies</title>
    <tmdb>year/movies/2006</tmdb>
  </dir>

  <dir>
    <title>2005 Movies</title>
    <tmdb>year/movies/2005</tmdb>
  </dir>

  <dir>
    <title>2004 Movies</title>
    <tmdb>year/movies/2004</tmdb>
  </dir>

  <dir>
    <title>2003 Movies</title>
    <tmdb>year/movies/2003</tmdb>
  </dir>

  <dir>
    <title>2002 Movies</title>
    <tmdb>year/movies/2002</tmdb>
  </dir>

  <dir>
    <title>2001 Movies</title>
    <tmdb>year/movies/2001</tmdb>
  </dir>

  <dir>
    <title>2000 Movies</title>
    <tmdb>year/movies/2000</tmdb>
  </dir>
  
   <dir>
    <title>1980 - 1999 Movies</title>
    <link>1999.xml</link>
  </dir>

  <dir>
    <title>1960 - 1979 Movies</title>
    <link>1979.xml</link>
  </dir>

  <dir>
    <title>1940 - 1959 Movies</title>
    <link>1959.xml</link>
  </dir>

  <<dir>
    <title>2017 Movies</title>
    <tmdb>year/movies/2017</tmdb>
  </dir>

  <dir>
    <title>2016 Movies</title>
    <tmdb>year/movies/2016</tmdb>
  </dir>

  <dir>
    <title>2015 Movies</title>
    <tmdb>year/movies/2015</tmdb>
  </dir>

  <dir>
    <title>2014 Movies</title>
    <tmdb>year/movies/2014</tmdb>
  </dir>

  <dir>
    <title>2013 Movies</title>
    <tmdb>year/movies/2013</tmdb>
  </dir>

  <dir>
    <title>2012 Movies</title>
    <tmdb>year/movies/2012</tmdb>
  </dir>

  <dir>
    <title>2011 Movies</title>
    <tmdb>year/movies/2011</tmdb>
  </dir>

  <dir>
    <title>2010 Movies</title>
    <tmdb>year/movies/2010</tmdb>
  </dir>

  <dir>
    <title>2009 Movies</title>
    <tmdb>year/movies/2009</tmdb>
  </dir>

  <dir>
    <title>2008 Movies</title>
    <tmdb>year/movies/2008</tmdb>
  </dir>

  <dir>
    <title>2007 Movies</title>
    <tmdb>year/movies/2007</tmdb>
  </dir>

  <dir>
    <title>2006 Movies</title>
    <tmdb>year/movies/2006</tmdb>
  </dir>

  <dir>
    <title>2005 Movies</title>
    <tmdb>year/movies/2005</tmdb>
  </dir>

  <dir>
    <title>2004 Movies</title>
    <tmdb>year/movies/2004</tmdb>
  </dir>

  <dir>
    <title>2003 Movies</title>
    <tmdb>year/movies/2003</tmdb>
  </dir>

  <dir>
    <title>2002 Movies</title>
    <tmdb>year/movies/2002</tmdb>
  </dir>

  <dir>
    <title>2001 Movies</title>
    <tmdb>year/movies/2001</tmdb>
  </dir>

  <dir>
    <title>2000 Movies</title>
    <tmdb>year/movies/2000</tmdb>
  </dir>
  
  <dir>
    <title>1980 - 1999 Movies</title>
    <link>https://raw.githubusercontent.com/tilliferret/ferretworld/master/1999.xml</link>
  </dir>

  <dir>
    <title>1960 - 1979 Movies</title>
    <link>https://raw.githubusercontent.com/tilliferret/ferretworld/master/1979.xml</link>
  </dir>

  <dir>
    <title>1940 - 1959 Movies</title>
    <link>https://raw.githubusercontent.com/tilliferret/ferretworld/master/1959.xml</link>
  </dir>

  <dir>
    <title>1920 - 1939 Movies</title>
    <link>https://raw.githubusercontent.com/tilliferret/ferretworld/master/1939.xml</link>
  </dir>

  <dir>
    <title>1900 - 1919 Movies</title>
    <link>https://raw.githubusercontent.com/tilliferret/ferretworld/master/1919.xml</link>
  </dir>
