<?xml version="1.0" encoding="UTF-8" standalone="yes"?>
<addon id="script.module.resistance" name="resistance Module" version="7.4.4.4" provider-name="scarecrow">
	<requires>
		<import addon="xbmc.python" version="2.1.0" />
		<import addon="script.module.beautifulsoup4"/>
		<import addon="script.module.simplejson"/>
	</requires>
	<extension point="xbmc.python.module" library="lib" />
	<extension point="xbmc.addon.metadata">
		<platform>all</platform>
		<summary lang="en">resistance</summary>
	</extension>
</addon>
