<?xml version="1.0" encoding="UTF-8" standalone="yes"?>
<addon id="script.reptilia.metadata" version="2.0" name="Reptilia Metadata" provider-name="Reptilia">
	<requires>
		<import addon="xbmc.python" version="2.19.0"/>
	</requires>
	<extension point="xbmc.python.module" library="lib" />
	<extension point="xbmc.addon.metadata">
		<summary>Metadata for the Reptilia Addon</summary>
		<description>Metadata for Reptilia are maintained separately to make distribution of the the addon itself easier/faster.</description>
		<platform>all</platform>
	</extension>
</addon>
