<?xml version="1.0" encoding="UTF-8" standalone="yes"?>
<addon id="plugin.video.ghettotube"
       name="[COLOR=red]Ghetto[COLOR=blue]tube[/COLOR] (Adult)"
       version="1.1"
       provider-name="Black$tar">
  <requires>
    <import addon="xbmc.python" version="2.1.0"/>
  </requires>
  <extension point="xbmc.python.pluginsource"
            library="default.py">
        <provides>video</provides>
  </extension>
  <extension point="xbmc.addon.metadata">
    <summary>Thousands of Free Streaming Porn videos! Updated every day. Ghetto Tube is the youtube of free porn.</summary>
    <description>Thousands of Free Streaming Porn videos! Updated every day. Ghetto Tube is the youtube of free porn.</description>
    <platform>all</platform>
  </extension>
</addon>
