<?xml version="1.0" encoding="UTF-8" standalone="yes"?>
<addon id="plugin.video.exodusfork6" version="6.0.0" name="[B][COLOR red]Exodus[/COLOR][COLOR white]-Fork[/COLOR][COLOR lime] 6[/COLOR][/B]" provider-name="Freeworld">
	<requires>
		<import addon="xbmc.python" version="2.19.0" />
		<import addon="script.module.resolveurl" />
		<import addon="script.module.requests" />
		<import addon="script.module.metahandler" version="1.0.0" />
	</requires>
	<extension point="xbmc.python.pluginsource" library="exodusfork6.py">
		<provides>video</provides>
	</extension>
	<extension point="xbmc.service" library="service.py" start="startup" />
	<extension point="xbmc.addon.metadata">
		<summary lang="en">ExodusFork6</summary>
		<description lang="en">Stream movies and series online.</description>
		<disclaimer lang="en">The author does not host or distribute any of the content displayed by this addon. The author does not have any affiliation with the content provider.</disclaimer>
		<platform>all</platform>
		<license>GNU GENERAL PUBLIC LICENSE. Version 3, 29 June 2007</license>
	</extension>
</addon>
