<?xml version="1.0" encoding="UTF-8" standalone="yes"?>
<addon id="repository.tojelako" name="[B]Tojelako Repository[/B]" version="1.1" provider-name="Tojelako">
	<extension point="xbmc.addon.repository" name="Tojelako repository">
		<info compressed="false">https://sajt.000webhostapp.com/Kodi/tojelakorepo/Programi/addons.xml</info>
		<checksum>https://sajt.000webhostapp.com/Kodi/tojelakorepo/Programi/addons.xml.md5</checksum>
		<datadir zip="true">https://sajt.000webhostapp.com/Kodi/tojelakorepo/Programi/</datadir>
	</extension>
	  <extension point="xbmc.addon.metadata">
		<summary lang="en">Tojelako Repository</summary>
		<description lang="en">Tojelako Wizard Buldovi od autora Tojelako.</description>
		<platform>all</platform>
		<forum>http://koditalk.org/</forum>
		<website>https://streamhelp.org/</website>
	  <assets>
		<icon>icon.gif</icon>
		<screenshot>resources/screenshots/screenshot1.jpg</screenshot>
		<screenshot>resources/screenshots/screenshot2.jpg</screenshot>
		<screenshot>resources/screenshots/screenshot3.jpg</screenshot>
		<screenshot>resources/screenshots/screenshot4.jpg</screenshot>
		<screenshot>resources/screenshots/screenshot5.jpg</screenshot>
	  </assets>
	  </extension>
</addon>