<xml>
 <dir>
<dir>
<title>[COLORwhite][B]The Horror Movie Vault[/COLOR][/B]</title>
<tmdb>list/46472</tmdb>
</dir>
<dir>
<title>[COLORwhite][B]Blood & Brimstone TV [/COLOR][/B]</title>
<tmdb>list/46485</tmdb>
</dir>
<dir>
<title>[COLORwhite][B]Open Grave Documentaries[/COLOR][/B]</title>
<tmdb>list/46487</tmdb>
</dir>
<dir>
<title>[COLORwhite][B]Karens Horror Pit[/COLOR][/B]</title>
<tmdb>list/80023</tmdb>
</dir>
<dir>
<title>[COLORwhite][B]True Crime Movies[/COLOR][/B]</title>
<tmdb>list/46489</tmdb>
</dir>
<dir>
<title>[COLORwhite][B]True Crime Mini Series[/COLOR][/B]</title>
<tmdb>list/46490</tmdb>
</dir>
<dir>
<title>[COLORwhite][B]True Crime Documentaries[/COLOR][/B]</title>
<tmdb>list/46491</tmdb>
</dir>
<dir>
<title>[COLORwhite][B]Movies Based On True Stories[/COLOR][/B]</title>
<tmdb>list/46802</tmdb>
</dir>
<dir>
<title>[COLORwhite][B]TV Shows Based On True Stories [/COLOR][/B]</title>
<tmdb>list/46803</tmdb>
</dir>
<dir>
<title>[COLORwhite][B]Crime TV Shows[/COLOR][/B]</title>
<tmdb>list/46805</tmdb>
</dir>
<dir>
<title>[COLORwhite][B]Crime Movies[/COLOR][/B]</title>
<tmdb>list/80053</tmdb>
</dir>
<dir>
<title>[COLORwhite][B]Disaster And Doomsday Movies[/COLOR][/B]</title>
<tmdb>list/80095</tmdb>
</dir>
<dir>
<title>[COLORwhite][B]L.K.H.G Members Movie Recommendations[/COLOR][/B]</title>
<tmdb>list/80104</tmdb>
</dir>
 
  
  
</xml>

  
  
  
