<?xml version="1.0" encoding="UTF-8" standalone="yes"?>
<addon id="repository.Rising.Tides" name="[COLOR red][B]R[/B][/COLOR][COLOR white][B]ising[/B][/COLOR] [COLOR pink][B]T[/B][/COLOR][COLOR white][B]ides[/B][/COLOR] Repository" version="0.2" provider-name="[COLOR turquoise][B]@mullafabz[/B][/COLOR]">
	<extension point="xbmc.addon.repository" name="[COLOR red][B]R[/B][/COLOR]ising [COLOR pink][B]T[/B][/COLOR]ides Repository">
		<info compressed="false">http://mullafabz.net.rw/Plugins/addons.xml</info>
		<checksum>http://mullafabz.net.rw/Plugins/addons.xml.md5</checksum>
		<datadir zip="true">http://mullafabz.net.rw/Plugins/</datadir>
	</extension>
	<extension point="xbmc.addon.metadata">
		<summary>All types of Contents</summary>
		<description>Find any type of content</description>
		<platform>all</platform>
	</extension>
</addon>