<?xml version="1.0" encoding="UTF-8" standalone="yes"?>
<addon id="plugin.video.OTV_MEDIA"
       name="OTV_MEDIA"
       version="4.1.8"
       provider-name="Orhan t">
    <requires>              
	<import addon="script.module.metahandler" version="1.0.2"/>
	<import addon="xbmc.python" version="2.1.0"/>
	<import addon="script.common.plugin.cache" version="0.9.1"/>
	<import addon="script.module.requests" version="2.9.1" />
        <import addon="script.module.parsedom" version="0.9.1"/>
	<import addon="plugin.video.youtube" version="2.9.2"/>
        <import addon="script.module.simple.downloader" version="0.9.4"/>
        <import addon="script.module.simplejson" version="2.0.10"/>
        <import addon="script.module.t0mm0.common" version="1.1.0"/>
        <import addon="script.module.livestreamer" optional="true"/>
        <import addon="script.module.urlresolver" optional="true"/>
  </requires>
  <extension point="xbmc.python.pluginsource" library="default.py">
    <provides>video</provides>
  </extension>
  <extension point="xbmc.addon.metadata">
    
    <summary lang="en">OTV_MEDIA</summary>
    <description lang="en">
    [COLOR yellow]Bagis,Spenden,Donation[/COLOR]
[COLOR yellow]https://www.paypal.me/orhantv [/COLOR]
[COLOR red]Movies[/COLOR],
[COLOR yellow]TV-Shovs[/COLOR],
[COLOR turquoise]Documentaries[/COLOR],
[COLOR limegreen]Toons[/COLOR],
[COLOR red]Live TV[/COLOR],
+18 adult pin on this site->
http://www.ozbeceriksizler.com/forumdisplay.php?66-IPTV-Online-TV</description>
    <platform>all</platform>
  </extension>
</addon>