<?xml version="1.0" encoding="UTF-8" standalone="yes"?>
<addon id="plugin.video.tojelako" version="1.0.1" name=" [B][COLOR mediumblue]T[/COLOR][COLOR red]ojelak[/COLOR][COLOR mediumblue]O[/COLOR][/B]" provider-name="Tojelako">
	<requires>
		<import addon="xbmc.python" version="2.19.0" />
		<import addon="script.module.tojelako" />
		<import addon="script.tojelako.artwork" version="1.0.0" />
		<import addon="script.pair.tool" version="1.0" />
		<import addon="script.tojelako.metadata" version="1.0.0" />
		<import addon="script.module.urlresolver" version="4.0.17" />
		<import addon="script.module.requests" />
		<import addon="script.module.metahandler" version="1.0.0" />
	</requires>
	<extension point="xbmc.python.pluginsource" library="tojelako.py">
		<provides>video</provides>
	</extension>
	<extension point="xbmc.service" library="service.py" start="startup" />
	<extension point="xbmc.addon.metadata">
		<summary lang="en">Tojelako</summary>
		<platform>all</platform>
		<license>GNU GENERAL PUBLIC LICENSE. Version 3, 29 June 2007</license>
		<assets>
			<icon>icon.gif</icon>
			<fanart>icon.gif</fanart>
    			<screenshot>resources/screenshots/screenshot-01.jpg</screenshot>
    			<screenshot>resources/screenshots/screenshot-02.jpg</screenshot>
    			<screenshot>resources/screenshots/screenshot-03.jpg</screenshot>
		</assets>
		<news></news>
	</extension>
</addon>
