<xml>

<dir>
	<title>#1 donxy Lists (Trakt)</title>
	<summary>Lists by donxy.</summary>
	<trakt>https://api.trakt.tv/users/donxy/lists</trakt>
</dir>

<dir>
	<title>^-HighLights-^</title>
	<link>message(Horror/Halloween, Animation/Kids, and Hella SuperHero DC/Marvel Content.)</link>
	<content></content>
	<thumbnail>special://home/addons/plugin.video.beardedbandit/resources/images/icons/info.png</thumbnail>
</dir>

<dir>
	<title>#2 pixelhunterprime Lists (Trakt)</title>
	<summary>Lists by pixelhunterprime.</summary>
	<trakt>https://api.trakt.tv/users/pixelhunterprime/lists</trakt>
</dir>

<dir>
	<title>^-HighLights-^</title>
	<link>message(Netflix, StarWars/StarTrek, Dark Horse and Very Amazing DC/Marvel Lists.)</link>
	<content></content>
	<thumbnail>special://home/addons/plugin.video.beardedbandit/resources/images/icons/info.png</thumbnail>
</dir>

<dir>
	<title>#3 aclo_networks Lists (Trakt)</title>
	<summary>Lists by aclo_networks.</summary>
	<trakt>https://api.trakt.tv/users/aclo_networks/lists</trakt>
</dir>

<dir>
	<title>^-HighLights-^</title>
	<link>message(Various Great TV Networks Plus Hulu/Netflix and YouTube Red.)</link>
	<content></content>
	<thumbnail>special://home/addons/plugin.video.beardedbandit/resources/images/icons/info.png</thumbnail>
</dir>

<dir>
	<title>#4 giladg Lists (Trakt)</title>
	<summary>Lists by giladg.</summary>
	<trakt>https://api.trakt.tv/users/giladg/lists</trakt>
</dir>

<dir>
	<title>^-HighLights-^</title>
	<link>message(Awesome Standup Comedy, Latest Releases, Top10 Movies of the week, and a Great Assortment of Old Classics.)</link>
	<content></content>
	<thumbnail>special://home/addons/plugin.video.beardedbandit/resources/images/icons/info.png</thumbnail>
</dir>

<dir>
	<title>#5 coldkeys Lists (Trakt)</title>
	<summary>Lists by coldkeys.</summary>
	<trakt>https://api.trakt.tv/users/coldkeys/lists</trakt>
</dir>

<dir>
	<title>^-HighLights-^</title>
	<link>message(Assorted Genres, Collections, Documentarys, Comedy,  and Horror.)</link>
	<content></content>
	<thumbnail>special://home/addons/plugin.video.beardedbandit/resources/images/icons/info.png</thumbnail>
</dir>


</xml>