<xml>

<dir>
	<title>CBS Sports Network</title>
	<tvmaze>network/272/1</tvmaze>
</dir>

<dir>
	<title>Fox Sports 1</title>
	<tvmaze>network/95/1</tvmaze>
</dir>

<dir>
	<title>Fox Sports 2</title>
	<tvmaze>network/386/1</tvmaze>
</dir>

<dir>
	<title>Fox Sports SUN</title>
	<tvmaze>network/1047/1</tvmaze>
</dir>

<dir>
	<title>Fox Soccer</title>
	<tvmaze>network/515/1</tvmaze>
</dir>

<dir>
	<title>MLB Network</title>
	<tvmaze>network/199/1</tvmaze>
</dir>

<dir>
	<title>NFL Network</title>
	<tvmaze>network/205/1</tvmaze>
</dir>

<dir>
	<title>NHL Network</title>
	<tvmaze>network/516/1</tvmaze>
</dir>

<dir>
	<title>NBA TV</title>
	<tvmaze>network/204/1</tvmaze>
</dir>

<dir>
	<title>Tennis Channel</title>
	<tvmaze>network/220/1</tvmaze>
</dir>

<dir>
	<title>Sportsman Channel</title>
	<tvmaze>network/217/1</tvmaze>
</dir>

<dir>
	<title>Outdoor Channel</title>
	<tvmaze>network/207/1</tvmaze>
</dir>

<dir>
	<title>Speed TV</title>
	<tvmaze>network/284/1</tvmaze>
</dir>

<dir>
	<title>ESPN</title>
	<tvmaze>network/39/1</tvmaze>
</dir>

<dir>
	<title>ESPN2</title>
	<tvmaze>network/180/1</tvmaze>
</dir>

<dir>
	<title>ESPN Classic</title>
	<tvmaze>network/357/1</tvmaze>
</dir>

<dir>
	<title>ESPNEWS</title>
	<tvmaze>network/181/1</tvmaze>
</dir>

<dir>
	<title>ESPNU</title>
	<tvmaze>network/182/1</tvmaze>
</dir>

<dir>
	<title>ESPN Deportes</title>
	<tvmaze>network/183/1</tvmaze>
</dir>

<dir>
	<title>American Sports Network</title>
	<tvmaze>network/1339/1</tvmaze>
</dir>

<dir>
	<title>Universal Sports Network</title>
	<tvmaze>network/734/1</tvmaze>
</dir>


</xml>