<xml>

<dir>
	<title>NBC</title>
	<tvmaze>network/1/1</tvmaze>
</dir>

<dir>
	<title>CBS</title>
	<tvmaze>network/2/1</tvmaze>
</dir>

<dir>
	<title>ABC</title>
	<tvmaze>network/3/1</tvmaze>
</dir>

<dir>
	<title>FOX</title>
	<tvmaze>network/4/1</tvmaze>
</dir>

<dir>
	<title>The CW</title>
	<tvmaze>network/5/1</tvmaze>
</dir>

<dir>
	<title>PBS</title>
	<tvmaze>network/85/1</tvmaze>
</dir>

<dir>
	<title>The WB</title>
	<tvmaze>network/71/1</tvmaze>
</dir>

<dir>
	<title>USA Network</title>
	<tvmaze>network/30/1</tvmaze>
</dir>

<dir>
	<title>TBS</title>
	<tvmaze>network/32/1</tvmaze>
</dir>

<dir>
	<title>FX</title>
	<tvmaze>network/13/1</tvmaze>
</dir>

<dir>
	<title>FXX</title>
	<tvmaze>network/47/1</tvmaze>
</dir>

<dir>
	<title>TNT</title>
	<tvmaze>network/14/1</tvmaze>
</dir>

<dir>
	<title>Syfy</title>
	<tvmaze>network/16/1</tvmaze>
</dir>

<dir>
	<title>AMC</title>
	<tvmaze>network/20/1</tvmaze>
</dir>

<dir>
	<title>Comedy Central</title>
	<tvmaze>network/23/1</tvmaze>
</dir>

<dir>
	<title>Lifetime</title>
	<tvmaze>network/18/1</tvmaze>
</dir>

<dir>
	<title>Lifetime Movie Network</title>
	<tvmaze>network/232/1</tvmaze>
</dir>

<dir>
	<title>Hallmark Channel</title>
	<tvmaze>network/50/1</tvmaze>
</dir>

<dir>
	<title>Hallmark Movies and Mysteries</title>
	<tvmaze>network/252/1</tvmaze>
</dir>


</xml>