﻿<?xml version="1.0" encoding="UTF-8" standalone="yes"?>
<addon id="plugin.video.globaltec" name="[COLOR gold]Gobal Tec AIO[/COLOR]" version="1.0.11" provider-name="StarTec">
    <requires>
        <import addon="xbmc.python" version="2.19.0" />
        <import addon="script.module.universalscrapers" version="1.0.0" />
        <import addon="script.module.python.koding.aio" version="0.9.6.6" />
        <import addon="script.module.beautifulsoup" version="3.2.1" />
        <import addon="script.module.requests" version="2.9.1" />
        <import addon="script.module.addon.common" version="2.0.0" />
        <import addon="script.module.xmltodict" version="0.9.0" />
        <!--<import addon="script.module.web-pdb" version="1.0"/>-->
        <import addon="program.plexus" />
		<import addon="script.module.httplib2" />
        <import addon="script.module.simplejson" />
		<import addon="script.module.dateutil" />
        <import addon="script.module.liveresolver" version="0.1.50" />
        <import addon="script.module.urlresolver" version="2.1.0" />
		<import addon="script.module.feedparser" version="5.1.3"/>
        <import addon="script.video.F4mProxy" version="2.8.7" />
        <import addon="plugin.video.f4mTester" version="2.7.1"/>
        <import addon="plugin.video.SportsDevil" version="" />
		<import addon="script.module.liveresolver" />
        <import addon="script.module.resolveurl" />
		<import addon="script.module.sportscentre" />
		<import addon="script.module.startec" />
		<import addon="script.module.startec-swiftstreamz" />
		<import addon="script.module.startec.nettv" version="" />
		<import addon="script.module.startecmob" version="" />
        <!--<import addon="script.module.urlresolver" />-->
    </requires>
    <extension point="xbmc.python.pluginsource" library="global.py">
        <provides>audio video</provides>
    </extension>
    <extension point="xbmc.service" library="service.py" start="[login|startup]" />
    <extension point="xbmc.addon.metadata">
        <summary lang="en">The Father of Father's of StarTec Addons</summary>
        <description lang="en">The author does not host or distribute any of the content displayed by this addon. The author does not have any affiliation with the content provider.
		  Addon has Movies Tv shows and lots more.</description>
        <disclaimer lang="en">The author is not responsible for the use of this addon. The author is not responsible for the content found using this addon. The author does not host or own any content found within this addon.[CR]The author is in no way affiliated with Kodi, Team Kodi, or the XBMC Foundation.[CR]This is a Non-profit resource, organized solely for educational purposes which is protected under the Fair-Use doctrine of the Copyright Act, Specifically section 107, which does promote freedom of expression, by permitting the unlicensed use of copyright-protected works.</disclaimer>
        <platform>all</platform>
        <website/>
        <video_guide></video_guide>
    </extension>
</addon>
