<?xml version="1.0" encoding="UTF-8" standalone="yes"?>
<addon id="script.module.nemzzy" name="Nemzzy Libraries" version="1.00.002" provider-name="@Nemzzy668">
	<requires>
		<import addon="xbmc.python" version="2.1.0" />
		<import addon="script.module.requests" />
	</requires>
	<extension point="xbmc.python.module" library="lib" />
	<extension point="xbmc.addon.metadata">
		<platform>all</platform>
		<summary lang="en">Moduel Addon with files used by addons made by Nemzzy</summary>
	</extension>
</addon>
