<?xml version="1.0" encoding="UTF-8" standalone="yes"?>
<addon id="plugin.video.uwatchfree" name="UwatchFree" version="1.0.7" provider-name="Dandymedia">
  <requires>
    <import addon="xbmc.python" version="2.1.0"/>
	<import addon="script.module.urlresolver"  version="3.0.0"/>
	<import addon="script.module.addon.common" />
    <import addon="script.module.metahandler" version="2.5.1"/>
  </requires>
  <extension point="xbmc.python.pluginsource" library="default.py">
		<provides>video</provides>
  </extension>
  <extension point="xbmc.addon.metadata">
	<summary lang="en">Movies and Tv Shows Multiple sources</summary>
	<description lang="en">Using uwatchfree N.B. Https</description>
	<disclaimer lang="en"></disclaimer>
	<platform>all</platform>
  </extension>
</addon>
