<xml>

<item>
	<title>[COLOR purple][B]------------------[/COLOR][COLOR grey]Main Menu[/COLOR][COLOR purple]------------------[/B][/COLOR]</title>
	<heading></heading>
</item>

<dir>
	<title>[COLOR purple][B]Movies[/COLOR][/B]</title>
	<summary>Movie Stuff.</summary>
	<link>file://menu/mmovies.xml</link>
</dir>

<dir>
	<title>[COLOR purple][B]TV Shows[/COLOR][/B]</title>
	<summary>TV Show Stuff.</summary>
	<link>file://menu/mtvshows.xml</link>
</dir>

<dir>
	<title>[COLOR purple][B]CarToons/Anime[/COLOR][/B]</title>
	<summary>Cartoons and Anime Stuff.</summary>
	<link>file://menu/mtoons.xml</link>
</dir>

<dir>
	<title>[COLOR purple][B]Live TV/Sports[/COLOR][/B]</title>
	<summary>Decent Live TV.</summary>
	<link>file://menu/mlivetv.xml</link>
</dir>

<dir>
	<title>[COLOR purple][B]Music[/COLOR][/B]</title>
	<summary>Music Stuff.</summary>
	<link>file://menu/mtunes.xml</link>
</dir>

<dir>
	<title>[COLOR purple][B]Trailers[/COLOR][/B]</title>
	<summary>Some Trailer Stuff.</summary>
	<link>file://menu/mtrailers.xml</link>
</dir>

<dir>
	<title>[COLOR purple][B]JewZone[/COLOR][/B]</title>
	<summary>Custom Section of Stuff I am Into.</summary>
	<link>file://shared/jewxml/jew-main.xml</link>
</dir>

<dir>
	<title>[COLOR purple][B]More Plugins[/COLOR][/B]</title>
	<summary>Some Spare Stuff.</summary>
	<link>file://menu/mspare.xml</link>
</dir>

<item>
	<title>[COLOR purple][B]--------------------------------------------------[/COLOR][/B]</title>
	<heading></heading>
</item>

<dir>
	<title>[COLOR red][B]Trakt[/COLOR] [COLOR grey]Stuff[/COLOR][/B]</title>
	<summary>All Your Trakt Stuff.</summary>
	<link>file://menu/mtrakt.xml</link>
	<thumbnail>special://home/addons/plugin.video.beardedbandit/resources/images/trakt.png</thumbnail>
</dir>

<dir>
    <title>[COLOR grey][B]Quick Tools[/COLOR][/B]</title>
    <summary>All the Needed and Not Needed Tools.</summary>
    <link>file://menu/mquicktools.xml</link>
	<thumbnail>special://home/addons/plugin.video.beardedbandit/resources/images/icons/Quicktools.png</thumbnail>
</dir>

<item>
	<title>[COLOR purple][B]--------------------------------------------------[/COLOR][/B]</title>
	<heading></heading>
</item>


</xml>
