<?xml version="1.0" encoding="UTF-8" standalone="yes"?>
<addon id="plugin.video.joshua" name="Joshua" version="2018.03.01" provider-name="griffin_303">
  <requires>
    <import addon="xbmc.python" version="2.19.0"/>
    <import addon="script.module.universalscrapers" version="1.0.2"/>
    <import addon="script.module.python.koding.aio" version="0.9.6.6"/>
    <import addon="script.module.beautifulsoup" version="3.2.1"/>
    <import addon="script.module.requests" version="2.9.1"/>
    <import addon="script.module.addon.common" version="2.0.0"/>
    <import addon="script.module.xmltodict" version="0.9.0" />
    <!--<import addon="script.module.web-pdb" version="1.0"/>-->
        <import addon="script.module.resolveurl" />
  </requires>
  <extension point="xbmc.python.pluginsource" library="default.py">
    <provides>audio video</provides>
  </extension>
  <extension point="xbmc.service" library="service.py" start="[login|startup]"/>
  <extension point="xbmc.addon.metadata">
    <summary lang="en">Joshua addon</summary>
    <description lang="en">Shall we play a game, Let's play Global Thermonuclear War</description>
    <disclaimer lang="en">The authors of this addon do not host any of the content which is found and have no affiliation with any of the content providers. This addon simply searches websites for content. Use at your own risk! This is a stripped down version of Elysium using the Jen Template.</disclaimer>
    <disclaimer lang="he">מחבר ההרחבה זה אינו מארח את התוכן שיתכן ויימצא ואין לו זיקה לאף אחד מספקי התוכן. הרחבה רק מחפשת תוכן שקיים באתרי אינטרנט. השימוש בהרחבה הוא על אחריותך בלבד!</disclaimer>
    <platform>all</platform>
    <news>updated to Universal Scrapers</news>
    <website></website>
    <video_guide></video_guide>
    <assets>
      <icon>icon.png</icon>
      <fanart>fanart.jpg</fanart>
      <screenshot></screenshot>
    </assets>
  </extension>
</addon>