<?xml version="1.0" encoding="UTF-8" standalone="yes"?>
<addon id="script.module.dandyscrapers" name="Dandy Scrapers" version="17.11.15" provider-name="DandyMedia">
        <requires>
                <import addon="xbmc.python" version="2.1.0"/>
                <import addon="script.module.beautifulsoup" version="3.2.1"/>
                <import addon="script.module.futures" version="2.2.0"/>
                <import addon="script.module.requests"/>
                <import addon="script.module.six"/>
			    <import addon="script.module.urlresolver"  version="2.1.2"/>
	            <import addon="script.module.muckys.common" version="1.3.5" />
        </requires>
        <extension point="xbmc.python.module" library="lib"/>
        <extension point="xbmc.python.pluginsource" library="lib/default.py">
                <provides>executable</provides>
        </extension>
        <extension point="xbmc.addon.metadata">
                <platform>all</platform>
                <summary lang="en">Scrape common video host for URL's to be playable in XBMC/Kodi.</summary>
                <description lang="en">Scrape common video host for URL's to be playable in XBMC/Kodi, modded from NANSCRAPERS.</description>
	            <disclaimer lang="en">The author does not host or distribute any of the content displayed by this addon or have any affiliation with the website owners</disclaimer>
	            <platform>all</platform>
        </extension>
</addon>
