<?xml version="1.0" encoding="UTF-8" standalone="yes"?>
<addon id="plugin.program.Ovniwizard" name="Ovniwizard" version="0.1" provider-name="Ovni-Tek,Ovni-Crea">
  <requires>
    <import addon="xbmc.python" version="2.1.0"/>
  </requires>
  <extension point="xbmc.python.pluginsource" library="default.py">
    <provides>executable</provides>
  </extension>
  <extension point="xbmc.service" library="startup.py" start="startup" />
  <extension point="xbmc.addon.metadata">
    <summary lang="en">Ovniwizard</summary>
    <description lang="en">le programme Ovniwizard avec service de maintenance etc.</description>
    <platform>all</platform>
  </extension>
</addon>