<?xml version="1.0" encoding="UTF-8" standalone="yes"?>
<addon id="plugin.video.white.devil" version="3.8.5" name="[COLOR dodgerblue].White Devil Streams[/COLOR]" provider-name="WDS Brettus And Ozzy">
	<requires>
		<import addon="xbmc.python" version="2.1.0" />
		<import addon="plugin.video.youtube" version="5.2.1" optional="true" />
		<import addon="plugin.program.BRETTUSmessages" optional="false"/>
		<import addon="script.module.simplejson" version="3.3.0"/>
		<import addon="script.module.pyxbmct" version="1.1.4" />
		<import addon="script.module.whitedevil" version="1.0.4" />
		<import addon="script.module.ftfa" version="1.0.4" />
		<import addon="script.module.urlresolver" version="3.0.0"/>
		<import addon="script.module.liveresolver" version="0.1.24"/>
		<import addon="script.video.F4mProxy" version="2.2.3"/>
	</requires>
	<extension point="xbmc.python.pluginsource" library="default.py">
		<provides>video</provides>
	</extension>
	<extension point="xbmc.addon.metadata">
		<summary lang="en">White Devil Streams</summary>
		<description lang="en">White Devil Streams</description>
		<platform>all</platform>
		<forum>https://www.facebook.com/groups/WhiteDevilStreams/</forum>
		<website>https://www.facebook.com/groups/WhiteDevilStreams/</website>
	</extension>
</addon>
