<?xml version="1.0" encoding="UTF-8" standalone="yes"?>
<addon id="plugin.video.cyphermovie" name="Cypher Movies" version="3.2.0" provider-name="Cypher">
  <requires>
    <import addon="xbmc.python" version="2.1.0"/>
	<import addon="script.module.addon.common" />
	<import addon="script.module.muckys.common" version="1.3.5" />
	<import addon="script.module.urlresolver"  version="3.0.0"/>
    <import addon="script.module.metahandler" version="2.5.1"/>	
  </requires>
  <extension point="xbmc.python.pluginsource" library="cypher.py">
		<provides>video</provides>
  </extension>
  <extension point="xbmc.addon.metadata">
	<summary lang="en">Movies</summary>
	<description lang="en">Wide selection of Movies From fullmovies24.net.</description>
	<disclaimer lang="en">The author does not host or distribute any of the content displayed by this addon or have any affiliation with the website owners of fullmovies24.net</disclaimer>
	<platform>all</platform>
  </extension>
</addon>
