<?xml version="1.0" encoding="UTF-8" standalone="yes"?>
<addon id="plugin.video.bkr" version="3.0.0.1" name="[COLOR gold][B]B[/B][/COLOR]oxset [COLOR gold][B]K[/B][/COLOR]ings [COLOR gold][B]Reborn[/B][/COLOR]" provider-name="[B][COLOR gold][Brackets][/COLOR][/B]">
    <requires>
        <import addon="xbmc.python" version="2.19.0"/>
        <import addon="script.bkr.artwork" version="2018.04.02"/>
        <import addon="script.module.resolveurl" />
        <import addon="script.module.metahandler" version="2.9.0"/>
        <import addon="script.module.requests" version="2.12.4"/>
        <import addon="script.module.beautifulsoup" version="3.2.1"/>
        <import addon="script.module.schism.common" version="2017.06.08"/>
        <import addon="script.module.futures" version="2.2.0"/>
        <import addon="script.module.universalscrapers" version="1.0.0"/>
    </requires>
    <extension point="xbmc.python.pluginsource" library="bkr.py">
        <provides>video</provides>
    </extension>
    <extension point="xbmc.addon.metadata">
        <summary lang="en">All your boxsets in one addon</summary>
        <description lang="en">None of the Original Devs wanted their names metioned in this addon. Without the original developers this add-on would never exist. Thanks for all they have brought to the community.[CR][COLOR gold][B]B[/B][/COLOR]oxset [COLOR gold][B]K[/B][/COLOR]ings is reborn for anyone to enjoy.</description>
        <disclaimer lang="en">The author does not host any content, nor is he affiliated with any of the content providers.</disclaimer>
        <platform>all</platform>
        <news>
V3.0.0.1
-New Official Repo
-Intial Release
-Fork of Boxset Kings
-Added Artwork Script
		</news>
        <assets>
            <icon>icon.gif</icon>
            <fanart>fanart.jpg</fanart>
        </assets>
    </extension>
</addon>
