<item>
	<title>Mimi wo sumaseba (1995)</title>
	<meta>
		<content>movie</content>
		<imdb>tt0113824</imdb>
		<title>Mimi wo sumaseba</title>
		<year>1995</year>
	</meta>
	<link>
		<sublink>search</sublink>
		<sublink>searchsd</sublink>
	</link>
	<thumbnail>https://image.tmdb.org/t/p/w1280/2jOSJYsIdUs4zXugIk4hF4jUeGO.jpg</thumbnail>
	<fanart>https://image.tmdb.org/t/p/w1280/vpgvV8pVPNGWUUdE2xFUFf4VeMJ.jpg</fanart>
</item>
<item>
	<title>Akira (1988)</title>
	<meta>
		<content>movie</content>
		<imdb>tt0094625</imdb>
		<title>Akira</title>
		<year>1988</year>
	</meta>
	<link>
		<sublink>search</sublink>
		<sublink>searchsd</sublink>
	</link>
	<thumbnail>https://image.tmdb.org/t/p/w1280/8Pt7hlu7fkc5IIR0VZ2kNGY8sT4.jpg</thumbnail>
	<fanart>https://image.tmdb.org/t/p/w1280/ryEVf632AXyhAxLqDDY1eHtC72N.jpg</fanart>
</item>
<item>
	<title>Ghost in the Shell (1995)</title>
	<meta>
		<content>movie</content>
		<imdb>tt0113568</imdb>
		<title>Ghost in the Shell</title>
		<year>1995</year>
	</meta>
	<link>
		<sublink>search</sublink>
		<sublink>searchsd</sublink>
	</link>
	<thumbnail>https://image.tmdb.org/t/p/w1280/9gC88zYUBARRSThcG93MvW14sqx.jpg</thumbnail>
	<fanart>https://image.tmdb.org/t/p/w1280/m1LUdsYnFThcrbvRzlpbsFioEQT.jpg</fanart>
</item>
<item>
	<title>Grave of the Fireflies (1988)</title>
	<meta>
		<content>movie</content>
		<imdb>tt0095327</imdb>
		<title>Grave of the Fireflies</title>
		<year>1988</year>
	</meta>
	<link>
		<sublink>search</sublink>
		<sublink>searchsd</sublink>
	</link>
	<thumbnail>https://image.tmdb.org/t/p/w1280/4u1vptE8aXuzb5zauZTmikyectV.jpg</thumbnail>
	<fanart>https://image.tmdb.org/t/p/w1280/fCUIuG7y4YKC3hofZ8wsj7zhCpR.jpg</fanart>
</item>
<item>
	<title>Wings of Honneamise (1987)</title>
	<meta>
		<content>movie</content>
		<imdb>tt0093207</imdb>
		<title>Wings of Honneamise</title>
		<year>1987</year>
	</meta>
	<link>
		<sublink>search</sublink>
		<sublink>searchsd</sublink>
	</link>
	<thumbnail>https://image.tmdb.org/t/p/w1280/h5naABij9ghj6CLcpBYBkxMGYGX.jpg</thumbnail>
	<fanart>https://image.tmdb.org/t/p/w1280/tyHYyBYtDI32UbUwKh2ajiKxEIc.jpg</fanart>
</item>
<item>
	<title>My Neighbor Totoro (1988)</title>
	<meta>
		<content>movie</content>
		<imdb>tt0096283</imdb>
		<title>My Neighbor Totoro</title>
		<year>1988</year>
	</meta>
	<link>
		<sublink>search</sublink>
		<sublink>searchsd</sublink>
	</link>
	<thumbnail>https://image.tmdb.org/t/p/w1280/2i0OOjvi7CqNQA6ZtYJtL65P9oZ.jpg</thumbnail>
	<fanart>https://image.tmdb.org/t/p/w1280/fYU3ckVE1zECs42ZO0uSoJpwlXi.jpg</fanart>
</item>
<item>
	<title>Ninja Scroll (1993)</title>
	<meta>
		<content>movie</content>
		<imdb>tt0107692</imdb>
		<title>Ninja Scroll</title>
		<year>1993</year>
	</meta>
	<link>
		<sublink>search</sublink>
		<sublink>searchsd</sublink>
	</link>
	<thumbnail>https://image.tmdb.org/t/p/w1280/14w7hBqHzl0eqDwsTQKSp5ZW1cI.jpg</thumbnail>
	<fanart>https://image.tmdb.org/t/p/w1280/lzMUucaNvgfWAUU7JxscKPeJLOq.jpg</fanart>
</item>
<item>
	<title>Princess Mononoke (1997)</title>
	<meta>
		<content>movie</content>
		<imdb>tt0119698</imdb>
		<title>Princess Mononoke</title>
		<year>1997</year>
	</meta>
	<link>
		<sublink>search</sublink>
		<sublink>searchsd</sublink>
	</link>
	<thumbnail>https://image.tmdb.org/t/p/w1280/gzlJkVfWV5VEG5xK25cvFGJgkDz.jpg</thumbnail>
	<fanart>https://image.tmdb.org/t/p/w1280/dWAYPAKlJi0n85P0xVEvQ2FOYLF.jpg</fanart>
</item>
<item>
	<title>Tokyo Godfathers (2003)</title>
	<meta>
		<content>movie</content>
		<imdb>tt0388473</imdb>
		<title>Tokyo Godfathers</title>
		<year>2003</year>
	</meta>
	<link>
		<sublink>search</sublink>
		<sublink>searchsd</sublink>
	</link>
	<thumbnail>https://image.tmdb.org/t/p/w1280/aY1q9dTGC8u8TUsAgnpJHsdAdJZ.jpg</thumbnail>
	<fanart>https://image.tmdb.org/t/p/w1280/fHJDbaPJvoyaVnIvoUFml3yndqY.jpg</fanart>
</item>
<item>
	<title>Only Yesterday (1991)</title>
	<meta>
		<content>movie</content>
		<imdb>tt0102587</imdb>
		<title>Only Yesterday</title>
		<year>1991</year>
	</meta>
	<link>
		<sublink>search</sublink>
		<sublink>searchsd</sublink>
	</link>
	<thumbnail>https://image.tmdb.org/t/p/w1280/24DqWbbkKI0ReUooSJiIqzURp3g.jpg</thumbnail>
	<fanart>https://image.tmdb.org/t/p/w1280/t3mHvE3pcZOKsLcR1mPXie6twek.jpg</fanart>
</item>
<item>
	<title>Jin-Roh: The Wolf Brigade (1999)</title>
	<meta>
		<content>movie</content>
		<imdb>tt0193253</imdb>
		<title>Jin-Roh: The Wolf Brigade</title>
		<year>1999</year>
	</meta>
	<link>
		<sublink>search</sublink>
		<sublink>searchsd</sublink>
	</link>
	<thumbnail>https://image.tmdb.org/t/p/w1280/dNW6aaQAQ6C8LNY1dVmsI5rqrzT.jpg</thumbnail>
	<fanart>https://image.tmdb.org/t/p/w1280/vnbbrSg1LXGWfhrFbFmZ8zlaf7b.jpg</fanart>
</item>
<item>
	<title>Perfect Blue (1997)</title>
	<meta>
		<content>movie</content>
		<imdb>tt0156887</imdb>
		<title>Perfect Blue</title>
		<year>1997</year>
	</meta>
	<link>
		<sublink>search</sublink>
		<sublink>searchsd</sublink>
	</link>
	<thumbnail>https://image.tmdb.org/t/p/w1280/qDLeGIVhni3bRDunByBzhgY4wKZ.jpg</thumbnail>
	<fanart>https://image.tmdb.org/t/p/w1280/jVbWGvA7Rjip6qyavSbklilUFp.jpg</fanart>
</item>
<item>
	<title>Vampire Hunter D: Bloodlust (2000)</title>
	<meta>
		<content>movie</content>
		<imdb>tt0216651</imdb>
		<title>Vampire Hunter D: Bloodlust</title>
		<year>2000</year>
	</meta>
	<link>
		<sublink>search</sublink>
		<sublink>searchsd</sublink>
	</link>
	<thumbnail>https://image.tmdb.org/t/p/w1280/Aq2bGpoXowUfqWhp6aRMlmYuj2F.jpg</thumbnail>
	<fanart>https://image.tmdb.org/t/p/w1280/gpSH2Mfj55EldgbfFja27ZBYZkS.jpg</fanart>
</item>
<item>
	<title>Super Space Fortress Macross (1984)</title>
	<meta>
		<content>movie</content>
		<imdb>tt0087660</imdb>
		<title>Super Space Fortress Macross</title>
		<year>1984</year>
	</meta>
	<link>
		<sublink>search</sublink>
		<sublink>searchsd</sublink>
	</link>
	<thumbnail>https://image.tmdb.org/t/p/w1280/vpvP2v2bATye90NZVW7B61CytUo.jpg</thumbnail>
	<fanart>https://image.tmdb.org/t/p/w1280/cblYX4mYvLA3r3eyOp7OfbdRA6f.jpg</fanart>
</item>
<item>
	<title>Howl's Moving Castle (2004)</title>
	<meta>
		<content>movie</content>
		<imdb>tt0347149</imdb>
		<title>Howl's Moving Castle</title>
		<year>2004</year>
	</meta>
	<link>
		<sublink>search</sublink>
		<sublink>searchsd</sublink>
	</link>
	<thumbnail>https://image.tmdb.org/t/p/w1280/iMarB2ior30OAXjPa7QIdeyUfM1.jpg</thumbnail>
	<fanart>https://image.tmdb.org/t/p/w1280/cGyqa5PxiWSsG7NSw3ufCj0JW9k.jpg</fanart>
</item>
<item>
	<title>5 Centimeters Per Second (2007)</title>
	<meta>
		<content>movie</content>
		<imdb>tt0983213</imdb>
		<title>5 Centimeters Per Second</title>
		<year>2007</year>
	</meta>
	<link>
		<sublink>search</sublink>
		<sublink>searchsd</sublink>
	</link>
	<thumbnail>https://image.tmdb.org/t/p/w1280/wX7RbjclqHoSWd4NGouDisBHq1o.jpg</thumbnail>
	<fanart>https://image.tmdb.org/t/p/w1280/na51OUflawJy5K2cgvF07nrgGrl.jpg</fanart>
</item>
<item>
	<title>Tekkonkinkreet (2006)</title>
	<meta>
		<content>movie</content>
		<imdb>tt0831888</imdb>
		<title>Tekkonkinkreet</title>
		<year>2006</year>
	</meta>
	<link>
		<sublink>search</sublink>
		<sublink>searchsd</sublink>
	</link>
	<thumbnail>https://image.tmdb.org/t/p/w1280/cK9KJHvTKvtUwkpAXwepIEwARM7.jpg</thumbnail>
	<fanart>https://image.tmdb.org/t/p/w1280/gxDInLg1V5Kz2D8gLu6hsACHhJ3.jpg</fanart>
</item>
<item>
	<title>Kiki's Delivery Service (1989)</title>
	<meta>
		<content>movie</content>
		<imdb>tt0097814</imdb>
		<title>Kiki's Delivery Service</title>
		<year>1989</year>
	</meta>
	<link>
		<sublink>search</sublink>
		<sublink>searchsd</sublink>
	</link>
	<thumbnail>https://image.tmdb.org/t/p/w1280/d5gLpu8kqyPs27bh9IiCuwMDjDh.jpg</thumbnail>
	<fanart>https://image.tmdb.org/t/p/w1280/fSbiMnUXJ6rrSuf3MN7pFqUtws4.jpg</fanart>
</item>
<item>
	<title>Metropolis (2001)</title>
	<meta>
		<content>movie</content>
		<imdb>tt0293416</imdb>
		<title>Metropolis</title>
		<year>2001</year>
	</meta>
	<link>
		<sublink>search</sublink>
		<sublink>searchsd</sublink>
	</link>
	<thumbnail>https://image.tmdb.org/t/p/w1280/1EK7mGCpRKYmSg25FaojvnS9opm.jpg</thumbnail>
	<fanart>https://image.tmdb.org/t/p/w1280/gwVu39O3bfi1m33GHDBbd3AQvo6.jpg</fanart>
</item>
<item>
	<title>Memories (1995)</title>
	<meta>
		<content>movie</content>
		<imdb>tt0113799</imdb>
		<title>Memories</title>
		<year>1995</year>
	</meta>
	<link>
		<sublink>search</sublink>
		<sublink>searchsd</sublink>
	</link>
	<thumbnail>https://image.tmdb.org/t/p/w1280/rayHZ7QCXsjCcWLt7LKJKjGWG1E.jpg</thumbnail>
	<fanart>https://image.tmdb.org/t/p/w1280/8s9u2DBYP10pq70c0nCK59fLkaj.jpg</fanart>
</item>
<item>
	<title>Porco Rosso (1992)</title>
	<meta>
		<content>movie</content>
		<imdb>tt0104652</imdb>
		<title>Porco Rosso</title>
		<year>1992</year>
	</meta>
	<link>
		<sublink>search</sublink>
		<sublink>searchsd</sublink>
	</link>
	<thumbnail>https://image.tmdb.org/t/p/w1280/d8J98dLZkfTpJY64VvtCOH2UkXP.jpg</thumbnail>
	<fanart>https://image.tmdb.org/t/p/w1280/8Uf3eyuXOzb8THszZNgT0srEsXu.jpg</fanart>
</item>
<item>
	<title>Ghost in the Shell 2: Innocence (I) (2004)</title>
	<meta>
		<content>movie</content>
		<imdb>tt0347246</imdb>
		<title>Ghost in the Shell 2: Innocence</title>
		<year>I 2004</year>
	</meta>
	<link>
		<sublink>search</sublink>
		<sublink>searchsd</sublink>
	</link>
	<thumbnail>https://image.tmdb.org/t/p/w1280/1KSMfpMWMzlvR2DN2fzv31vZ66B.jpg</thumbnail>
	<fanart>https://image.tmdb.org/t/p/w1280/LIbv8rXsi7AuDpBCbyrUy1zv2n.jpg</fanart>
</item>
<item>
	<title>Paprika (2006)</title>
	<meta>
		<content>movie</content>
		<imdb>tt0851578</imdb>
		<title>Paprika</title>
		<year>2006</year>
	</meta>
	<link>
		<sublink>search</sublink>
		<sublink>searchsd</sublink>
	</link>
	<thumbnail>https://image.tmdb.org/t/p/w1280/dJI2FSs3qfEPW82cWYfIaV8cVmN.jpg</thumbnail>
	<fanart>https://image.tmdb.org/t/p/w1280/5hWaV1JrT0GLA8Yfnh8DYwQC72X.jpg</fanart>
</item>
<item>
	<title>Castle in the Sky (1986)</title>
	<meta>
		<content>movie</content>
		<imdb>tt0092067</imdb>
		<title>Castle in the Sky</title>
		<year>1986</year>
	</meta>
	<link>
		<sublink>search</sublink>
		<sublink>searchsd</sublink>
	</link>
	<thumbnail>https://image.tmdb.org/t/p/w1280/4RTG2AaqZ9eleL51ryWwv78WwDu.jpg</thumbnail>
	<fanart>https://image.tmdb.org/t/p/w1280/pU8cdLJiyOnFrFlWJEUlIu8S4hQ.jpg</fanart>
</item>
<item>
	<title>Suchxc3xaemubxc3xb4i (2004)</title>
	<meta>
		<content>movie</content>
		<imdb>tt0348121</imdb>
		<title>Suchxc3xaemubxc3xb4i</title>
		<year>2004</year>
	</meta>
	<link>
		<sublink>search</sublink>
		<sublink>searchsd</sublink>
	</link>
	<thumbnail>https://image.tmdb.org/t/p/w1280/yU5tumhBpyHJbGPceCCpAVPEJnG.jpg</thumbnail>
	<fanart>https://image.tmdb.org/t/p/w1280/rThZjApyg4cHgLhevQAYsW7XD59.jpg</fanart>
</item>
<item>
	<title>Spirited Away (2001)</title>
	<meta>
		<content>movie</content>
		<imdb>tt0245429</imdb>
		<title>Spirited Away</title>
		<year>2001</year>
	</meta>
	<link>
		<sublink>search</sublink>
		<sublink>searchsd</sublink>
	</link>
	<thumbnail>https://image.tmdb.org/t/p/w1280/dL11DBPcRhWWnJcFXl9A07MrqTI.jpg</thumbnail>
	<fanart>https://image.tmdb.org/t/p/w1280/djgM2d3e42p9GFQObg6lwK2SVw2.jpg</fanart>
</item>
<item>
	<title>Kidxc3xb4 keisatsu patorebxc3xa2: The Movie 2 (1993)</title>
	<meta>
		<content>movie</content>
		<imdb>tt0124770</imdb>
		<title>Kidxc3xb4 keisatsu patorebxc3xa2: The Movie 2</title>
		<year>1993</year>
	</meta>
	<link>
		<sublink>search</sublink>
		<sublink>searchsd</sublink>
	</link>
	<thumbnail>https://image.tmdb.org/t/p/w1280/uqXxPg1OLT1hj6bHHSnZqF4tso1.jpg</thumbnail>
	<fanart>https://image.tmdb.org/t/p/w1280/tS39rr7z2KPDTic2Ln2o6TpwaCq.jpg</fanart>
</item>
<item>
	<title>Hadashi no Gen (1983)</title>
	<meta>
		<content>movie</content>
		<imdb>tt0085218</imdb>
		<title>Hadashi no Gen</title>
		<year>1983</year>
	</meta>
	<link>
		<sublink>search</sublink>
		<sublink>searchsd</sublink>
	</link>
	<thumbnail>https://image.tmdb.org/t/p/w1280/77x1vFmHMTueVox83wdsXL7F2B5.jpg</thumbnail>
	<fanart>https://image.tmdb.org/t/p/w1280/kXLDqrA30o2lIARPo2atAXsDUb3.jpg</fanart>
</item>
<item>
	<title>Ocean Waves (1993 TV Movie)</title>
	<meta>
		<content>movie</content>
		<imdb>tt0108432</imdb>
		<title>Ocean Waves</title>
		<year>1993 TV Movie</year>
	</meta>
	<link>
		<sublink>search</sublink>
		<sublink>searchsd</sublink>
	</link>
	<thumbnail>https://image.tmdb.org/t/p/w1280/ojabW60WYv2fUrZVC93ScwZcHY2.jpg</thumbnail>
	<fanart>https://image.tmdb.org/t/p/w1280/iK56aX8x2zp2krOC7Ojj4ocfMqq.jpg</fanart>
</item>
<item>
	<title>Toki o kakeru shxc3xb4jo (2006)</title>
	<meta>
		<content>movie</content>
		<imdb>tt0808506</imdb>
		<title>Toki o kakeru shxc3xb4jo</title>
		<year>2006</year>
	</meta>
	<link>
		<sublink>search</sublink>
		<sublink>searchsd</sublink>
	</link>
	<thumbnail>https://image.tmdb.org/t/p/w1280/oPpy4N3qyI3r1nRVl60F69vFQwK.jpg</thumbnail>
	<fanart>https://image.tmdb.org/t/p/w1280/p4ZsArF1dDWPoKjUpGJ7FthmUB0.jpg</fanart>
</item>
<item>
	<title>Kumo no mukxc3xb4, yakusoku no basho (2004)</title>
	<meta>
		<content>movie</content>
		<imdb>tt0381348</imdb>
		<title>Kumo no mukxc3xb4, yakusoku no basho</title>
		<year>2004</year>
	</meta>
	<link>
		<sublink>search</sublink>
		<sublink>searchsd</sublink>
	</link>
	<thumbnail>https://image.tmdb.org/t/p/w1280/ctwUzdQ5w7UIPx9wGhhNgVL40k9.jpg</thumbnail>
	<fanart>https://image.tmdb.org/t/p/w1280/hfsTcAenYaeKVE8nzYyGsEHWB1a.jpg</fanart>
</item>
<item>
	<title>Summer Wars (2009)</title>
	<meta>
		<content>movie</content>
		<imdb>tt1474276</imdb>
		<title>Summer Wars</title>
		<year>2009</year>
	</meta>
	<link>
		<sublink>search</sublink>
		<sublink>searchsd</sublink>
	</link>
	<thumbnail>https://image.tmdb.org/t/p/w1280/hoVm9Rndcs7FbVqr6s22kEyUMJ8.jpg</thumbnail>
	<fanart>https://image.tmdb.org/t/p/w1280/7rT6AYzflkQtGZKwWL8AXouDj5G.jpg</fanart>
</item>
<item>
	<title>Karafuru (2010)</title>
	<meta>
		<content>movie</content>
		<imdb>tt1677561</imdb>
		<title>Karafuru</title>
		<year>2010</year>
	</meta>
	<link>
		<sublink>search</sublink>
		<sublink>searchsd</sublink>
	</link>
	<thumbnail>https://image.tmdb.org/t/p/w1280/qiPutZvmAso5CVIPPeMqTcHXe8K.jpg</thumbnail>
	<fanart>https://image.tmdb.org/t/p/w1280/w9Jwoau6RhuZrTE114BEQkywEba.jpg</fanart>
</item>
<item>
	<title>Ookami kodomo no Ame to Yuki (2012)</title>
	<meta>
		<content>movie</content>
		<imdb>tt2140203</imdb>
		<title>Ookami kodomo no Ame to Yuki</title>
		<year>2012</year>
	</meta>
	<link>
		<sublink>search</sublink>
		<sublink>searchsd</sublink>
	</link>
	<thumbnail>https://image.tmdb.org/t/p/w1280/rDMxjCYEVnvLC4nsBpB6wjL0LDy.jpg</thumbnail>
	<fanart>https://image.tmdb.org/t/p/w1280/1Y66fi0srOb0ijAOg069DXriD3S.jpg</fanart>
</item>
<item>
	<title>Nausicaxc3xa4 of the Valley of the Wind (1984)</title>
	<meta>
		<content>movie</content>
		<imdb>tt0087544</imdb>
		<title>Nausicaxc3xa4 of the Valley of the Wind</title>
		<year>1984</year>
	</meta>
	<link>
		<sublink>search</sublink>
		<sublink>searchsd</sublink>
	</link>
	<thumbnail>https://image.tmdb.org/t/p/w1280/kOyNIkKPUpHn0pmHaCOOilSCQeZ.jpg</thumbnail>
	<fanart>https://image.tmdb.org/t/p/w1280/qKIldRZ3jy3uGWdrNIt3P7QA5J3.jpg</fanart>
</item>
<item>
	<title>Ponyo (2008)</title>
	<meta>
		<content>movie</content>
		<imdb>tt0876563</imdb>
		<title>Ponyo</title>
		<year>2008</year>
	</meta>
	<link>
		<sublink>search</sublink>
		<sublink>searchsd</sublink>
	</link>
	<thumbnail>https://image.tmdb.org/t/p/w1280/3s0mpSpLkI7cIhqWGrGbsiyvlsH.jpg</thumbnail>
	<fanart>https://image.tmdb.org/t/p/w1280/vK86ykZTcyMjYkin1zWfTulbU34.jpg</fanart>
</item>
<item>
	<title>Macross Plus (1994\xe2\x80\x93 )</title>
	<meta>
		<content>movie</content>
		<imdb>tt0110426</imdb>
		<title>Macross Plus</title>
		<year>1994\xe2\x80\x93 </year>
	</meta>
	<link>
		<sublink>search</sublink>
		<sublink>searchsd</sublink>
	</link>
	<thumbnail>https://image.tmdb.org/t/p/w1280none</thumbnail>
	<fanart>https://image.tmdb.org/t/p/w1280none</fanart>
</item>
<item>
	<title>Wicked City (1987)</title>
	<meta>
		<content>movie</content>
		<imdb>tt0098692</imdb>
		<title>Wicked City</title>
		<year>1987</year>
	</meta>
	<link>
		<sublink>search</sublink>
		<sublink>searchsd</sublink>
	</link>
	<thumbnail>https://image.tmdb.org/t/p/w1280/5T6jsn5m7NyDJq61RvDwVIbWeio.jpg</thumbnail>
	<fanart>https://image.tmdb.org/t/p/w1280/o7PBlsfdCGDdqBSQ52C1IY8u8Ef.jpg</fanart>
</item>
<item>
	<title>Spriggan (1998)</title>
	<meta>
		<content>movie</content>
		<imdb>tt0164917</imdb>
		<title>Spriggan</title>
		<year>1998</year>
	</meta>
	<link>
		<sublink>search</sublink>
		<sublink>searchsd</sublink>
	</link>
	<thumbnail>https://image.tmdb.org/t/p/w1280/dK09NEecjadV3axumgAKJWRTGMj.jpg</thumbnail>
	<fanart>https://image.tmdb.org/t/p/w1280/1hRDXu0E6VHzeHJSUvB9bwkuaO8.jpg</fanart>
</item>
<item>
	<title>Neko no ongaeshi (2002)</title>
	<meta>
		<content>movie</content>
		<imdb>tt0347618</imdb>
		<title>Neko no ongaeshi</title>
		<year>2002</year>
	</meta>
	<link>
		<sublink>search</sublink>
		<sublink>searchsd</sublink>
	</link>
	<thumbnail>https://image.tmdb.org/t/p/w1280/57rS5DXN8YfRHgh609RgCKjKbel.jpg</thumbnail>
	<fanart>https://image.tmdb.org/t/p/w1280/jKoSzpjSKRFhq7LiKe1xtuhRy1m.jpg</fanart>
</item>
<item>
	<title>Meikyxc3xbb monogatari (1987)</title>
	<meta>
		<content>movie</content>
		<imdb>tt0185481</imdb>
		<title>Meikyxc3xbb monogatari</title>
		<year>1987</year>
	</meta>
	<link>
		<sublink>search</sublink>
		<sublink>searchsd</sublink>
	</link>
	<thumbnail>https://image.tmdb.org/t/p/w1280none</thumbnail>
	<fanart>https://image.tmdb.org/t/p/w1280none</fanart>
</item>
<item>
	<title>Hoshi o ou kodomo (2011)</title>
	<meta>
		<content>movie</content>
		<imdb>tt1839494</imdb>
		<title>Hoshi o ou kodomo</title>
		<year>2011</year>
	</meta>
	<link>
		<sublink>search</sublink>
		<sublink>searchsd</sublink>
	</link>
	<thumbnail>https://image.tmdb.org/t/p/w1280none</thumbnail>
	<fanart>https://image.tmdb.org/t/p/w1280none</fanart>
</item>
<item>
	<title>Project A-Ko (1986)</title>
	<meta>
		<content>movie</content>
		<imdb>tt0091794</imdb>
		<title>Project A-Ko</title>
		<year>1986</year>
	</meta>
	<link>
		<sublink>search</sublink>
		<sublink>searchsd</sublink>
	</link>
	<thumbnail>https://image.tmdb.org/t/p/w1280none</thumbnail>
	<fanart>https://image.tmdb.org/t/p/w1280none</fanart>
</item>
<item>
	<title>Hoshi no koe (2003)</title>
	<meta>
		<content>movie</content>
		<imdb>tt0370754</imdb>
		<title>Hoshi no koe</title>
		<year>2003</year>
	</meta>
	<link>
		<sublink>search</sublink>
		<sublink>searchsd</sublink>
	</link>
	<thumbnail>https://image.tmdb.org/t/p/w1280none</thumbnail>
	<fanart>https://image.tmdb.org/t/p/w1280none</fanart>
</item>
<item>
	<title>Patlabor: The Movie (1989)</title>
	<meta>
		<content>movie</content>
		<imdb>tt0100339</imdb>
		<title>Patlabor: The Movie</title>
		<year>1989</year>
	</meta>
	<link>
		<sublink>search</sublink>
		<sublink>searchsd</sublink>
	</link>
	<thumbnail>https://image.tmdb.org/t/p/w1280none</thumbnail>
	<fanart>https://image.tmdb.org/t/p/w1280none</fanart>
</item>
<item>
	<title>The Secret World of Arrietty (2010)</title>
	<meta>
		<content>movie</content>
		<imdb>tt1568921</imdb>
		<title>The Secret World of Arrietty</title>
		<year>2010</year>
	</meta>
	<link>
		<sublink>search</sublink>
		<sublink>searchsd</sublink>
	</link>
	<thumbnail>https://image.tmdb.org/t/p/w1280none</thumbnail>
	<fanart>https://image.tmdb.org/t/p/w1280none</fanart>
</item>
<item>
	<title>Blood: The Last Vampire (2000)</title>
	<meta>
		<content>movie</content>
		<imdb>tt0275230</imdb>
		<title>Blood: The Last Vampire</title>
		<year>2000</year>
	</meta>
	<link>
		<sublink>search</sublink>
		<sublink>searchsd</sublink>
	</link>
	<thumbnail>https://image.tmdb.org/t/p/w1280none</thumbnail>
	<fanart>https://image.tmdb.org/t/p/w1280none</fanart>
</item>
<item>
	<title>Robot Carnival (1987 Video)</title>
	<meta>
		<content>movie</content>
		<imdb>tt0093871</imdb>
		<title>Robot Carnival</title>
		<year>1987 Video</year>
	</meta>
	<link>
		<sublink>search</sublink>
		<sublink>searchsd</sublink>
	</link>
	<thumbnail>https://image.tmdb.org/t/p/w1280none</thumbnail>
	<fanart>https://image.tmdb.org/t/p/w1280none</fanart>
</item>
<item>
	<title>Cowboy Bebop: The Movie (2001)</title>
	<meta>
		<content>movie</content>
		<imdb>tt0275277</imdb>
		<title>Cowboy Bebop: The Movie</title>
		<year>2001</year>
	</meta>
	<link>
		<sublink>search</sublink>
		<sublink>searchsd</sublink>
	</link>
	<thumbnail>https://image.tmdb.org/t/p/w1280none</thumbnail>
	<fanart>https://image.tmdb.org/t/p/w1280none</fanart>
</item>
<item>
	<title>Urotsukidoji: Legend of the Overfiend (1989 Video)</title>
	<meta>
		<content>movie</content>
		<imdb>tt0108461</imdb>
		<title>Urotsukidoji: Legend of the Overfiend</title>
		<year>1989 Video</year>
	</meta>
	<link>
		<sublink>search</sublink>
		<sublink>searchsd</sublink>
	</link>
	<thumbnail>https://image.tmdb.org/t/p/w1280none</thumbnail>
	<fanart>https://image.tmdb.org/t/p/w1280none</fanart>
</item>
<item>
	<title>Millennium Actress (2001)</title>
	<meta>
		<content>movie</content>
		<imdb>tt0291350</imdb>
		<title>Millennium Actress</title>
		<year>2001</year>
	</meta>
	<link>
		<sublink>search</sublink>
		<sublink>searchsd</sublink>
	</link>
	<thumbnail>https://image.tmdb.org/t/p/w1280none</thumbnail>
	<fanart>https://image.tmdb.org/t/p/w1280none</fanart>
</item>
<item>
	<title>Kite (1998\xe2\x80\x93 )</title>
	<meta>
		<content>movie</content>
		<imdb>tt0246734</imdb>
		<title>Kite</title>
		<year>1998\xe2\x80\x93 </year>
	</meta>
	<link>
		<sublink>search</sublink>
		<sublink>searchsd</sublink>
	</link>
	<thumbnail>https://image.tmdb.org/t/p/w1280none</thumbnail>
	<fanart>https://image.tmdb.org/t/p/w1280none</fanart>
</item>
<item>
	<title>Black Magic M-66 (1987 Video)</title>
	<meta>
		<content>movie</content>
		<imdb>tt0092664</imdb>
		<title>Black Magic M-66</title>
		<year>1987 Video</year>
	</meta>
	<link>
		<sublink>search</sublink>
		<sublink>searchsd</sublink>
	</link>
	<thumbnail>https://image.tmdb.org/t/p/w1280none</thumbnail>
	<fanart>https://image.tmdb.org/t/p/w1280none</fanart>
</item>
<item>
	<title>Berserk: The Golden Age Arc I - The Egg of the King (2012)</title>
	<meta>
		<content>movie</content>
		<imdb>tt2210479</imdb>
		<title>Berserk: The Golden Age Arc I - The Egg of the King</title>
		<year>2012</year>
	</meta>
	<link>
		<sublink>search</sublink>
		<sublink>searchsd</sublink>
	</link>
	<thumbnail>https://image.tmdb.org/t/p/w1280none</thumbnail>
	<fanart>https://image.tmdb.org/t/p/w1280none</fanart>
</item>
<item>
	<title>Berserk: The Golden Age Arc II - The Battle for Doldrey (2012)</title>
	<meta>
		<content>movie</content>
		<imdb>tt2358911</imdb>
		<title>Berserk: The Golden Age Arc II - The Battle for Doldrey</title>
		<year>2012</year>
	</meta>
	<link>
		<sublink>search</sublink>
		<sublink>searchsd</sublink>
	</link>
	<thumbnail>https://image.tmdb.org/t/p/w1280none</thumbnail>
	<fanart>https://image.tmdb.org/t/p/w1280none</fanart>
</item>
<item>
	<title>Kite Liberator (2007 Video)</title>
	<meta>
		<content>movie</content>
		<imdb>tt1217043</imdb>
		<title>Kite Liberator</title>
		<year>2007 Video</year>
	</meta>
	<link>
		<sublink>search</sublink>
		<sublink>searchsd</sublink>
	</link>
	<thumbnail>https://image.tmdb.org/t/p/w1280none</thumbnail>
	<fanart>https://image.tmdb.org/t/p/w1280none</fanart>
</item>
<item>
	<title>Street Fighter II: The Animated Movie (1994)</title>
	<meta>
		<content>movie</content>
		<imdb>tt0114563</imdb>
		<title>Street Fighter II: The Animated Movie</title>
		<year>1994</year>
	</meta>
	<link>
		<sublink>search</sublink>
		<sublink>searchsd</sublink>
	</link>
	<thumbnail>https://image.tmdb.org/t/p/w1280none</thumbnail>
	<fanart>https://image.tmdb.org/t/p/w1280none</fanart>
</item>
<item>
	<title>Kamui no ken (1985)</title>
	<meta>
		<content>movie</content>
		<imdb>tt0088983</imdb>
		<title>Kamui no ken</title>
		<year>1985</year>
	</meta>
	<link>
		<sublink>search</sublink>
		<sublink>searchsd</sublink>
	</link>
	<thumbnail>https://image.tmdb.org/t/p/w1280none</thumbnail>
	<fanart>https://image.tmdb.org/t/p/w1280none</fanart>
</item>
<item>
	<title>Rupan sansei: Kariosutoro no shiro (1979)</title>
	<meta>
		<content>movie</content>
		<imdb>tt0079833</imdb>
		<title>Rupan sansei: Kariosutoro no shiro</title>
		<year>1979</year>
	</meta>
	<link>
		<sublink>search</sublink>
		<sublink>searchsd</sublink>
	</link>
	<thumbnail>https://image.tmdb.org/t/p/w1280none</thumbnail>
	<fanart>https://image.tmdb.org/t/p/w1280none</fanart>
</item>
<item>
	<title>Sword of the Stranger (2007)</title>
	<meta>
		<content>movie</content>
		<imdb>tt1121794</imdb>
		<title>Sword of the Stranger</title>
		<year>2007</year>
	</meta>
	<link>
		<sublink>search</sublink>
		<sublink>searchsd</sublink>
	</link>
	<thumbnail>https://image.tmdb.org/t/p/w1280none</thumbnail>
	<fanart>https://image.tmdb.org/t/p/w1280none</fanart>
</item>
<item>
	<title>Appleseed (1988 Video)</title>
	<meta>
		<content>movie</content>
		<imdb>tt0094668</imdb>
		<title>Appleseed</title>
		<year>1988 Video</year>
	</meta>
	<link>
		<sublink>search</sublink>
		<sublink>searchsd</sublink>
	</link>
	<thumbnail>https://image.tmdb.org/t/p/w1280none</thumbnail>
	<fanart>https://image.tmdb.org/t/p/w1280none</fanart>
</item>
<item>
	<title>The Professional: Golgo 13 (1983)</title>
	<meta>
		<content>movie</content>
		<imdb>tt0086148</imdb>
		<title>The Professional: Golgo 13</title>
		<year>1983</year>
	</meta>
	<link>
		<sublink>search</sublink>
		<sublink>searchsd</sublink>
	</link>
	<thumbnail>https://image.tmdb.org/t/p/w1280none</thumbnail>
	<fanart>https://image.tmdb.org/t/p/w1280none</fanart>
</item>
<item>
	<title>Appleseed Ex Machina (2007)</title>
	<meta>
		<content>movie</content>
		<imdb>tt1043842</imdb>
		<title>Appleseed Ex Machina</title>
		<year>2007</year>
	</meta>
	<link>
		<sublink>search</sublink>
		<sublink>searchsd</sublink>
	</link>
	<thumbnail>https://image.tmdb.org/t/p/w1280none</thumbnail>
	<fanart>https://image.tmdb.org/t/p/w1280none</fanart>
</item>
<item>
	<title>A Wind Named Amnesia (1990 Video)</title>
	<meta>
		<content>movie</content>
		<imdb>tt0108570</imdb>
		<title>A Wind Named Amnesia</title>
		<year>1990 Video</year>
	</meta>
	<link>
		<sublink>search</sublink>
		<sublink>searchsd</sublink>
	</link>
	<thumbnail>https://image.tmdb.org/t/p/w1280none</thumbnail>
	<fanart>https://image.tmdb.org/t/p/w1280none</fanart>
</item>
<item>
	<title>Bekushiru: 2077 Nihon sakoku (2007)</title>
	<meta>
		<content>movie</content>
		<imdb>tt0970472</imdb>
		<title>Bekushiru: 2077 Nihon sakoku</title>
		<year>2007</year>
	</meta>
	<link>
		<sublink>search</sublink>
		<sublink>searchsd</sublink>
	</link>
	<thumbnail>https://image.tmdb.org/t/p/w1280none</thumbnail>
	<fanart>https://image.tmdb.org/t/p/w1280none</fanart>
</item>
<item>
	<title>Fullmetal Alchemist the Movie: Conqueror of Shamballa (2005)</title>
	<meta>
		<content>movie</content>
		<imdb>tt0485323</imdb>
		<title>Fullmetal Alchemist the Movie: Conqueror of Shamballa</title>
		<year>2005</year>
	</meta>
	<link>
		<sublink>search</sublink>
		<sublink>searchsd</sublink>
	</link>
	<thumbnail>https://image.tmdb.org/t/p/w1280none</thumbnail>
	<fanart>https://image.tmdb.org/t/p/w1280none</fanart>
</item>
<item>
	<title>Highlander: The Search for Vengeance (2007 Video)</title>
	<meta>
		<content>movie</content>
		<imdb>tt0465657</imdb>
		<title>Highlander: The Search for Vengeance</title>
		<year>2007 Video</year>
	</meta>
	<link>
		<sublink>search</sublink>
		<sublink>searchsd</sublink>
	</link>
	<thumbnail>https://image.tmdb.org/t/p/w1280none</thumbnail>
	<fanart>https://image.tmdb.org/t/p/w1280none</fanart>
</item>
<item>
	<title>Sky Blue (2003)</title>
	<meta>
		<content>movie</content>
		<imdb>tt0353014</imdb>
		<title>Sky Blue</title>
		<year>2003</year>
	</meta>
	<link>
		<sublink>search</sublink>
		<sublink>searchsd</sublink>
	</link>
	<thumbnail>https://image.tmdb.org/t/p/w1280none</thumbnail>
	<fanart>https://image.tmdb.org/t/p/w1280none</fanart>
</item>
<item>
	<title>Gekijxc3xb4 ban Kara no kyxc3xb4kai: Dai ni shxc3xb4 - Satsujin kxc3xb4satsu (zen) (2007)</title>
	<meta>
		<content>movie</content>
		<imdb>tt1155651</imdb>
		<title>Gekijxc3xb4 ban Kara no kyxc3xb4kai: Dai ni shxc3xb4 - Satsujin kxc3xb4satsu (zen)</title>
		<year>2007</year>
	</meta>
	<link>
		<sublink>search</sublink>
		<sublink>searchsd</sublink>
	</link>
	<thumbnail>https://image.tmdb.org/t/p/w1280none</thumbnail>
	<fanart>https://image.tmdb.org/t/p/w1280none</fanart>
</item>
<item>
	<title>Gin-iro no kami no Agito (2006)</title>
	<meta>
		<content>movie</content>
		<imdb>tt0493247</imdb>
		<title>Gin-iro no kami no Agito</title>
		<year>2006</year>
	</meta>
	<link>
		<sublink>search</sublink>
		<sublink>searchsd</sublink>
	</link>
	<thumbnail>https://image.tmdb.org/t/p/w1280none</thumbnail>
	<fanart>https://image.tmdb.org/t/p/w1280none</fanart>
</item>
<item>
	<title>Fainaru fantajxc3xae sebun adobento chirudoren (2005)</title>
	<meta>
		<content>movie</content>
		<imdb>tt0385700</imdb>
		<title>Fainaru fantajxc3xae sebun adobento chirudoren</title>
		<year>2005</year>
	</meta>
	<link>
		<sublink>search</sublink>
		<sublink>searchsd</sublink>
	</link>
	<thumbnail>https://image.tmdb.org/t/p/w1280none</thumbnail>
	<fanart>https://image.tmdb.org/t/p/w1280none</fanart>
</item>
<item>
	<title>Cat Soup (2001)</title>
	<meta>
		<content>movie</content>
		<imdb>tt0385586</imdb>
		<title>Cat Soup</title>
		<year>2001</year>
	</meta>
	<link>
		<sublink>search</sublink>
		<sublink>searchsd</sublink>
	</link>
	<thumbnail>https://image.tmdb.org/t/p/w1280none</thumbnail>
	<fanart>https://image.tmdb.org/t/p/w1280none</fanart>
</item>
<item>
	<title>Redline (2009)</title>
	<meta>
		<content>movie</content>
		<imdb>tt1483797</imdb>
		<title>Redline</title>
		<year>2009</year>
	</meta>
	<link>
		<sublink>search</sublink>
		<sublink>searchsd</sublink>
	</link>
	<thumbnail>https://image.tmdb.org/t/p/w1280none</thumbnail>
	<fanart>https://image.tmdb.org/t/p/w1280none</fanart>
</item>
<item>
	<title>Inside Out (I) (2015)</title>
	<meta>
		<content>movie</content>
		<imdb>tt2096673</imdb>
		<title>Inside Out</title>
		<year>I 2015</year>
	</meta>
	<link>
		<sublink>search</sublink>
		<sublink>searchsd</sublink>
	</link>
	<thumbnail>https://image.tmdb.org/t/p/w1280none</thumbnail>
	<fanart>https://image.tmdb.org/t/p/w1280none</fanart>
</item>
<item>
	<title>WALLE (2008)</title>
	<meta>
		<content>movie</content>
		<imdb>tt0910970</imdb>
		<title>WALLE</title>
		<year>2008</year>
	</meta>
	<link>
		<sublink>search</sublink>
		<sublink>searchsd</sublink>
	</link>
	<thumbnail>https://image.tmdb.org/t/p/w1280none</thumbnail>
	<fanart>https://image.tmdb.org/t/p/w1280none</fanart>
</item>
<item>
	<title>Toy Story 3 (2010)</title>
	<meta>
		<content>movie</content>
		<imdb>tt0435761</imdb>
		<title>Toy Story 3</title>
		<year>2010</year>
	</meta>
	<link>
		<sublink>search</sublink>
		<sublink>searchsd</sublink>
	</link>
	<thumbnail>https://image.tmdb.org/t/p/w1280none</thumbnail>
	<fanart>https://image.tmdb.org/t/p/w1280none</fanart>
</item>
<item>
	<title>Up (2009)</title>
	<meta>
		<content>movie</content>
		<imdb>tt1049413</imdb>
		<title>Up</title>
		<year>2009</year>
	</meta>
	<link>
		<sublink>search</sublink>
		<sublink>searchsd</sublink>
	</link>
	<thumbnail>https://image.tmdb.org/t/p/w1280none</thumbnail>
	<fanart>https://image.tmdb.org/t/p/w1280none</fanart>
</item>
<item>
	<title>Moana (I) (2016)</title>
	<meta>
		<content>movie</content>
		<imdb>tt3521164</imdb>
		<title>Moana</title>
		<year>I 2016</year>
	</meta>
	<link>
		<sublink>search</sublink>
		<sublink>searchsd</sublink>
	</link>
	<thumbnail>https://image.tmdb.org/t/p/w1280none</thumbnail>
	<fanart>https://image.tmdb.org/t/p/w1280none</fanart>
</item>
<item>
	<title>Anomalisa (2015)</title>
	<meta>
		<content>movie</content>
		<imdb>tt2401878</imdb>
		<title>Anomalisa</title>
		<year>2015</year>
	</meta>
	<link>
		<sublink>search</sublink>
		<sublink>searchsd</sublink>
	</link>
	<thumbnail>https://image.tmdb.org/t/p/w1280none</thumbnail>
	<fanart>https://image.tmdb.org/t/p/w1280none</fanart>
</item>
<item>
	<title>Song of the Sea (2014)</title>
	<meta>
		<content>movie</content>
		<imdb>tt1865505</imdb>
		<title>Song of the Sea</title>
		<year>2014</year>
	</meta>
	<link>
		<sublink>search</sublink>
		<sublink>searchsd</sublink>
	</link>
	<thumbnail>https://image.tmdb.org/t/p/w1280none</thumbnail>
	<fanart>https://image.tmdb.org/t/p/w1280none</fanart>
</item>
<item>
	<title>It's Such a Beautiful Day (2012)</title>
	<meta>
		<content>movie</content>
		<imdb>tt2396224</imdb>
		<title>It's Such a Beautiful Day</title>
		<year>2012</year>
	</meta>
	<link>
		<sublink>search</sublink>
		<sublink>searchsd</sublink>
	</link>
	<thumbnail>https://image.tmdb.org/t/p/w1280none</thumbnail>
	<fanart>https://image.tmdb.org/t/p/w1280none</fanart>
</item>
<item>
	<title>Finding Nemo (2003)</title>
	<meta>
		<content>movie</content>
		<imdb>tt0266543</imdb>
		<title>Finding Nemo</title>
		<year>2003</year>
	</meta>
	<link>
		<sublink>search</sublink>
		<sublink>searchsd</sublink>
	</link>
	<thumbnail>https://image.tmdb.org/t/p/w1280none</thumbnail>
	<fanart>https://image.tmdb.org/t/p/w1280none</fanart>
</item>
<item>
	<title>Finding Dory (2016)</title>
	<meta>
		<content>movie</content>
		<imdb>tt2277860</imdb>
		<title>Finding Dory</title>
		<year>2016</year>
	</meta>
	<link>
		<sublink>search</sublink>
		<sublink>searchsd</sublink>
	</link>
	<thumbnail>https://image.tmdb.org/t/p/w1280none</thumbnail>
	<fanart>https://image.tmdb.org/t/p/w1280none</fanart>
</item>
<item>
	<title>Kubo and the Two Strings (2016)</title>
	<meta>
		<content>movie</content>
		<imdb>tt4302938</imdb>
		<title>Kubo and the Two Strings</title>
		<year>2016</year>
	</meta>
	<link>
		<sublink>search</sublink>
		<sublink>searchsd</sublink>
	</link>
	<thumbnail>https://image.tmdb.org/t/p/w1280none</thumbnail>
	<fanart>https://image.tmdb.org/t/p/w1280none</fanart>
</item>
<item>
	<title>How to Train Your Dragon (2010)</title>
	<meta>
		<content>movie</content>
		<imdb>tt0892769</imdb>
		<title>How to Train Your Dragon</title>
		<year>2010</year>
	</meta>
	<link>
		<sublink>search</sublink>
		<sublink>searchsd</sublink>
	</link>
	<thumbnail>https://image.tmdb.org/t/p/w1280none</thumbnail>
	<fanart>https://image.tmdb.org/t/p/w1280none</fanart>
</item>
<item>
	<title>How to Train Your Dragon 2 (2014)</title>
	<meta>
		<content>movie</content>
		<imdb>tt1646971</imdb>
		<title>How to Train Your Dragon 2</title>
		<year>2014</year>
	</meta>
	<link>
		<sublink>search</sublink>
		<sublink>searchsd</sublink>
	</link>
	<thumbnail>https://image.tmdb.org/t/p/w1280none</thumbnail>
	<fanart>https://image.tmdb.org/t/p/w1280none</fanart>
</item>
<item>
	<title>Mary and Max (2009)</title>
	<meta>
		<content>movie</content>
		<imdb>tt0978762</imdb>
		<title>Mary and Max</title>
		<year>2009</year>
	</meta>
	<link>
		<sublink>search</sublink>
		<sublink>searchsd</sublink>
	</link>
	<thumbnail>https://image.tmdb.org/t/p/w1280none</thumbnail>
	<fanart>https://image.tmdb.org/t/p/w1280none</fanart>
</item>
<item>
	<title>The Tale of the Princess Kaguya (2013)</title>
	<meta>
		<content>movie</content>
		<imdb>tt2576852</imdb>
		<title>The Tale of the Princess Kaguya</title>
		<year>2013</year>
	</meta>
	<link>
		<sublink>search</sublink>
		<sublink>searchsd</sublink>
	</link>
	<thumbnail>https://image.tmdb.org/t/p/w1280none</thumbnail>
	<fanart>https://image.tmdb.org/t/p/w1280none</fanart>
</item>
<item>
	<title>Monsters, Inc. (2001)</title>
	<meta>
		<content>movie</content>
		<imdb>tt0198781</imdb>
		<title>Monsters, Inc.</title>
		<year>2001</year>
	</meta>
	<link>
		<sublink>search</sublink>
		<sublink>searchsd</sublink>
	</link>
	<thumbnail>https://image.tmdb.org/t/p/w1280none</thumbnail>
	<fanart>https://image.tmdb.org/t/p/w1280none</fanart>
</item>
<item>
	<title>Monsters University (2013)</title>
	<meta>
		<content>movie</content>
		<imdb>tt1453405</imdb>
		<title>Monsters University</title>
		<year>2013</year>
	</meta>
	<link>
		<sublink>search</sublink>
		<sublink>searchsd</sublink>
	</link>
	<thumbnail>https://image.tmdb.org/t/p/w1280none</thumbnail>
	<fanart>https://image.tmdb.org/t/p/w1280none</fanart>
</item>
<item>
	<title>Persepolis (2007)</title>
	<meta>
		<content>movie</content>
		<imdb>tt0808417</imdb>
		<title>Persepolis</title>
		<year>2007</year>
	</meta>
	<link>
		<sublink>search</sublink>
		<sublink>searchsd</sublink>
	</link>
	<thumbnail>https://image.tmdb.org/t/p/w1280none</thumbnail>
	<fanart>https://image.tmdb.org/t/p/w1280none</fanart>
</item>
<item>
	<title>Waltz with Bashir (2008)</title>
	<meta>
		<content>movie</content>
		<imdb>tt1185616</imdb>
		<title>Waltz with Bashir</title>
		<year>2008</year>
	</meta>
	<link>
		<sublink>search</sublink>
		<sublink>searchsd</sublink>
	</link>
	<thumbnail>https://image.tmdb.org/t/p/w1280none</thumbnail>
	<fanart>https://image.tmdb.org/t/p/w1280none</fanart>
</item>
<item>
	<title>Ratatouille (2007)</title>
	<meta>
		<content>movie</content>
		<imdb>tt0382932</imdb>
		<title>Ratatouille</title>
		<year>2007</year>
	</meta>
	<link>
		<sublink>search</sublink>
		<sublink>searchsd</sublink>
	</link>
	<thumbnail>https://image.tmdb.org/t/p/w1280none</thumbnail>
	<fanart>https://image.tmdb.org/t/p/w1280none</fanart>
</item>
<item>
	<title>The Incredibles (2004)</title>
	<meta>
		<content>movie</content>
		<imdb>tt0317705</imdb>
		<title>The Incredibles</title>
		<year>2004</year>
	</meta>
	<link>
		<sublink>search</sublink>
		<sublink>searchsd</sublink>
	</link>
	<thumbnail>https://image.tmdb.org/t/p/w1280none</thumbnail>
	<fanart>https://image.tmdb.org/t/p/w1280none</fanart>
</item>
<item>
	<title>The Peanuts Movie (2015)</title>
	<meta>
		<content>movie</content>
		<imdb>tt2452042</imdb>
		<title>The Peanuts Movie</title>
		<year>2015</year>
	</meta>
	<link>
		<sublink>search</sublink>
		<sublink>searchsd</sublink>
	</link>
	<thumbnail>https://image.tmdb.org/t/p/w1280none</thumbnail>
	<fanart>https://image.tmdb.org/t/p/w1280none</fanart>
</item>
<item>
	<title>Shrek (2001)</title>
	<meta>
		<content>movie</content>
		<imdb>tt0126029</imdb>
		<title>Shrek</title>
		<year>2001</year>
	</meta>
	<link>
		<sublink>search</sublink>
		<sublink>searchsd</sublink>
	</link>
	<thumbnail>https://image.tmdb.org/t/p/w1280/140ewbWv8qHStD3mlBDvvGd0Zvu.jpg</thumbnail>
	<fanart>https://image.tmdb.org/t/p/w1280/wBG4kHfhwm3bLwKUFNRByXXv4r2.jpg</fanart>
</item>
<item>
	<title>Ernest & Celestine (2012)</title>
	<meta>
		<content>movie</content>
		<imdb>tt1816518</imdb>
		<title>Ernest & Celestine</title>
		<year>2012</year>
	</meta>
	<link>
		<sublink>search</sublink>
		<sublink>searchsd</sublink>
	</link>
	<thumbnail>https://image.tmdb.org/t/p/w1280/tSZPsJ0xETo1kUSozXWbijQDjBA.jpg</thumbnail>
	<fanart>https://image.tmdb.org/t/p/w1280/yUB3G9hTINHYlSpWSFvoSvyPtDx.jpg</fanart>
</item>
<item>
	<title>Tangled (2010)</title>
	<meta>
		<content>movie</content>
		<imdb>tt0398286</imdb>
		<title>Tangled</title>
		<year>2010</year>
	</meta>
	<link>
		<sublink>search</sublink>
		<sublink>searchsd</sublink>
	</link>
	<thumbnail>https://image.tmdb.org/t/p/w1280/re6AOJbhBk9FIK3knwU6rYlbPDx.jpg</thumbnail>
	<fanart>https://image.tmdb.org/t/p/w1280/uFg02Gt69UM6Ouam4slMdD0s029.jpg</fanart>
</item>
<item>
	<title>The Triplets of Belleville (2003)</title>
	<meta>
		<content>movie</content>
		<imdb>tt0286244</imdb>
		<title>The Triplets of Belleville</title>
		<year>2003</year>
	</meta>
	<link>
		<sublink>search</sublink>
		<sublink>searchsd</sublink>
	</link>
	<thumbnail>https://image.tmdb.org/t/p/w1280/A8aSp63Xi4cnip3wAhk7Jml1uWG.jpg</thumbnail>
	<fanart>https://image.tmdb.org/t/p/w1280/qBRwRxhUszKvcHQxMiimuax6U2e.jpg</fanart>
</item>
<item>
	<title>Kaze tachinu (2013)</title>
	<meta>
		<content>movie</content>
		<imdb>tt2013293</imdb>
		<title>Kaze tachinu</title>
		<year>2013</year>
	</meta>
	<link>
		<sublink>search</sublink>
		<sublink>searchsd</sublink>
	</link>
	<thumbnail>https://image.tmdb.org/t/p/w1280/3OTcCyf7QbGdVxsS8GLtaSsTZtP.jpg</thumbnail>
	<fanart>https://image.tmdb.org/t/p/w1280/cMrvn4Hl0A0NAL61BpDWQIsMsiN.jpg</fanart>
</item>
<dir>
	<title>[COLOR white]Next Page >>[/COLOR]</title>
	<imdburl>list/ls062631100/?page=2</imdburl>
	<thumbnail>https://image.ibb.co/gtsNjw/next.png</thumbnail>
</dir>
