<item>
	<title>Snow White and the Seven Dwarfs (1937)</title>
	<meta>
		<content>movie</content>
		<imdb>tt0029583</imdb>
		<title>Snow White and the Seven Dwarfs</title>
		<year>1937</year>
	</meta>
	<link>
		<sublink>search</sublink>
		<sublink>searchsd</sublink>
	</link>
	<thumbnail>https://image.tmdb.org/t/p/w1280/bOtgcOIFBCUFdY2a737Na6gWQ0X.jpg</thumbnail>
	<fanart>https://image.tmdb.org/t/p/w1280/c66otZnSdri67kR7ps92kRX849o.jpg</fanart>
</item>
<item>
	<title>Pinocchio (1940)</title>
	<meta>
		<content>movie</content>
		<imdb>tt0032910</imdb>
		<title>Pinocchio</title>
		<year>1940</year>
	</meta>
	<link>
		<sublink>search</sublink>
		<sublink>searchsd</sublink>
	</link>
	<thumbnail>https://image.tmdb.org/t/p/w1280/hu9sn5kHTXZsafNQYQf4qQ16BGI.jpg</thumbnail>
	<fanart>https://image.tmdb.org/t/p/w1280/rma1Rc12ogaCuqlu3e9rU1ma6My.jpg</fanart>
</item>
<item>
	<title>Fantasia (1940)</title>
	<meta>
		<content>movie</content>
		<imdb>tt0032455</imdb>
		<title>Fantasia</title>
		<year>1940</year>
	</meta>
	<link>
		<sublink>search</sublink>
		<sublink>searchsd</sublink>
	</link>
	<thumbnail>https://image.tmdb.org/t/p/w1280/dYZ1r3MJnXVGBBSYKgpd8UWGyFw.jpg</thumbnail>
	<fanart>https://image.tmdb.org/t/p/w1280/oZBj2o3JVULRe1SlBalBpnkfp6x.jpg</fanart>
</item>
<item>
	<title>The Reluctant Dragon (I) (1941)</title>
	<meta>
		<content>movie</content>
		<imdb>tt0034091</imdb>
		<title>The Reluctant Dragon</title>
		<year>I 1941</year>
	</meta>
	<link>
		<sublink>search</sublink>
		<sublink>searchsd</sublink>
	</link>
	<thumbnail>https://image.tmdb.org/t/p/w1280/fNqWGKqs2kvbD6dDHxQv4Z2r7wm.jpg</thumbnail>
	<fanart>https://image.tmdb.org/t/p/w1280/68K4j1nLYwmt0QdodhGFt4SnTS0.jpg</fanart>
</item>
<item>
	<title>Dumbo (1941)</title>
	<meta>
		<content>movie</content>
		<imdb>tt0033563</imdb>
		<title>Dumbo</title>
		<year>1941</year>
	</meta>
	<link>
		<sublink>search</sublink>
		<sublink>searchsd</sublink>
	</link>
	<thumbnail>https://image.tmdb.org/t/p/w1280/hKDdllslMtsU9JixAv5HR9biXlp.jpg</thumbnail>
	<fanart>https://image.tmdb.org/t/p/w1280/sa5vHfu5n4NFqZbVf2hzqGr6bim.jpg</fanart>
</item>
<item>
	<title>Bambi (1942)</title>
	<meta>
		<content>movie</content>
		<imdb>tt0034492</imdb>
		<title>Bambi</title>
		<year>1942</year>
	</meta>
	<link>
		<sublink>search</sublink>
		<sublink>searchsd</sublink>
	</link>
	<thumbnail>https://image.tmdb.org/t/p/w1280/wV9e2y4myJ4KMFsyFfWYcUOawyK.jpg</thumbnail>
	<fanart>https://image.tmdb.org/t/p/w1280/zM2Rdsh4kiTEXPkkO9lWBzZpwAH.jpg</fanart>
</item>
<item>
	<title>Saludos Amigos (1942)</title>
	<meta>
		<content>movie</content>
		<imdb>tt0036326</imdb>
		<title>Saludos Amigos</title>
		<year>1942</year>
	</meta>
	<link>
		<sublink>search</sublink>
		<sublink>searchsd</sublink>
	</link>
	<thumbnail>https://image.tmdb.org/t/p/w1280/ymwQgTSLExdlvOGnQ0doD5alWVj.jpg</thumbnail>
	<fanart>https://image.tmdb.org/t/p/w1280/trg7wvn1cVvhltOKIZ789EBexuw.jpg</fanart>
</item>
<item>
	<title>Victory Through Air Power (1943)</title>
	<meta>
		<content>movie</content>
		<imdb>tt0036497</imdb>
		<title>Victory Through Air Power</title>
		<year>1943</year>
	</meta>
	<link>
		<sublink>search</sublink>
		<sublink>searchsd</sublink>
	</link>
	<thumbnail>https://image.tmdb.org/t/p/w1280/pEtigwyam4ZD0ZWC3Nv6sRp8WPj.jpg</thumbnail>
	<fanart>https://image.tmdb.org/t/p/w1280/eJnK08MHSU5MXmTvvS0To0piMub.jpg</fanart>
</item>
<item>
	<title>The Three Caballeros (1944)</title>
	<meta>
		<content>movie</content>
		<imdb>tt0038166</imdb>
		<title>The Three Caballeros</title>
		<year>1944</year>
	</meta>
	<link>
		<sublink>search</sublink>
		<sublink>searchsd</sublink>
	</link>
	<thumbnail>https://image.tmdb.org/t/p/w1280/4cejsYPl5u9k9PY5WvIo62UdvZP.jpg</thumbnail>
	<fanart>https://image.tmdb.org/t/p/w1280/s0lw0bouIMYwuJhz0bDUA0ucab0.jpg</fanart>
</item>
<item>
	<title>Make Mine Music (1946)</title>
	<meta>
		<content>movie</content>
		<imdb>tt0038718</imdb>
		<title>Make Mine Music</title>
		<year>1946</year>
	</meta>
	<link>
		<sublink>search</sublink>
		<sublink>searchsd</sublink>
	</link>
	<thumbnail>https://image.tmdb.org/t/p/w1280/20Hs0MNWxwIAhSC7gfIN2bISrZI.jpg</thumbnail>
	<fanart>https://image.tmdb.org/t/p/w1280/iTwOiALjxkBjd7iKwMjQy9hMiMc.jpg</fanart>
</item>
<item>
	<title>Song of the South (1946)</title>
	<meta>
		<content>movie</content>
		<imdb>tt0038969</imdb>
		<title>Song of the South</title>
		<year>1946</year>
	</meta>
	<link>
		<sublink>search</sublink>
		<sublink>searchsd</sublink>
	</link>
	<thumbnail>https://image.tmdb.org/t/p/w1280/opZPxPXF52M3ZZcQ0zGip9p5Vri.jpg</thumbnail>
	<fanart>https://image.tmdb.org/t/p/w1280/vyBKo6Ip5uCRctECi1fW7FKBpxB.jpg</fanart>
</item>
<item>
	<title>Fun & Fancy Free (1947)</title>
	<meta>
		<content>movie</content>
		<imdb>tt0039404</imdb>
		<title>Fun & Fancy Free</title>
		<year>1947</year>
	</meta>
	<link>
		<sublink>search</sublink>
		<sublink>searchsd</sublink>
	</link>
	<thumbnail>https://image.tmdb.org/t/p/w1280/1OuUZOWCSwPSxkZZeArFSA01LlV.jpg</thumbnail>
	<fanart>https://image.tmdb.org/t/p/w1280/yo4MHt1UTdOOMw3pkVagaMXD7i.jpg</fanart>
</item>
<item>
	<title>Melody Time (1948)</title>
	<meta>
		<content>movie</content>
		<imdb>tt0040580</imdb>
		<title>Melody Time</title>
		<year>1948</year>
	</meta>
	<link>
		<sublink>search</sublink>
		<sublink>searchsd</sublink>
	</link>
	<thumbnail>https://image.tmdb.org/t/p/w1280/jvsVPD3oIDwiNDR6rK38YoEFf4h.jpg</thumbnail>
	<fanart>https://image.tmdb.org/t/p/w1280/dC4ovAcuEcULK3zXd22xei24fCK.jpg</fanart>
</item>
<item>
	<title>So Dear to My Heart (1948)</title>
	<meta>
		<content>movie</content>
		<imdb>tt0041890</imdb>
		<title>So Dear to My Heart</title>
		<year>1948</year>
	</meta>
	<link>
		<sublink>search</sublink>
		<sublink>searchsd</sublink>
	</link>
	<thumbnail>https://image.tmdb.org/t/p/w1280/6r2nvEUw1x06BGXOnledUDWn54z.jpg</thumbnail>
	<fanart>https://image.tmdb.org/t/p/w1280/pZDIhKMJn3TcFXrBuqBM8nN4XQ8.jpg</fanart>
</item>
<item>
	<title>The Adventures of Ichabod and Mr. Toad (1949)</title>
	<meta>
		<content>movie</content>
		<imdb>tt0041094</imdb>
		<title>The Adventures of Ichabod and Mr. Toad</title>
		<year>1949</year>
	</meta>
	<link>
		<sublink>search</sublink>
		<sublink>searchsd</sublink>
	</link>
	<thumbnail>https://image.tmdb.org/t/p/w1280/hpkIGbFZZCHJMpQCVXBVH9bTlZ1.jpg</thumbnail>
	<fanart>https://image.tmdb.org/t/p/w1280/fi07BlzQ3HIG8GGljhwtFYjdf9N.jpg</fanart>
</item>
<item>
	<title>Cinderella (1950)</title>
	<meta>
		<content>movie</content>
		<imdb>tt0042332</imdb>
		<title>Cinderella</title>
		<year>1950</year>
	</meta>
	<link>
		<sublink>search</sublink>
		<sublink>searchsd</sublink>
	</link>
	<thumbnail>https://image.tmdb.org/t/p/w1280/cdf4J7tDhSPAghWWgx9EnwQWBfF.jpg</thumbnail>
	<fanart>https://image.tmdb.org/t/p/w1280/xSN1cpugrzi8DjpVxtHeRRlbB6Q.jpg</fanart>
</item>
<item>
	<title>Treasure Island (1950)</title>
	<meta>
		<content>movie</content>
		<imdb>tt0043067</imdb>
		<title>Treasure Island</title>
		<year>1950</year>
	</meta>
	<link>
		<sublink>search</sublink>
		<sublink>searchsd</sublink>
	</link>
	<thumbnail>https://image.tmdb.org/t/p/w1280/648jomf1yujpClnL8lzHgiixvG3.jpg</thumbnail>
	<fanart>https://image.tmdb.org/t/p/w1280/jcPGlEsIpLH1KrSdPM3EhRUStYF.jpg</fanart>
</item>
<item>
	<title>Alice in Wonderland (1951)</title>
	<meta>
		<content>movie</content>
		<imdb>tt0043274</imdb>
		<title>Alice in Wonderland</title>
		<year>1951</year>
	</meta>
	<link>
		<sublink>search</sublink>
		<sublink>searchsd</sublink>
	</link>
	<thumbnail>https://image.tmdb.org/t/p/w1280/6nqrMYon3UEMrTrkLvJPH5IwQZe.jpg</thumbnail>
	<fanart>https://image.tmdb.org/t/p/w1280/p6frW7qR3wUbssM25BS8BlzyoKc.jpg</fanart>
</item>
<item>
	<title>The Story of Robin Hood and His Merrie Men (1952)</title>
	<meta>
		<content>movie</content>
		<imdb>tt0045197</imdb>
		<title>The Story of Robin Hood and His Merrie Men</title>
		<year>1952</year>
	</meta>
	<link>
		<sublink>search</sublink>
		<sublink>searchsd</sublink>
	</link>
	<thumbnail>https://image.tmdb.org/t/p/w1280/6bMTnww0gUNe753KstYVZODlWqE.jpg</thumbnail>
	<fanart>https://image.tmdb.org/t/p/w1280/38NOtaNtg9YHgwRihH8xWZe7RBq.jpg</fanart>
</item>
<item>
	<title>Peter Pan (1953)</title>
	<meta>
		<content>movie</content>
		<imdb>tt0046183</imdb>
		<title>Peter Pan</title>
		<year>1953</year>
	</meta>
	<link>
		<sublink>search</sublink>
		<sublink>searchsd</sublink>
	</link>
	<thumbnail>https://image.tmdb.org/t/p/w1280/aWLgUzpkVFk8OVcg5jJte5I0Ces.jpg</thumbnail>
	<fanart>https://image.tmdb.org/t/p/w1280/Ag3mEvDpUAqWogn4Xu9aCEKHuql.jpg</fanart>
</item>
<item>
	<title>The Sword and the Rose (1953)</title>
	<meta>
		<content>movie</content>
		<imdb>tt0046387</imdb>
		<title>The Sword and the Rose</title>
		<year>1953</year>
	</meta>
	<link>
		<sublink>search</sublink>
		<sublink>searchsd</sublink>
	</link>
	<thumbnail>https://image.tmdb.org/t/p/w1280/1heataRM54GPxIySTyVxgmYfMVV.jpg</thumbnail>
	<fanart>https://image.tmdb.org/t/p/w1280/jGHrL4m6YQoohhdnM3HySUnFAmw.jpg</fanart>
</item>
<item>
	<title>The Living Desert (1953)</title>
	<meta>
		<content>movie</content>
		<imdb>tt0046008</imdb>
		<title>The Living Desert</title>
		<year>1953</year>
	</meta>
	<link>
		<sublink>search</sublink>
		<sublink>searchsd</sublink>
	</link>
	<thumbnail>https://image.tmdb.org/t/p/w1280/9NvIJIxIbcQn7fii56A1Npg4fUs.jpg</thumbnail>
	<fanart>https://image.tmdb.org/t/p/w1280/cm8mhc1KuHMqjKysnbWhaAdHCRc.jpg</fanart>
</item>
<item>
	<title>Rob Roy: The Highland Rogue (1953)</title>
	<meta>
		<content>movie</content>
		<imdb>tt0046246</imdb>
		<title>Rob Roy: The Highland Rogue</title>
		<year>1953</year>
	</meta>
	<link>
		<sublink>search</sublink>
		<sublink>searchsd</sublink>
	</link>
	<thumbnail>https://image.tmdb.org/t/p/w1280/5agEBnCe1Rnng1ZB8sVnEUlWaUi.jpg</thumbnail>
	<fanart>https://image.tmdb.org/t/p/w1280/t9lV2roB0KAgEYKe5hrnUy7QPf3.jpg</fanart>
</item>
<item>
	<title>The Vanishing Prairie (1954)</title>
	<meta>
		<content>movie</content>
		<imdb>tt0047642</imdb>
		<title>The Vanishing Prairie</title>
		<year>1954</year>
	</meta>
	<link>
		<sublink>search</sublink>
		<sublink>searchsd</sublink>
	</link>
	<thumbnail>https://image.tmdb.org/t/p/w1280/oVHC2BC5PRwf2HxjS5MZ21ZPiJp.jpg</thumbnail>
	<fanart>https://image.tmdb.org/t/p/w1280/poodQZKkS1i4gqN7xiYBEtr34nY.jpg</fanart>
</item>
<item>
	<title>20,000 Leagues Under the Sea (1954)</title>
	<meta>
		<content>movie</content>
		<imdb>tt0046672</imdb>
		<title>20,000 Leagues Under the Sea</title>
		<year>1954</year>
	</meta>
	<link>
		<sublink>search</sublink>
		<sublink>searchsd</sublink>
	</link>
	<thumbnail>https://image.tmdb.org/t/p/w1280/yhoL2CxBp9IwMhHrCj6FIb2lrYR.jpg</thumbnail>
	<fanart>https://image.tmdb.org/t/p/w1280/y2PFn5oP0jWt5Kk0EwFcWenqawp.jpg</fanart>
</item>
<item>
	<title>Davy Crockett: King of the Wild Frontier (1955)</title>
	<meta>
		<content>movie</content>
		<imdb>tt0047977</imdb>
		<title>Davy Crockett: King of the Wild Frontier</title>
		<year>1955</year>
	</meta>
	<link>
		<sublink>search</sublink>
		<sublink>searchsd</sublink>
	</link>
	<thumbnail>https://image.tmdb.org/t/p/w1280/116pwuzAGuaH8mXM1lwebbvW4Po.jpg</thumbnail>
	<fanart>https://image.tmdb.org/t/p/w1280/szjjXD6f4FjIXd5lbelBoT7oRvi.jpg</fanart>
</item>
<item>
	<title>Lady and the Tramp (1955)</title>
	<meta>
		<content>movie</content>
		<imdb>tt0048280</imdb>
		<title>Lady and the Tramp</title>
		<year>1955</year>
	</meta>
	<link>
		<sublink>search</sublink>
		<sublink>searchsd</sublink>
	</link>
	<thumbnail>https://image.tmdb.org/t/p/w1280/AqQpqEn33UYExlAoWA02Hizb2lc.jpg</thumbnail>
	<fanart>https://image.tmdb.org/t/p/w1280/osSsQ4QWXS7Flu3y39QqP924Lud.jpg</fanart>
</item>
<item>
	<title>The African Lion (1955)</title>
	<meta>
		<content>movie</content>
		<imdb>tt0047803</imdb>
		<title>The African Lion</title>
		<year>1955</year>
	</meta>
	<link>
		<sublink>search</sublink>
		<sublink>searchsd</sublink>
	</link>
	<thumbnail>https://image.tmdb.org/t/p/w1280/bS65Af6xFVmvrnoXGCJ0vPaLv8N.jpg</thumbnail>
	<fanart>https://image.tmdb.org/t/p/w1280/poodQZKkS1i4gqN7xiYBEtr34nY.jpg</fanart>
</item>
<item>
	<title>The Littlest Outlaw (1955)</title>
	<meta>
		<content>movie</content>
		<imdb>tt0048304</imdb>
		<title>The Littlest Outlaw</title>
		<year>1955</year>
	</meta>
	<link>
		<sublink>search</sublink>
		<sublink>searchsd</sublink>
	</link>
	<thumbnail>https://image.tmdb.org/t/p/w1280/pazwnM1ZI3oUSSWzD3cmIyHeFOY.jpg</thumbnail>
	<fanart>https://image.tmdb.org/t/p/w1280/zz4GkFViqqabHGkKF549Ni1AYC2.jpg</fanart>
</item>
<item>
	<title>The Great Locomotive Chase (1956)</title>
	<meta>
		<content>movie</content>
		<imdb>tt0049279</imdb>
		<title>The Great Locomotive Chase</title>
		<year>1956</year>
	</meta>
	<link>
		<sublink>search</sublink>
		<sublink>searchsd</sublink>
	</link>
	<thumbnail>https://image.tmdb.org/t/p/w1280/bie1hl0e1OrTXLsoYXdrvUPI7cD.jpg</thumbnail>
	<fanart>https://image.tmdb.org/t/p/w1280/xZ4RZT4685BJF5Ks2QIIv1Eo5P6.jpg</fanart>
</item>
<item>
	<title>Secrets of Life (1956)</title>
	<meta>
		<content>movie</content>
		<imdb>tt0049733</imdb>
		<title>Secrets of Life</title>
		<year>1956</year>
	</meta>
	<link>
		<sublink>search</sublink>
		<sublink>searchsd</sublink>
	</link>
	<thumbnail>https://image.tmdb.org/t/p/w1280/wTkosRXmoZGZiWOMri6rYRwxLxj.jpg</thumbnail>
	<fanart>https://image.tmdb.org/t/p/w1280/poodQZKkS1i4gqN7xiYBEtr34nY.jpg</fanart>
</item>
<item>
	<title>Westward Ho, the Wagons! (1956)</title>
	<meta>
		<content>movie</content>
		<imdb>tt0049945</imdb>
		<title>Westward Ho, the Wagons!</title>
		<year>1956</year>
	</meta>
	<link>
		<sublink>search</sublink>
		<sublink>searchsd</sublink>
	</link>
	<thumbnail>https://image.tmdb.org/t/p/w1280/u53HQ94A76APoXXh5vtzJY5jOAe.jpg</thumbnail>
	<fanart>https://image.tmdb.org/t/p/w1280/oTqvZxE4QKUv3Q5zZ0lQowqLO3l.jpg</fanart>
</item>
<item>
	<title>Johnny Tremain (1957)</title>
	<meta>
		<content>movie</content>
		<imdb>tt0050567</imdb>
		<title>Johnny Tremain</title>
		<year>1957</year>
	</meta>
	<link>
		<sublink>search</sublink>
		<sublink>searchsd</sublink>
	</link>
	<thumbnail>https://image.tmdb.org/t/p/w1280/fX6lTE9CaUD7xzSa0vfeF5tDtom.jpg</thumbnail>
	<fanart>https://image.tmdb.org/t/p/w1280/di9F0NPCDkU7aNuMWhh8p4OLpTN.jpg</fanart>
</item>
<item>
	<title>Perri (1957)</title>
	<meta>
		<content>movie</content>
		<imdb>tt0050837</imdb>
		<title>Perri</title>
		<year>1957</year>
	</meta>
	<link>
		<sublink>search</sublink>
		<sublink>searchsd</sublink>
	</link>
	<thumbnail>https://image.tmdb.org/t/p/w1280/krbOoFZP47CY1XmeDxgbb1MAsTZ.jpg</thumbnail>
	<fanart>https://image.tmdb.org/t/p/w1280/jNvAeqdyYlpoiHFNGHgE9mnWjag.jpg</fanart>
</item>
<item>
	<title>Old Yeller (1957)</title>
	<meta>
		<content>movie</content>
		<imdb>tt0050798</imdb>
		<title>Old Yeller</title>
		<year>1957</year>
	</meta>
	<link>
		<sublink>search</sublink>
		<sublink>searchsd</sublink>
	</link>
	<thumbnail>https://image.tmdb.org/t/p/w1280/cpmJyQpmg6fF8VkBUAAFIs8tLKh.jpg</thumbnail>
	<fanart>https://image.tmdb.org/t/p/w1280/dYxm1GXu9AJtTzZvVm871nsWQjr.jpg</fanart>
</item>
<item>
	<title>The Light in the Forest (1958)</title>
	<meta>
		<content>movie</content>
		<imdb>tt0051864</imdb>
		<title>The Light in the Forest</title>
		<year>1958</year>
	</meta>
	<link>
		<sublink>search</sublink>
		<sublink>searchsd</sublink>
	</link>
	<thumbnail>https://image.tmdb.org/t/p/w1280/hRAEj8rKglkvwq6JUyzimoir8SO.jpg</thumbnail>
	<fanart>https://image.tmdb.org/t/p/w1280/tRT3lh4pro27SP81bpSnhyTI7FJ.jpg</fanart>
</item>
<item>
	<title>White Wilderness (1958)</title>
	<meta>
		<content>movie</content>
		<imdb>tt0052389</imdb>
		<title>White Wilderness</title>
		<year>1958</year>
	</meta>
	<link>
		<sublink>search</sublink>
		<sublink>searchsd</sublink>
	</link>
	<thumbnail>https://image.tmdb.org/t/p/w1280/rSSzg9k5JL28xjCfqy1tvyzTLqf.jpg</thumbnail>
	<fanart>https://image.tmdb.org/t/p/w1280/poodQZKkS1i4gqN7xiYBEtr34nY.jpg</fanart>
</item>
<item>
	<title>Tonka (1958)</title>
	<meta>
		<content>movie</content>
		<imdb>tt0052300</imdb>
		<title>Tonka</title>
		<year>1958</year>
	</meta>
	<link>
		<sublink>search</sublink>
		<sublink>searchsd</sublink>
	</link>
	<thumbnail>https://image.tmdb.org/t/p/w1280/k0yXJdTOQA0WCFdXxFJpGmCKtWf.jpg</thumbnail>
	<fanart>https://image.tmdb.org/t/p/w1280/5Ty49Y96Xd4HtCTw3EwNXkq4Yj5.jpg</fanart>
</item>
<item>
	<title>Sleeping Beauty (1959)</title>
	<meta>
		<content>movie</content>
		<imdb>tt0053285</imdb>
		<title>Sleeping Beauty</title>
		<year>1959</year>
	</meta>
	<link>
		<sublink>search</sublink>
		<sublink>searchsd</sublink>
	</link>
	<thumbnail>https://image.tmdb.org/t/p/w1280/iFJGafuB2f2IJWG2EmdtUpgfAn6.jpg</thumbnail>
	<fanart>https://image.tmdb.org/t/p/w1280/zWKl0O88hHRinqadToYFVWuPkdG.jpg</fanart>
</item>
<item>
	<title>The Shaggy Dog (1959)</title>
	<meta>
		<content>movie</content>
		<imdb>tt0053271</imdb>
		<title>The Shaggy Dog</title>
		<year>1959</year>
	</meta>
	<link>
		<sublink>search</sublink>
		<sublink>searchsd</sublink>
	</link>
	<thumbnail>https://image.tmdb.org/t/p/w1280/d5KQS3ZFefJtgu7lISwl0IhSPs.jpg</thumbnail>
	<fanart>https://image.tmdb.org/t/p/w1280/xgkGSg09UQN3aIT1F6grKw9Kb5x.jpg</fanart>
</item>
<item>
	<title>Darby O'Gill and the Little People (1959)</title>
	<meta>
		<content>movie</content>
		<imdb>tt0052722</imdb>
		<title>Darby O'Gill and the Little People</title>
		<year>1959</year>
	</meta>
	<link>
		<sublink>search</sublink>
		<sublink>searchsd</sublink>
	</link>
	<thumbnail>https://image.tmdb.org/t/p/w1280none</thumbnail>
	<fanart>https://image.tmdb.org/t/p/w1280none</fanart>
</item>
<item>
	<title>Third Man on the Mountain (1959)</title>
	<meta>
		<content>movie</content>
		<imdb>tt0053352</imdb>
		<title>Third Man on the Mountain</title>
		<year>1959</year>
	</meta>
	<link>
		<sublink>search</sublink>
		<sublink>searchsd</sublink>
	</link>
	<thumbnail>https://image.tmdb.org/t/p/w1280none</thumbnail>
	<fanart>https://image.tmdb.org/t/p/w1280none</fanart>
</item>
<item>
	<title>Jungle Cat (1960)</title>
	<meta>
		<content>movie</content>
		<imdb>tt0053977</imdb>
		<title>Jungle Cat</title>
		<year>1960</year>
	</meta>
	<link>
		<sublink>search</sublink>
		<sublink>searchsd</sublink>
	</link>
	<thumbnail>https://image.tmdb.org/t/p/w1280none</thumbnail>
	<fanart>https://image.tmdb.org/t/p/w1280none</fanart>
</item>
<item>
	<title>Toby Tyler, or Ten Weeks with a Circus (1960)</title>
	<meta>
		<content>movie</content>
		<imdb>tt0054390</imdb>
		<title>Toby Tyler, or Ten Weeks with a Circus</title>
		<year>1960</year>
	</meta>
	<link>
		<sublink>search</sublink>
		<sublink>searchsd</sublink>
	</link>
	<thumbnail>https://image.tmdb.org/t/p/w1280none</thumbnail>
	<fanart>https://image.tmdb.org/t/p/w1280none</fanart>
</item>
<item>
	<title>Kidnapped (1960)</title>
	<meta>
		<content>movie</content>
		<imdb>tt0053994</imdb>
		<title>Kidnapped</title>
		<year>1960</year>
	</meta>
	<link>
		<sublink>search</sublink>
		<sublink>searchsd</sublink>
	</link>
	<thumbnail>https://image.tmdb.org/t/p/w1280none</thumbnail>
	<fanart>https://image.tmdb.org/t/p/w1280none</fanart>
</item>
<item>
	<title>Pollyanna (1960)</title>
	<meta>
		<content>movie</content>
		<imdb>tt0054195</imdb>
		<title>Pollyanna</title>
		<year>1960</year>
	</meta>
	<link>
		<sublink>search</sublink>
		<sublink>searchsd</sublink>
	</link>
	<thumbnail>https://image.tmdb.org/t/p/w1280none</thumbnail>
	<fanart>https://image.tmdb.org/t/p/w1280none</fanart>
</item>
<item>
	<title>The Sign of Zorro (1958)</title>
	<meta>
		<content>movie</content>
		<imdb>tt0054307</imdb>
		<title>The Sign of Zorro</title>
		<year>1958</year>
	</meta>
	<link>
		<sublink>search</sublink>
		<sublink>searchsd</sublink>
	</link>
	<thumbnail>https://image.tmdb.org/t/p/w1280none</thumbnail>
	<fanart>https://image.tmdb.org/t/p/w1280none</fanart>
</item>
<item>
	<title>Ten Who Dared (1960)</title>
	<meta>
		<content>movie</content>
		<imdb>tt0054372</imdb>
		<title>Ten Who Dared</title>
		<year>1960</year>
	</meta>
	<link>
		<sublink>search</sublink>
		<sublink>searchsd</sublink>
	</link>
	<thumbnail>https://image.tmdb.org/t/p/w1280none</thumbnail>
	<fanart>https://image.tmdb.org/t/p/w1280none</fanart>
</item>
<item>
	<title>Swiss Family Robinson (1960)</title>
	<meta>
		<content>movie</content>
		<imdb>tt0054357</imdb>
		<title>Swiss Family Robinson</title>
		<year>1960</year>
	</meta>
	<link>
		<sublink>search</sublink>
		<sublink>searchsd</sublink>
	</link>
	<thumbnail>https://image.tmdb.org/t/p/w1280none</thumbnail>
	<fanart>https://image.tmdb.org/t/p/w1280none</fanart>
</item>
<item>
	<title>101 Dalmatians (1961)</title>
	<meta>
		<content>movie</content>
		<imdb>tt0055254</imdb>
		<title>101 Dalmatians</title>
		<year>1961</year>
	</meta>
	<link>
		<sublink>search</sublink>
		<sublink>searchsd</sublink>
	</link>
	<thumbnail>https://image.tmdb.org/t/p/w1280none</thumbnail>
	<fanart>https://image.tmdb.org/t/p/w1280none</fanart>
</item>
<item>
	<title>The Absent Minded Professor (1961)</title>
	<meta>
		<content>movie</content>
		<imdb>tt0054594</imdb>
		<title>The Absent Minded Professor</title>
		<year>1961</year>
	</meta>
	<link>
		<sublink>search</sublink>
		<sublink>searchsd</sublink>
	</link>
	<thumbnail>https://image.tmdb.org/t/p/w1280none</thumbnail>
	<fanart>https://image.tmdb.org/t/p/w1280none</fanart>
</item>
<item>
	<title>The Parent Trap (1961)</title>
	<meta>
		<content>movie</content>
		<imdb>tt0055277</imdb>
		<title>The Parent Trap</title>
		<year>1961</year>
	</meta>
	<link>
		<sublink>search</sublink>
		<sublink>searchsd</sublink>
	</link>
	<thumbnail>https://image.tmdb.org/t/p/w1280none</thumbnail>
	<fanart>https://image.tmdb.org/t/p/w1280none</fanart>
</item>
<item>
	<title>Nikki, Wild Dog of the North (1961)</title>
	<meta>
		<content>movie</content>
		<imdb>tt0055232</imdb>
		<title>Nikki, Wild Dog of the North</title>
		<year>1961</year>
	</meta>
	<link>
		<sublink>search</sublink>
		<sublink>searchsd</sublink>
	</link>
	<thumbnail>https://image.tmdb.org/t/p/w1280none</thumbnail>
	<fanart>https://image.tmdb.org/t/p/w1280none</fanart>
</item>
<item>
	<title>Greyfriars Bobby: The True Story of a Dog (1961)</title>
	<meta>
		<content>movie</content>
		<imdb>tt0054944</imdb>
		<title>Greyfriars Bobby: The True Story of a Dog</title>
		<year>1961</year>
	</meta>
	<link>
		<sublink>search</sublink>
		<sublink>searchsd</sublink>
	</link>
	<thumbnail>https://image.tmdb.org/t/p/w1280none</thumbnail>
	<fanart>https://image.tmdb.org/t/p/w1280none</fanart>
</item>
<item>
	<title>Babes in Toyland (1961)</title>
	<meta>
		<content>movie</content>
		<imdb>tt0054649</imdb>
		<title>Babes in Toyland</title>
		<year>1961</year>
	</meta>
	<link>
		<sublink>search</sublink>
		<sublink>searchsd</sublink>
	</link>
	<thumbnail>https://image.tmdb.org/t/p/w1280none</thumbnail>
	<fanart>https://image.tmdb.org/t/p/w1280none</fanart>
</item>
<item>
	<title>Moon Pilot (1962)</title>
	<meta>
		<content>movie</content>
		<imdb>tt0056249</imdb>
		<title>Moon Pilot</title>
		<year>1962</year>
	</meta>
	<link>
		<sublink>search</sublink>
		<sublink>searchsd</sublink>
	</link>
	<thumbnail>https://image.tmdb.org/t/p/w1280none</thumbnail>
	<fanart>https://image.tmdb.org/t/p/w1280none</fanart>
</item>
<item>
	<title>Bon Voyage! (1962)</title>
	<meta>
		<content>movie</content>
		<imdb>tt0055807</imdb>
		<title>Bon Voyage!</title>
		<year>1962</year>
	</meta>
	<link>
		<sublink>search</sublink>
		<sublink>searchsd</sublink>
	</link>
	<thumbnail>https://image.tmdb.org/t/p/w1280none</thumbnail>
	<fanart>https://image.tmdb.org/t/p/w1280none</fanart>
</item>
<item>
	<title>Big Red (1962)</title>
	<meta>
		<content>movie</content>
		<imdb>tt0055793</imdb>
		<title>Big Red</title>
		<year>1962</year>
	</meta>
	<link>
		<sublink>search</sublink>
		<sublink>searchsd</sublink>
	</link>
	<thumbnail>https://image.tmdb.org/t/p/w1280none</thumbnail>
	<fanart>https://image.tmdb.org/t/p/w1280none</fanart>
</item>
<item>
	<title>Almost Angels (1962)</title>
	<meta>
		<content>movie</content>
		<imdb>tt0055740</imdb>
		<title>Almost Angels</title>
		<year>1962</year>
	</meta>
	<link>
		<sublink>search</sublink>
		<sublink>searchsd</sublink>
	</link>
	<thumbnail>https://image.tmdb.org/t/p/w1280none</thumbnail>
	<fanart>https://image.tmdb.org/t/p/w1280none</fanart>
</item>
<item>
	<title>The Legend of Lobo (1962)</title>
	<meta>
		<content>movie</content>
		<imdb>tt0056173</imdb>
		<title>The Legend of Lobo</title>
		<year>1962</year>
	</meta>
	<link>
		<sublink>search</sublink>
		<sublink>searchsd</sublink>
	</link>
	<thumbnail>https://image.tmdb.org/t/p/w1280none</thumbnail>
	<fanart>https://image.tmdb.org/t/p/w1280none</fanart>
</item>
<item>
	<title>In Search of the Castaways (1962)</title>
	<meta>
		<content>movie</content>
		<imdb>tt0056095</imdb>
		<title>In Search of the Castaways</title>
		<year>1962</year>
	</meta>
	<link>
		<sublink>search</sublink>
		<sublink>searchsd</sublink>
	</link>
	<thumbnail>https://image.tmdb.org/t/p/w1280none</thumbnail>
	<fanart>https://image.tmdb.org/t/p/w1280none</fanart>
</item>
<item>
	<title>Son of Flubber (1963)</title>
	<meta>
		<content>movie</content>
		<imdb>tt0057518</imdb>
		<title>Son of Flubber</title>
		<year>1963</year>
	</meta>
	<link>
		<sublink>search</sublink>
		<sublink>searchsd</sublink>
	</link>
	<thumbnail>https://image.tmdb.org/t/p/w1280none</thumbnail>
	<fanart>https://image.tmdb.org/t/p/w1280none</fanart>
</item>
<item>
	<title>Miracle of the White Stallions (1963)</title>
	<meta>
		<content>movie</content>
		<imdb>tt0057312</imdb>
		<title>Miracle of the White Stallions</title>
		<year>1963</year>
	</meta>
	<link>
		<sublink>search</sublink>
		<sublink>searchsd</sublink>
	</link>
	<thumbnail>https://image.tmdb.org/t/p/w1280none</thumbnail>
	<fanart>https://image.tmdb.org/t/p/w1280none</fanart>
</item>
<item>
	<title>Savage Sam (1963)</title>
	<meta>
		<content>movie</content>
		<imdb>tt0057473</imdb>
		<title>Savage Sam</title>
		<year>1963</year>
	</meta>
	<link>
		<sublink>search</sublink>
		<sublink>searchsd</sublink>
	</link>
	<thumbnail>https://image.tmdb.org/t/p/w1280none</thumbnail>
	<fanart>https://image.tmdb.org/t/p/w1280none</fanart>
</item>
<item>
	<title>Summer Magic (1963)</title>
	<meta>
		<content>movie</content>
		<imdb>tt0057542</imdb>
		<title>Summer Magic</title>
		<year>1963</year>
	</meta>
	<link>
		<sublink>search</sublink>
		<sublink>searchsd</sublink>
	</link>
	<thumbnail>https://image.tmdb.org/t/p/w1280none</thumbnail>
	<fanart>https://image.tmdb.org/t/p/w1280none</fanart>
</item>
<item>
	<title>The Incredible Journey (1963)</title>
	<meta>
		<content>movie</content>
		<imdb>tt0057180</imdb>
		<title>The Incredible Journey</title>
		<year>1963</year>
	</meta>
	<link>
		<sublink>search</sublink>
		<sublink>searchsd</sublink>
	</link>
	<thumbnail>https://image.tmdb.org/t/p/w1280none</thumbnail>
	<fanart>https://image.tmdb.org/t/p/w1280none</fanart>
</item>
<item>
	<title>The Sword in the Stone (1963)</title>
	<meta>
		<content>movie</content>
		<imdb>tt0057546</imdb>
		<title>The Sword in the Stone</title>
		<year>1963</year>
	</meta>
	<link>
		<sublink>search</sublink>
		<sublink>searchsd</sublink>
	</link>
	<thumbnail>https://image.tmdb.org/t/p/w1280none</thumbnail>
	<fanart>https://image.tmdb.org/t/p/w1280none</fanart>
</item>
<item>
	<title>A Tiger Walks (1964)</title>
	<meta>
		<content>movie</content>
		<imdb>tt0058657</imdb>
		<title>A Tiger Walks</title>
		<year>1964</year>
	</meta>
	<link>
		<sublink>search</sublink>
		<sublink>searchsd</sublink>
	</link>
	<thumbnail>https://image.tmdb.org/t/p/w1280none</thumbnail>
	<fanart>https://image.tmdb.org/t/p/w1280none</fanart>
</item>
<item>
	<title>The Misadventures of Merlin Jones (1964)</title>
	<meta>
		<content>movie</content>
		<imdb>tt0058355</imdb>
		<title>The Misadventures of Merlin Jones</title>
		<year>1964</year>
	</meta>
	<link>
		<sublink>search</sublink>
		<sublink>searchsd</sublink>
	</link>
	<thumbnail>https://image.tmdb.org/t/p/w1280none</thumbnail>
	<fanart>https://image.tmdb.org/t/p/w1280none</fanart>
</item>
<item>
	<title>The Three Lives of Thomasina (1963)</title>
	<meta>
		<content>movie</content>
		<imdb>tt0057579</imdb>
		<title>The Three Lives of Thomasina</title>
		<year>1963</year>
	</meta>
	<link>
		<sublink>search</sublink>
		<sublink>searchsd</sublink>
	</link>
	<thumbnail>https://image.tmdb.org/t/p/w1280none</thumbnail>
	<fanart>https://image.tmdb.org/t/p/w1280none</fanart>
</item>
<item>
	<title>The Moon-Spinners (1964)</title>
	<meta>
		<content>movie</content>
		<imdb>tt0058371</imdb>
		<title>The Moon-Spinners</title>
		<year>1964</year>
	</meta>
	<link>
		<sublink>search</sublink>
		<sublink>searchsd</sublink>
	</link>
	<thumbnail>https://image.tmdb.org/t/p/w1280none</thumbnail>
	<fanart>https://image.tmdb.org/t/p/w1280none</fanart>
</item>
<item>
	<title>Mary Poppins (1964)</title>
	<meta>
		<content>movie</content>
		<imdb>tt0058331</imdb>
		<title>Mary Poppins</title>
		<year>1964</year>
	</meta>
	<link>
		<sublink>search</sublink>
		<sublink>searchsd</sublink>
	</link>
	<thumbnail>https://image.tmdb.org/t/p/w1280none</thumbnail>
	<fanart>https://image.tmdb.org/t/p/w1280none</fanart>
</item>
<item>
	<title>Emil and the Detectives (1964)</title>
	<meta>
		<content>movie</content>
		<imdb>tt0058056</imdb>
		<title>Emil and the Detectives</title>
		<year>1964</year>
	</meta>
	<link>
		<sublink>search</sublink>
		<sublink>searchsd</sublink>
	</link>
	<thumbnail>https://image.tmdb.org/t/p/w1280none</thumbnail>
	<fanart>https://image.tmdb.org/t/p/w1280none</fanart>
</item>
<item>
	<title>Those Calloways (1965)</title>
	<meta>
		<content>movie</content>
		<imdb>tt0059796</imdb>
		<title>Those Calloways</title>
		<year>1965</year>
	</meta>
	<link>
		<sublink>search</sublink>
		<sublink>searchsd</sublink>
	</link>
	<thumbnail>https://image.tmdb.org/t/p/w1280none</thumbnail>
	<fanart>https://image.tmdb.org/t/p/w1280none</fanart>
</item>
<item>
	<title>The Monkey's Uncle (1965)</title>
	<meta>
		<content>movie</content>
		<imdb>tt0059462</imdb>
		<title>The Monkey's Uncle</title>
		<year>1965</year>
	</meta>
	<link>
		<sublink>search</sublink>
		<sublink>searchsd</sublink>
	</link>
	<thumbnail>https://image.tmdb.org/t/p/w1280none</thumbnail>
	<fanart>https://image.tmdb.org/t/p/w1280none</fanart>
</item>
<item>
	<title>That Darn Cat! (1965)</title>
	<meta>
		<content>movie</content>
		<imdb>tt0059793</imdb>
		<title>That Darn Cat!</title>
		<year>1965</year>
	</meta>
	<link>
		<sublink>search</sublink>
		<sublink>searchsd</sublink>
	</link>
	<thumbnail>https://image.tmdb.org/t/p/w1280none</thumbnail>
	<fanart>https://image.tmdb.org/t/p/w1280none</fanart>
</item>
<item>
	<title>The Ugly Dachshund (1966)</title>
	<meta>
		<content>movie</content>
		<imdb>tt0061135</imdb>
		<title>The Ugly Dachshund</title>
		<year>1966</year>
	</meta>
	<link>
		<sublink>search</sublink>
		<sublink>searchsd</sublink>
	</link>
	<thumbnail>https://image.tmdb.org/t/p/w1280none</thumbnail>
	<fanart>https://image.tmdb.org/t/p/w1280none</fanart>
</item>
<item>
	<title>Lt. Robin Crusoe, U.S.N. (1966)</title>
	<meta>
		<content>movie</content>
		<imdb>tt0060640</imdb>
		<title>Lt. Robin Crusoe, U.S.N.</title>
		<year>1966</year>
	</meta>
	<link>
		<sublink>search</sublink>
		<sublink>searchsd</sublink>
	</link>
	<thumbnail>https://image.tmdb.org/t/p/w1280none</thumbnail>
	<fanart>https://image.tmdb.org/t/p/w1280none</fanart>
</item>
<item>
	<title>The Fighting Prince of Donegal (1966)</title>
	<meta>
		<content>movie</content>
		<imdb>tt0060408</imdb>
		<title>The Fighting Prince of Donegal</title>
		<year>1966</year>
	</meta>
	<link>
		<sublink>search</sublink>
		<sublink>searchsd</sublink>
	</link>
	<thumbnail>https://image.tmdb.org/t/p/w1280none</thumbnail>
	<fanart>https://image.tmdb.org/t/p/w1280none</fanart>
</item>
<item>
	<title>Follow Me, Boys! (1966)</title>
	<meta>
		<content>movie</content>
		<imdb>tt0060420</imdb>
		<title>Follow Me, Boys!</title>
		<year>1966</year>
	</meta>
	<link>
		<sublink>search</sublink>
		<sublink>searchsd</sublink>
	</link>
	<thumbnail>https://image.tmdb.org/t/p/w1280none</thumbnail>
	<fanart>https://image.tmdb.org/t/p/w1280none</fanart>
</item>
<item>
	<title>Monkeys, Go Home! (1967)</title>
	<meta>
		<content>movie</content>
		<imdb>tt0061989</imdb>
		<title>Monkeys, Go Home!</title>
		<year>1967</year>
	</meta>
	<link>
		<sublink>search</sublink>
		<sublink>searchsd</sublink>
	</link>
	<thumbnail>https://image.tmdb.org/t/p/w1280none</thumbnail>
	<fanart>https://image.tmdb.org/t/p/w1280none</fanart>
</item>
<item>
	<title>The Adventures of Bullwhip Griffin (1967)</title>
	<meta>
		<content>movie</content>
		<imdb>tt0061333</imdb>
		<title>The Adventures of Bullwhip Griffin</title>
		<year>1967</year>
	</meta>
	<link>
		<sublink>search</sublink>
		<sublink>searchsd</sublink>
	</link>
	<thumbnail>https://image.tmdb.org/t/p/w1280none</thumbnail>
	<fanart>https://image.tmdb.org/t/p/w1280none</fanart>
</item>
<item>
	<title>The Gnome-Mobile (1967)</title>
	<meta>
		<content>movie</content>
		<imdb>tt0061715</imdb>
		<title>The Gnome-Mobile</title>
		<year>1967</year>
	</meta>
	<link>
		<sublink>search</sublink>
		<sublink>searchsd</sublink>
	</link>
	<thumbnail>https://image.tmdb.org/t/p/w1280none</thumbnail>
	<fanart>https://image.tmdb.org/t/p/w1280none</fanart>
</item>
<item>
	<title>The Jungle Book (I) (1967)</title>
	<meta>
		<content>movie</content>
		<imdb>tt0061852</imdb>
		<title>The Jungle Book</title>
		<year>I 1967</year>
	</meta>
	<link>
		<sublink>search</sublink>
		<sublink>searchsd</sublink>
	</link>
	<thumbnail>https://image.tmdb.org/t/p/w1280none</thumbnail>
	<fanart>https://image.tmdb.org/t/p/w1280none</fanart>
</item>
<item>
	<title>Charlie, the Lonesome Cougar (1967)</title>
	<meta>
		<content>movie</content>
		<imdb>tt0062793</imdb>
		<title>Charlie, the Lonesome Cougar</title>
		<year>1967</year>
	</meta>
	<link>
		<sublink>search</sublink>
		<sublink>searchsd</sublink>
	</link>
	<thumbnail>https://image.tmdb.org/t/p/w1280none</thumbnail>
	<fanart>https://image.tmdb.org/t/p/w1280none</fanart>
</item>
<item>
	<title>The Happiest Millionaire (1967)</title>
	<meta>
		<content>movie</content>
		<imdb>tt0061749</imdb>
		<title>The Happiest Millionaire</title>
		<year>1967</year>
	</meta>
	<link>
		<sublink>search</sublink>
		<sublink>searchsd</sublink>
	</link>
	<thumbnail>https://image.tmdb.org/t/p/w1280none</thumbnail>
	<fanart>https://image.tmdb.org/t/p/w1280none</fanart>
</item>
<item>
	<title>Blackbeard's Ghost (1968)</title>
	<meta>
		<content>movie</content>
		<imdb>tt0062737</imdb>
		<title>Blackbeard's Ghost</title>
		<year>1968</year>
	</meta>
	<link>
		<sublink>search</sublink>
		<sublink>searchsd</sublink>
	</link>
	<thumbnail>https://image.tmdb.org/t/p/w1280none</thumbnail>
	<fanart>https://image.tmdb.org/t/p/w1280none</fanart>
</item>
<item>
	<title>The One and Only, Genuine, Original Family Band (1968)</title>
	<meta>
		<content>movie</content>
		<imdb>tt0063389</imdb>
		<title>The One and Only, Genuine, Original Family Band</title>
		<year>1968</year>
	</meta>
	<link>
		<sublink>search</sublink>
		<sublink>searchsd</sublink>
	</link>
	<thumbnail>https://image.tmdb.org/t/p/w1280none</thumbnail>
	<fanart>https://image.tmdb.org/t/p/w1280none</fanart>
</item>
<item>
	<title>Never a Dull Moment (1968)</title>
	<meta>
		<content>movie</content>
		<imdb>tt0063341</imdb>
		<title>Never a Dull Moment</title>
		<year>1968</year>
	</meta>
	<link>
		<sublink>search</sublink>
		<sublink>searchsd</sublink>
	</link>
	<thumbnail>https://image.tmdb.org/t/p/w1280none</thumbnail>
	<fanart>https://image.tmdb.org/t/p/w1280none</fanart>
</item>
<item>
	<title>The Horse in the Gray Flannel Suit (1968)</title>
	<meta>
		<content>movie</content>
		<imdb>tt0063091</imdb>
		<title>The Horse in the Gray Flannel Suit</title>
		<year>1968</year>
	</meta>
	<link>
		<sublink>search</sublink>
		<sublink>searchsd</sublink>
	</link>
	<thumbnail>https://image.tmdb.org/t/p/w1280none</thumbnail>
	<fanart>https://image.tmdb.org/t/p/w1280none</fanart>
</item>
<item>
	<title>The Love Bug (1968)</title>
	<meta>
		<content>movie</content>
		<imdb>tt0064603</imdb>
		<title>The Love Bug</title>
		<year>1968</year>
	</meta>
	<link>
		<sublink>search</sublink>
		<sublink>searchsd</sublink>
	</link>
	<thumbnail>https://image.tmdb.org/t/p/w1280none</thumbnail>
	<fanart>https://image.tmdb.org/t/p/w1280none</fanart>
</item>
<item>
	<title>Smith! (1969)</title>
	<meta>
		<content>movie</content>
		<imdb>tt0065003</imdb>
		<title>Smith!</title>
		<year>1969</year>
	</meta>
	<link>
		<sublink>search</sublink>
		<sublink>searchsd</sublink>
	</link>
	<thumbnail>https://image.tmdb.org/t/p/w1280none</thumbnail>
	<fanart>https://image.tmdb.org/t/p/w1280none</fanart>
</item>
<item>
	<title>Rascal (1969)</title>
	<meta>
		<content>movie</content>
		<imdb>tt0064875</imdb>
		<title>Rascal</title>
		<year>1969</year>
	</meta>
	<link>
		<sublink>search</sublink>
		<sublink>searchsd</sublink>
	</link>
	<thumbnail>https://image.tmdb.org/t/p/w1280none</thumbnail>
	<fanart>https://image.tmdb.org/t/p/w1280none</fanart>
</item>
<item>
	<title>The Computer Wore Tennis Shoes (1969)</title>
	<meta>
		<content>movie</content>
		<imdb>tt0065566</imdb>
		<title>The Computer Wore Tennis Shoes</title>
		<year>1969</year>
	</meta>
	<link>
		<sublink>search</sublink>
		<sublink>searchsd</sublink>
	</link>
	<thumbnail>https://image.tmdb.org/t/p/w1280none</thumbnail>
	<fanart>https://image.tmdb.org/t/p/w1280none</fanart>
</item>
<item>
	<title>King of the Grizzlies (1970)</title>
	<meta>
		<content>movie</content>
		<imdb>tt0065943</imdb>
		<title>King of the Grizzlies</title>
		<year>1970</year>
	</meta>
	<link>
		<sublink>search</sublink>
		<sublink>searchsd</sublink>
	</link>
	<thumbnail>https://image.tmdb.org/t/p/w1280none</thumbnail>
	<fanart>https://image.tmdb.org/t/p/w1280none</fanart>
</item>
<item>
	<title>The Boatniks (1970)</title>
	<meta>
		<content>movie</content>
		<imdb>tt0065482</imdb>
		<title>The Boatniks</title>
		<year>1970</year>
	</meta>
	<link>
		<sublink>search</sublink>
		<sublink>searchsd</sublink>
	</link>
	<thumbnail>https://image.tmdb.org/t/p/w1280none</thumbnail>
	<fanart>https://image.tmdb.org/t/p/w1280none</fanart>
</item>
<item>
	<title>The Wild Country (1970)</title>
	<meta>
		<content>movie</content>
		<imdb>tt0067985</imdb>
		<title>The Wild Country</title>
		<year>1970</year>
	</meta>
	<link>
		<sublink>search</sublink>
		<sublink>searchsd</sublink>
	</link>
	<thumbnail>https://image.tmdb.org/t/p/w1280none</thumbnail>
	<fanart>https://image.tmdb.org/t/p/w1280none</fanart>
</item>
<item>
	<title>The AristoCats (1970)</title>
	<meta>
		<content>movie</content>
		<imdb>tt0065421</imdb>
		<title>The AristoCats</title>
		<year>1970</year>
	</meta>
	<link>
		<sublink>search</sublink>
		<sublink>searchsd</sublink>
	</link>
	<thumbnail>https://image.tmdb.org/t/p/w1280none</thumbnail>
	<fanart>https://image.tmdb.org/t/p/w1280none</fanart>
</item>
<item>
	<title>The Barefoot Executive (1971)</title>
	<meta>
		<content>movie</content>
		<imdb>tt0066811</imdb>
		<title>The Barefoot Executive</title>
		<year>1971</year>
	</meta>
	<link>
		<sublink>search</sublink>
		<sublink>searchsd</sublink>
	</link>
	<thumbnail>https://image.tmdb.org/t/p/w1280none</thumbnail>
	<fanart>https://image.tmdb.org/t/p/w1280none</fanart>
</item>
<item>
	<title>Scandalous John (1971)</title>
	<meta>
		<content>movie</content>
		<imdb>tt0067712</imdb>
		<title>Scandalous John</title>
		<year>1971</year>
	</meta>
	<link>
		<sublink>search</sublink>
		<sublink>searchsd</sublink>
	</link>
	<thumbnail>https://image.tmdb.org/t/p/w1280/8KbITraPK0evQWPvrji0obNhmRB.jpg</thumbnail>
	<fanart>https://image.tmdb.org/t/p/w1280none</fanart>
</item>
<dir>
	<title>[COLOR white]Next Page >>[/COLOR]</title>
	<imdburl>list/ls068120998/?page=2</imdburl>
	<thumbnail>https://image.ibb.co/gtsNjw/next.png</thumbnail>
</dir>
