<item>
	<title>Terminator 2 (1991)</title>
	<meta>
		<content>movie</content>
		<imdb>tt0103064</imdb>
		<title>Terminator 2</title>
		<year>1991</year>
	</meta>
	<link>
		<sublink>search</sublink>
		<sublink>searchsd</sublink>
	</link>
	<thumbnail>https://image.tmdb.org/t/p/w1280/2y4dmgWYRMYXdD1UyJVcn2HSd1D.jpg</thumbnail>
	<fanart>https://image.tmdb.org/t/p/w1280/d9AqtruwS8nljKjL5aYzM42hQJr.jpg</fanart>
</item>
<item>
	<title>Far Cry 3: Blood Dragon (2013 Video Game)</title>
	<meta>
		<content>movie</content>
		<imdb>tt2839486</imdb>
		<title>Far Cry 3: Blood Dragon</title>
		<year>2013 Video Game</year>
	</meta>
	<link>
		<sublink>search</sublink>
		<sublink>searchsd</sublink>
	</link>
	<thumbnail>https://image.tmdb.org/t/p/w1280none</thumbnail>
	<fanart>https://image.tmdb.org/t/p/w1280none</fanart>
</item>
<item>
	<title>Nemesis (1992)</title>
	<meta>
		<content>movie</content>
		<imdb>tt0107668</imdb>
		<title>Nemesis</title>
		<year>1992</year>
	</meta>
	<link>
		<sublink>search</sublink>
		<sublink>searchsd</sublink>
	</link>
	<thumbnail>https://image.tmdb.org/t/p/w1280/klAvhy1F3f2jOS7CCUeQ9JTLo5c.jpg</thumbnail>
	<fanart>https://image.tmdb.org/t/p/w1280/2frYzn80IRK2m4BNCVov5Bky6Ok.jpg</fanart>
</item>
<item>
	<title>A.P.E.X. (1994)</title>
	<meta>
		<content>movie</content>
		<imdb>tt0109144</imdb>
		<title>A.P.E.X.</title>
		<year>1994</year>
	</meta>
	<link>
		<sublink>search</sublink>
		<sublink>searchsd</sublink>
	</link>
	<thumbnail>https://image.tmdb.org/t/p/w1280/edybDn1VpNTw7OjtRrWFYrROfN.jpg</thumbnail>
	<fanart>https://image.tmdb.org/t/p/w1280/bMg2FDS9JOML3aCOu1k6Hk3z9ET.jpg</fanart>
</item>
<item>
	<title>Johnny Mnemonic (1995)</title>
	<meta>
		<content>movie</content>
		<imdb>tt0113481</imdb>
		<title>Johnny Mnemonic</title>
		<year>1995</year>
	</meta>
	<link>
		<sublink>search</sublink>
		<sublink>searchsd</sublink>
	</link>
	<thumbnail>https://image.tmdb.org/t/p/w1280/s9LyQtKhfUcQlZEw8hJLP6XqroO.jpg</thumbnail>
	<fanart>https://image.tmdb.org/t/p/w1280/vNsGZPwf45rA3BrXEu8TVRwSqKF.jpg</fanart>
</item>
<item>
	<title>Tank Girl (1995)</title>
	<meta>
		<content>movie</content>
		<imdb>tt0114614</imdb>
		<title>Tank Girl</title>
		<year>1995</year>
	</meta>
	<link>
		<sublink>search</sublink>
		<sublink>searchsd</sublink>
	</link>
	<thumbnail>https://image.tmdb.org/t/p/w1280/n3QWQhb5oVJxTLNKMLmA9xC5XwB.jpg</thumbnail>
	<fanart>https://image.tmdb.org/t/p/w1280/7h9o929I810HCI0ahTLYOTSUxVu.jpg</fanart>
</item>
<item>
	<title>The Terminator (1984)</title>
	<meta>
		<content>movie</content>
		<imdb>tt0088247</imdb>
		<title>The Terminator</title>
		<year>1984</year>
	</meta>
	<link>
		<sublink>search</sublink>
		<sublink>searchsd</sublink>
	</link>
	<thumbnail>https://image.tmdb.org/t/p/w1280/q8ffBuxQlYOHrvPniLgCbmKK4Lv.jpg</thumbnail>
	<fanart>https://image.tmdb.org/t/p/w1280/6yFoLNQgFdVbA8TZMdfgVpszOla.jpg</fanart>
</item>
<item>
	<title>Cyborg (1989)</title>
	<meta>
		<content>movie</content>
		<imdb>tt0097138</imdb>
		<title>Cyborg</title>
		<year>1989</year>
	</meta>
	<link>
		<sublink>search</sublink>
		<sublink>searchsd</sublink>
	</link>
	<thumbnail>https://image.tmdb.org/t/p/w1280/nOspcG8HP6KPdMvzezavRbzYCEw.jpg</thumbnail>
	<fanart>https://image.tmdb.org/t/p/w1280/ai4n0mJxMWT3INPsB8B0BvGwNx7.jpg</fanart>
</item>
<item>
	<title>Timecop (1994)</title>
	<meta>
		<content>movie</content>
		<imdb>tt0111438</imdb>
		<title>Timecop</title>
		<year>1994</year>
	</meta>
	<link>
		<sublink>search</sublink>
		<sublink>searchsd</sublink>
	</link>
	<thumbnail>https://image.tmdb.org/t/p/w1280/jCuhVKfj0vvR7iH8D5Aa0Q1ZX8e.jpg</thumbnail>
	<fanart>https://image.tmdb.org/t/p/w1280/3iDik1VJkpZbmUNNOKHlWKu3or4.jpg</fanart>
</item>
<item>
	<title>Barb Wire (1996)</title>
	<meta>
		<content>movie</content>
		<imdb>tt0115624</imdb>
		<title>Barb Wire</title>
		<year>1996</year>
	</meta>
	<link>
		<sublink>search</sublink>
		<sublink>searchsd</sublink>
	</link>
	<thumbnail>https://image.tmdb.org/t/p/w1280/7i4kiXdS79K39BTSYJskartxfe7.jpg</thumbnail>
	<fanart>https://image.tmdb.org/t/p/w1280/vLgIw0OVQhPidYuXev5MJ7cksvh.jpg</fanart>
</item>
<item>
	<title>Blade Runner (1982)</title>
	<meta>
		<content>movie</content>
		<imdb>tt0083658</imdb>
		<title>Blade Runner</title>
		<year>1982</year>
	</meta>
	<link>
		<sublink>search</sublink>
		<sublink>searchsd</sublink>
	</link>
	<thumbnail>https://image.tmdb.org/t/p/w1280/p64TtbZGCElxQHpAMWmDHkWJlH2.jpg</thumbnail>
	<fanart>https://image.tmdb.org/t/p/w1280/5hJ0XDCxE3qGfp1H3h7HQP9rLfU.jpg</fanart>
</item>
<item>
	<title>RoboCop (1987)</title>
	<meta>
		<content>movie</content>
		<imdb>tt0093870</imdb>
		<title>RoboCop</title>
		<year>1987</year>
	</meta>
	<link>
		<sublink>search</sublink>
		<sublink>searchsd</sublink>
	</link>
	<thumbnail>https://image.tmdb.org/t/p/w1280/gtGreTdzYBuQsEwTliEFdTzPleV.jpg</thumbnail>
	<fanart>https://image.tmdb.org/t/p/w1280/cCu1TazB95Fykw3min9W0lgLNUs.jpg</fanart>
</item>
<item>
	<title>Predator (1987)</title>
	<meta>
		<content>movie</content>
		<imdb>tt0093773</imdb>
		<title>Predator</title>
		<year>1987</year>
	</meta>
	<link>
		<sublink>search</sublink>
		<sublink>searchsd</sublink>
	</link>
	<thumbnail>https://image.tmdb.org/t/p/w1280/p6fhq04t75yCfE0kSTNZGQvWuQ1.jpg</thumbnail>
	<fanart>https://image.tmdb.org/t/p/w1280/zWnab2rDPLAyVY5i6OUv9jPTzCc.jpg</fanart>
</item>
<item>
	<title>Predators (2010)</title>
	<meta>
		<content>movie</content>
		<imdb>tt1424381</imdb>
		<title>Predators</title>
		<year>2010</year>
	</meta>
	<link>
		<sublink>search</sublink>
		<sublink>searchsd</sublink>
	</link>
	<thumbnail>https://image.tmdb.org/t/p/w1280/wdniP8NDaJIydi1hMxhpbJMUfr6.jpg</thumbnail>
	<fanart>https://image.tmdb.org/t/p/w1280/sLn5HvFwLIL7Fof2Jj0JEeJSrGC.jpg</fanart>
</item>
<item>
	<title>Judge Dredd (1995)</title>
	<meta>
		<content>movie</content>
		<imdb>tt0113492</imdb>
		<title>Judge Dredd</title>
		<year>1995</year>
	</meta>
	<link>
		<sublink>search</sublink>
		<sublink>searchsd</sublink>
	</link>
	<thumbnail>https://image.tmdb.org/t/p/w1280/r17S4XlQ3Jq5U1KRovFUwU8P4aG.jpg</thumbnail>
	<fanart>https://image.tmdb.org/t/p/w1280/mSZADd1N0wWkkNJmwcpYAq93bke.jpg</fanart>
</item>
<item>
	<title>Demolition Man (1993)</title>
	<meta>
		<content>movie</content>
		<imdb>tt0106697</imdb>
		<title>Demolition Man</title>
		<year>1993</year>
	</meta>
	<link>
		<sublink>search</sublink>
		<sublink>searchsd</sublink>
	</link>
	<thumbnail>https://image.tmdb.org/t/p/w1280/k0PN3Ho12cGGIVJW7SCS7apLYaP.jpg</thumbnail>
	<fanart>https://image.tmdb.org/t/p/w1280/fj6nbVd7FVENNLtusyd1U8bcUFu.jpg</fanart>
</item>
<item>
	<title>Total Recall (1990)</title>
	<meta>
		<content>movie</content>
		<imdb>tt0100802</imdb>
		<title>Total Recall</title>
		<year>1990</year>
	</meta>
	<link>
		<sublink>search</sublink>
		<sublink>searchsd</sublink>
	</link>
	<thumbnail>https://image.tmdb.org/t/p/w1280/ikYpJ0AjGBNnAYFnPJDUVIOcduR.jpg</thumbnail>
	<fanart>https://image.tmdb.org/t/p/w1280/rPqCxVXBD89jeWMgJU3MeFA6GDV.jpg</fanart>
</item>
<item>
	<title>The Matrix (1999)</title>
	<meta>
		<content>movie</content>
		<imdb>tt0133093</imdb>
		<title>The Matrix</title>
		<year>1999</year>
	</meta>
	<link>
		<sublink>search</sublink>
		<sublink>searchsd</sublink>
	</link>
	<thumbnail>https://image.tmdb.org/t/p/w1280/hEpWvX6Bp79eLxY1kX5ZZJcme5U.jpg</thumbnail>
	<fanart>https://image.tmdb.org/t/p/w1280/dbBwK83VsgkDPvDLk9FcpzTDExh.jpg</fanart>
</item>
<item>
	<title>Ghost in the Shell (1995)</title>
	<meta>
		<content>movie</content>
		<imdb>tt0113568</imdb>
		<title>Ghost in the Shell</title>
		<year>1995</year>
	</meta>
	<link>
		<sublink>search</sublink>
		<sublink>searchsd</sublink>
	</link>
	<thumbnail>https://image.tmdb.org/t/p/w1280/9gC88zYUBARRSThcG93MvW14sqx.jpg</thumbnail>
	<fanart>https://image.tmdb.org/t/p/w1280/m1LUdsYnFThcrbvRzlpbsFioEQT.jpg</fanart>
</item>
<item>
	<title>Stargate (1994)</title>
	<meta>
		<content>movie</content>
		<imdb>tt0111282</imdb>
		<title>Stargate</title>
		<year>1994</year>
	</meta>
	<link>
		<sublink>search</sublink>
		<sublink>searchsd</sublink>
	</link>
	<thumbnail>https://image.tmdb.org/t/p/w1280/39WsfbB5BshvdbPAYRFXdsjC481.jpg</thumbnail>
	<fanart>https://image.tmdb.org/t/p/w1280/vgnrUb8KbV3S8gVUcq6rXng9cnz.jpg</fanart>
</item>
<item>
	<title>Barbarella (1968)</title>
	<meta>
		<content>movie</content>
		<imdb>tt0062711</imdb>
		<title>Barbarella</title>
		<year>1968</year>
	</meta>
	<link>
		<sublink>search</sublink>
		<sublink>searchsd</sublink>
	</link>
	<thumbnail>https://image.tmdb.org/t/p/w1280/fntrx2BzHkdSNFe5jkgP09XsK7g.jpg</thumbnail>
	<fanart>https://image.tmdb.org/t/p/w1280/bl4Xj9db0mnJly9RXkwvMqPlmGP.jpg</fanart>
</item>
<item>
	<title>Event Horizon (1997)</title>
	<meta>
		<content>movie</content>
		<imdb>tt0119081</imdb>
		<title>Event Horizon</title>
		<year>1997</year>
	</meta>
	<link>
		<sublink>search</sublink>
		<sublink>searchsd</sublink>
	</link>
	<thumbnail>https://image.tmdb.org/t/p/w1280/vo02iJLsem3VCJ2TNvSzRiJMpAE.jpg</thumbnail>
	<fanart>https://image.tmdb.org/t/p/w1280/u2hltGUbjJLD9DnmpTNp0Ywly2I.jpg</fanart>
</item>
<item>
	<title>Twelve Monkeys (1995)</title>
	<meta>
		<content>movie</content>
		<imdb>tt0114746</imdb>
		<title>Twelve Monkeys</title>
		<year>1995</year>
	</meta>
	<link>
		<sublink>search</sublink>
		<sublink>searchsd</sublink>
	</link>
	<thumbnail>https://image.tmdb.org/t/p/w1280/6Sj9wDu3YugthXsU0Vry5XFAZGg.jpg</thumbnail>
	<fanart>https://image.tmdb.org/t/p/w1280/6KXbhaxkgExC5EdDqAzRinhmoZ8.jpg</fanart>
</item>
<item>
	<title>Watchmen (2009)</title>
	<meta>
		<content>movie</content>
		<imdb>tt0409459</imdb>
		<title>Watchmen</title>
		<year>2009</year>
	</meta>
	<link>
		<sublink>search</sublink>
		<sublink>searchsd</sublink>
	</link>
	<thumbnail>https://image.tmdb.org/t/p/w1280/1QqwJBv5a6ddgzaT6cLytJioyrJ.jpg</thumbnail>
	<fanart>https://image.tmdb.org/t/p/w1280/ok6Ws65nDSLAIKkKgIjqyM5OGCc.jpg</fanart>
</item>
<item>
	<title>American Cyborg: Steel Warrior (1993)</title>
	<meta>
		<content>movie</content>
		<imdb>tt0109098</imdb>
		<title>American Cyborg: Steel Warrior</title>
		<year>1993</year>
	</meta>
	<link>
		<sublink>search</sublink>
		<sublink>searchsd</sublink>
	</link>
	<thumbnail>https://image.tmdb.org/t/p/w1280/l08LowJTVZnFWywSa8q3TTXxRJI.jpg</thumbnail>
	<fanart>https://image.tmdb.org/t/p/w1280/78qft1CcZEqmjmkmITPImVGzhMc.jpg</fanart>
</item>
<item>
	<title>Cyborg Cop (1993)</title>
	<meta>
		<content>movie</content>
		<imdb>tt0109517</imdb>
		<title>Cyborg Cop</title>
		<year>1993</year>
	</meta>
	<link>
		<sublink>search</sublink>
		<sublink>searchsd</sublink>
	</link>
	<thumbnail>https://image.tmdb.org/t/p/w1280/imTBB3Q2dr5tZsKkbmlkYaoDBrP.jpg</thumbnail>
	<fanart>https://image.tmdb.org/t/p/w1280/rGKMRNr5pskCSk1ZoU4htmPrbjc.jpg</fanart>
</item>
<item>
	<title>Omega Doom (1996)</title>
	<meta>
		<content>movie</content>
		<imdb>tt0117238</imdb>
		<title>Omega Doom</title>
		<year>1996</year>
	</meta>
	<link>
		<sublink>search</sublink>
		<sublink>searchsd</sublink>
	</link>
	<thumbnail>https://image.tmdb.org/t/p/w1280/qv1pcO0reE85Doet0erBsOQEWPC.jpg</thumbnail>
	<fanart>https://image.tmdb.org/t/p/w1280/p3N3x2TWn2s5ZehmnNXjQoMNsKN.jpg</fanart>
</item>
<item>
	<title>The Omega Man (1971)</title>
	<meta>
		<content>movie</content>
		<imdb>tt0067525</imdb>
		<title>The Omega Man</title>
		<year>1971</year>
	</meta>
	<link>
		<sublink>search</sublink>
		<sublink>searchsd</sublink>
	</link>
	<thumbnail>https://image.tmdb.org/t/p/w1280/kHd0BZtBfOTph7YUggtDF6EoQ9W.jpg</thumbnail>
	<fanart>https://image.tmdb.org/t/p/w1280/dtPe0y1F4XtpEEOwTpaZXXxXfNU.jpg</fanart>
</item>
<item>
	<title>The Punisher (1989)</title>
	<meta>
		<content>movie</content>
		<imdb>tt0098141</imdb>
		<title>The Punisher</title>
		<year>1989</year>
	</meta>
	<link>
		<sublink>search</sublink>
		<sublink>searchsd</sublink>
	</link>
	<thumbnail>https://image.tmdb.org/t/p/w1280/9OjFAb9r21TNJIbbMVAZtbj3I60.jpg</thumbnail>
	<fanart>https://image.tmdb.org/t/p/w1280/uVlIDxjubb3Trk18NhMCf7b3yiN.jpg</fanart>
</item>
<item>
	<title>Automatic (1995)</title>
	<meta>
		<content>movie</content>
		<imdb>tt0109178</imdb>
		<title>Automatic</title>
		<year>1995</year>
	</meta>
	<link>
		<sublink>search</sublink>
		<sublink>searchsd</sublink>
	</link>
	<thumbnail>https://image.tmdb.org/t/p/w1280/xZWETLWVQ4b9Xu2EruLxyBzXyoO.jpg</thumbnail>
	<fanart>https://image.tmdb.org/t/p/w1280/iqOolh4tDioyCoH4CgKgMN1d3cR.jpg</fanart>
</item>
<item>
	<title>Velocity Trap (1999)</title>
	<meta>
		<content>movie</content>
		<imdb>tt0120435</imdb>
		<title>Velocity Trap</title>
		<year>1999</year>
	</meta>
	<link>
		<sublink>search</sublink>
		<sublink>searchsd</sublink>
	</link>
	<thumbnail>https://image.tmdb.org/t/p/w1280/19jPuIDdcXro1xSvV1iFRjdbzcN.jpg</thumbnail>
	<fanart>https://image.tmdb.org/t/p/w1280/2uBDzAgnt77RPd4Xr9WDFG7ixTd.jpg</fanart>
</item>
<item>
	<title>Alien: Resurrection (1997)</title>
	<meta>
		<content>movie</content>
		<imdb>tt0118583</imdb>
		<title>Alien: Resurrection</title>
		<year>1997</year>
	</meta>
	<link>
		<sublink>search</sublink>
		<sublink>searchsd</sublink>
	</link>
	<thumbnail>https://image.tmdb.org/t/p/w1280/ve2P64a9kzd7M78kfeaEzBEIEOR.jpg</thumbnail>
	<fanart>https://image.tmdb.org/t/p/w1280/AdkIZ7FtqD1bO8IKxSe6IYTK38c.jpg</fanart>
</item>
<item>
	<title>Aliens (1986)</title>
	<meta>
		<content>movie</content>
		<imdb>tt0090605</imdb>
		<title>Aliens</title>
		<year>1986</year>
	</meta>
	<link>
		<sublink>search</sublink>
		<sublink>searchsd</sublink>
	</link>
	<thumbnail>https://image.tmdb.org/t/p/w1280/nORMXEkYEbzkU5WkMWMgRDJwjSZ.jpg</thumbnail>
	<fanart>https://image.tmdb.org/t/p/w1280/r2zB2vGLDQVxlRZISH7KzQ6reiC.jpg</fanart>
</item>
<item>
	<title>Eliminators (1986)</title>
	<meta>
		<content>movie</content>
		<imdb>tt0091003</imdb>
		<title>Eliminators</title>
		<year>1986</year>
	</meta>
	<link>
		<sublink>search</sublink>
		<sublink>searchsd</sublink>
	</link>
	<thumbnail>https://image.tmdb.org/t/p/w1280/mzAo2Bh5FryWZG6Z93x6lpKCdVQ.jpg</thumbnail>
	<fanart>https://image.tmdb.org/t/p/w1280/vr7bK6OQZMOdn1jEqTFmsalLH5Q.jpg</fanart>
</item>
<item>
	<title>Heatseeker (1995)</title>
	<meta>
		<content>movie</content>
		<imdb>tt0113278</imdb>
		<title>Heatseeker</title>
		<year>1995</year>
	</meta>
	<link>
		<sublink>search</sublink>
		<sublink>searchsd</sublink>
	</link>
	<thumbnail>https://image.tmdb.org/t/p/w1280/fwo99dY6E2ePKhDo97vUFh3qeis.jpg</thumbnail>
	<fanart>https://image.tmdb.org/t/p/w1280/24948Ed5r0exnSf0nhGPsq0SOnJ.jpg</fanart>
</item>
<item>
	<title>Universal Soldier (1992)</title>
	<meta>
		<content>movie</content>
		<imdb>tt0105698</imdb>
		<title>Universal Soldier</title>
		<year>1992</year>
	</meta>
	<link>
		<sublink>search</sublink>
		<sublink>searchsd</sublink>
	</link>
	<thumbnail>https://image.tmdb.org/t/p/w1280/jABswtfPt03TWjfJnUJ3HmMWWjT.jpg</thumbnail>
	<fanart>https://image.tmdb.org/t/p/w1280/vDzW5BmYnuHbDiMJ6je5E9FLzEJ.jpg</fanart>
</item>
<item>
	<title>Nemesis 2: Nebula (1995 Video)</title>
	<meta>
		<content>movie</content>
		<imdb>tt0113948</imdb>
		<title>Nemesis 2: Nebula</title>
		<year>1995 Video</year>
	</meta>
	<link>
		<sublink>search</sublink>
		<sublink>searchsd</sublink>
	</link>
	<thumbnail>https://image.tmdb.org/t/p/w1280/mY7SX6aBDumSweQMTCdfrIbMLAa.jpg</thumbnail>
	<fanart>https://image.tmdb.org/t/p/w1280/TzMsr6Haai9Lj7jV5V91ute48P.jpg</fanart>
</item>
<item>
	<title>Tokyo Gore Police (2008)</title>
	<meta>
		<content>movie</content>
		<imdb>tt1183732</imdb>
		<title>Tokyo Gore Police</title>
		<year>2008</year>
	</meta>
	<link>
		<sublink>search</sublink>
		<sublink>searchsd</sublink>
	</link>
	<thumbnail>https://image.tmdb.org/t/p/w1280/uVNJmSPnzlv6QiywEtPOH8wzoi0.jpg</thumbnail>
	<fanart>https://image.tmdb.org/t/p/w1280/oLFcl5fJzjUNxzTQbTfFMd5R23H.jpg</fanart>
</item>
<item>
	<title>Star Trek: First Contact (1996)</title>
	<meta>
		<content>movie</content>
		<imdb>tt0117731</imdb>
		<title>Star Trek: First Contact</title>
		<year>1996</year>
	</meta>
	<link>
		<sublink>search</sublink>
		<sublink>searchsd</sublink>
	</link>
	<thumbnail>https://image.tmdb.org/t/p/w1280/qhVB8eUGwkdVvd8Fezk0AgcMPDH.jpg</thumbnail>
	<fanart>https://image.tmdb.org/t/p/w1280/welkOTUozJ968u1KLx33vPpo7aS.jpg</fanart>
</item>
<item>
	<title>Escape from New York (1981)</title>
	<meta>
		<content>movie</content>
		<imdb>tt0082340</imdb>
		<title>Escape from New York</title>
		<year>1981</year>
	</meta>
	<link>
		<sublink>search</sublink>
		<sublink>searchsd</sublink>
	</link>
	<thumbnail>https://image.tmdb.org/t/p/w1280/m1xx0wtWXTL82VJmA1Y5DHndL3H.jpg</thumbnail>
	<fanart>https://image.tmdb.org/t/p/w1280/iSi3OJKSPNknaxSvjpOa6c38Xgn.jpg</fanart>
</item>
<item>
	<title>Escape from L.A. (1996)</title>
	<meta>
		<content>movie</content>
		<imdb>tt0116225</imdb>
		<title>Escape from L.A.</title>
		<year>1996</year>
	</meta>
	<link>
		<sublink>search</sublink>
		<sublink>searchsd</sublink>
	</link>
	<thumbnail>https://image.tmdb.org/t/p/w1280none</thumbnail>
	<fanart>https://image.tmdb.org/t/p/w1280none</fanart>
</item>
<item>
	<title>Ghosts of Mars (2001)</title>
	<meta>
		<content>movie</content>
		<imdb>tt0228333</imdb>
		<title>Ghosts of Mars</title>
		<year>2001</year>
	</meta>
	<link>
		<sublink>search</sublink>
		<sublink>searchsd</sublink>
	</link>
	<thumbnail>https://image.tmdb.org/t/p/w1280none</thumbnail>
	<fanart>https://image.tmdb.org/t/p/w1280none</fanart>
</item>
<item>
	<title>Cobra (1986)</title>
	<meta>
		<content>movie</content>
		<imdb>tt0090859</imdb>
		<title>Cobra</title>
		<year>1986</year>
	</meta>
	<link>
		<sublink>search</sublink>
		<sublink>searchsd</sublink>
	</link>
	<thumbnail>https://image.tmdb.org/t/p/w1280none</thumbnail>
	<fanart>https://image.tmdb.org/t/p/w1280none</fanart>
</item>
<item>
	<title>Cyborg Soldier (2008 Video)</title>
	<meta>
		<content>movie</content>
		<imdb>tt1151928</imdb>
		<title>Cyborg Soldier</title>
		<year>2008 Video</year>
	</meta>
	<link>
		<sublink>search</sublink>
		<sublink>searchsd</sublink>
	</link>
	<thumbnail>https://image.tmdb.org/t/p/w1280none</thumbnail>
	<fanart>https://image.tmdb.org/t/p/w1280none</fanart>
</item>
<item>
	<title>Jason X (2001)</title>
	<meta>
		<content>movie</content>
		<imdb>tt0211443</imdb>
		<title>Jason X</title>
		<year>2001</year>
	</meta>
	<link>
		<sublink>search</sublink>
		<sublink>searchsd</sublink>
	</link>
	<thumbnail>https://image.tmdb.org/t/p/w1280none</thumbnail>
	<fanart>https://image.tmdb.org/t/p/w1280none</fanart>
</item>
<item>
	<title>Mighty Morphin Power Rangers: The Movie (1995)</title>
	<meta>
		<content>movie</content>
		<imdb>tt0113820</imdb>
		<title>Mighty Morphin Power Rangers: The Movie</title>
		<year>1995</year>
	</meta>
	<link>
		<sublink>search</sublink>
		<sublink>searchsd</sublink>
	</link>
	<thumbnail>https://image.tmdb.org/t/p/w1280none</thumbnail>
	<fanart>https://image.tmdb.org/t/p/w1280none</fanart>
</item>
<item>
	<title>Hellboy (2004)</title>
	<meta>
		<content>movie</content>
		<imdb>tt0167190</imdb>
		<title>Hellboy</title>
		<year>2004</year>
	</meta>
	<link>
		<sublink>search</sublink>
		<sublink>searchsd</sublink>
	</link>
	<thumbnail>https://image.tmdb.org/t/p/w1280none</thumbnail>
	<fanart>https://image.tmdb.org/t/p/w1280none</fanart>
</item>
<item>
	<title>The Road Warrior (1981)</title>
	<meta>
		<content>movie</content>
		<imdb>tt0082694</imdb>
		<title>The Road Warrior</title>
		<year>1981</year>
	</meta>
	<link>
		<sublink>search</sublink>
		<sublink>searchsd</sublink>
	</link>
	<thumbnail>https://image.tmdb.org/t/p/w1280none</thumbnail>
	<fanart>https://image.tmdb.org/t/p/w1280none</fanart>
</item>
<item>
	<title>Equilibrium (2002)</title>
	<meta>
		<content>movie</content>
		<imdb>tt0238380</imdb>
		<title>Equilibrium</title>
		<year>2002</year>
	</meta>
	<link>
		<sublink>search</sublink>
		<sublink>searchsd</sublink>
	</link>
	<thumbnail>https://image.tmdb.org/t/p/w1280none</thumbnail>
	<fanart>https://image.tmdb.org/t/p/w1280none</fanart>
</item>
<item>
	<title>Earth 2 (1994\xe2\x80\x931995)</title>
	<meta>
		<content>movie</content>
		<imdb>tt0108758</imdb>
		<title>Earth 2</title>
		<year>1994\xe2\x80\x931995</year>
	</meta>
	<link>
		<sublink>search</sublink>
		<sublink>searchsd</sublink>
	</link>
	<thumbnail>https://image.tmdb.org/t/p/w1280none</thumbnail>
	<fanart>https://image.tmdb.org/t/p/w1280none</fanart>
</item>
<item>
	<title>Lexx (1997\xe2\x80\x932002)</title>
	<meta>
		<content>movie</content>
		<imdb>tt0178149</imdb>
		<title>Lexx</title>
		<year>1997\xe2\x80\x932002</year>
	</meta>
	<link>
		<sublink>search</sublink>
		<sublink>searchsd</sublink>
	</link>
	<thumbnail>https://image.tmdb.org/t/p/w1280none</thumbnail>
	<fanart>https://image.tmdb.org/t/p/w1280none</fanart>
</item>
<item>
	<title>Planet Terror (2007)</title>
	<meta>
		<content>movie</content>
		<imdb>tt1077258</imdb>
		<title>Planet Terror</title>
		<year>2007</year>
	</meta>
	<link>
		<sublink>search</sublink>
		<sublink>searchsd</sublink>
	</link>
	<thumbnail>https://image.tmdb.org/t/p/w1280none</thumbnail>
	<fanart>https://image.tmdb.org/t/p/w1280none</fanart>
</item>
<item>
	<title>Death Race 2000 (1975)</title>
	<meta>
		<content>movie</content>
		<imdb>tt0072856</imdb>
		<title>Death Race 2000</title>
		<year>1975</year>
	</meta>
	<link>
		<sublink>search</sublink>
		<sublink>searchsd</sublink>
	</link>
	<thumbnail>https://image.tmdb.org/t/p/w1280none</thumbnail>
	<fanart>https://image.tmdb.org/t/p/w1280none</fanart>
</item>
<item>
	<title>Underworld (2003)</title>
	<meta>
		<content>movie</content>
		<imdb>tt0320691</imdb>
		<title>Underworld</title>
		<year>2003</year>
	</meta>
	<link>
		<sublink>search</sublink>
		<sublink>searchsd</sublink>
	</link>
	<thumbnail>https://image.tmdb.org/t/p/w1280none</thumbnail>
	<fanart>https://image.tmdb.org/t/p/w1280none</fanart>
</item>
<item>
	<title>The Stand (1994)</title>
	<meta>
		<content>movie</content>
		<imdb>tt0108941</imdb>
		<title>The Stand</title>
		<year>1994</year>
	</meta>
	<link>
		<sublink>search</sublink>
		<sublink>searchsd</sublink>
	</link>
	<thumbnail>https://image.tmdb.org/t/p/w1280none</thumbnail>
	<fanart>https://image.tmdb.org/t/p/w1280none</fanart>
</item>
<item>
	<title>2019: After the Fall of New York (1983)</title>
	<meta>
		<content>movie</content>
		<imdb>tt0085125</imdb>
		<title>2019: After the Fall of New York</title>
		<year>1983</year>
	</meta>
	<link>
		<sublink>search</sublink>
		<sublink>searchsd</sublink>
	</link>
	<thumbnail>https://image.tmdb.org/t/p/w1280none</thumbnail>
	<fanart>https://image.tmdb.org/t/p/w1280none</fanart>
</item>
<item>
	<title>Alienator (1990)</title>
	<meta>
		<content>movie</content>
		<imdb>tt0096786</imdb>
		<title>Alienator</title>
		<year>1990</year>
	</meta>
	<link>
		<sublink>search</sublink>
		<sublink>searchsd</sublink>
	</link>
	<thumbnail>https://image.tmdb.org/t/p/w1280none</thumbnail>
	<fanart>https://image.tmdb.org/t/p/w1280none</fanart>
</item>
<item>
	<title>Oblivion 2: Backlash (1996)</title>
	<meta>
		<content>movie</content>
		<imdb>tt0117223</imdb>
		<title>Oblivion 2: Backlash</title>
		<year>1996</year>
	</meta>
	<link>
		<sublink>search</sublink>
		<sublink>searchsd</sublink>
	</link>
	<thumbnail>https://image.tmdb.org/t/p/w1280none</thumbnail>
	<fanart>https://image.tmdb.org/t/p/w1280none</fanart>
</item>
<item>
	<title>The Lawnmower Man (1992)</title>
	<meta>
		<content>movie</content>
		<imdb>tt0104692</imdb>
		<title>The Lawnmower Man</title>
		<year>1992</year>
	</meta>
	<link>
		<sublink>search</sublink>
		<sublink>searchsd</sublink>
	</link>
	<thumbnail>https://image.tmdb.org/t/p/w1280none</thumbnail>
	<fanart>https://image.tmdb.org/t/p/w1280none</fanart>
</item>
<item>
	<title>Starship Troopers (1997)</title>
	<meta>
		<content>movie</content>
		<imdb>tt0120201</imdb>
		<title>Starship Troopers</title>
		<year>1997</year>
	</meta>
	<link>
		<sublink>search</sublink>
		<sublink>searchsd</sublink>
	</link>
	<thumbnail>https://image.tmdb.org/t/p/w1280none</thumbnail>
	<fanart>https://image.tmdb.org/t/p/w1280none</fanart>
</item>
<item>
	<title>Leprechaun 4: In Space (1996 Video)</title>
	<meta>
		<content>movie</content>
		<imdb>tt0116861</imdb>
		<title>Leprechaun 4: In Space</title>
		<year>1996 Video</year>
	</meta>
	<link>
		<sublink>search</sublink>
		<sublink>searchsd</sublink>
	</link>
	<thumbnail>https://image.tmdb.org/t/p/w1280none</thumbnail>
	<fanart>https://image.tmdb.org/t/p/w1280none</fanart>
</item>
<item>
	<title>Critters 4 (1992)</title>
	<meta>
		<content>movie</content>
		<imdb>tt0101628</imdb>
		<title>Critters 4</title>
		<year>1992</year>
	</meta>
	<link>
		<sublink>search</sublink>
		<sublink>searchsd</sublink>
	</link>
	<thumbnail>https://image.tmdb.org/t/p/w1280none</thumbnail>
	<fanart>https://image.tmdb.org/t/p/w1280none</fanart>
</item>
<item>
	<title>Prisoners of the Lost Universe (1983)</title>
	<meta>
		<content>movie</content>
		<imdb>tt0086141</imdb>
		<title>Prisoners of the Lost Universe</title>
		<year>1983</year>
	</meta>
	<link>
		<sublink>search</sublink>
		<sublink>searchsd</sublink>
	</link>
	<thumbnail>https://image.tmdb.org/t/p/w1280none</thumbnail>
	<fanart>https://image.tmdb.org/t/p/w1280none</fanart>
</item>
<item>
	<title>Shepherd (1998)</title>
	<meta>
		<content>movie</content>
		<imdb>tt0159752</imdb>
		<title>Shepherd</title>
		<year>1998</year>
	</meta>
	<link>
		<sublink>search</sublink>
		<sublink>searchsd</sublink>
	</link>
	<thumbnail>https://image.tmdb.org/t/p/w1280none</thumbnail>
	<fanart>https://image.tmdb.org/t/p/w1280none</fanart>
</item>
<item>
	<title>Space Marines (1996)</title>
	<meta>
		<content>movie</content>
		<imdb>tt0117706</imdb>
		<title>Space Marines</title>
		<year>1996</year>
	</meta>
	<link>
		<sublink>search</sublink>
		<sublink>searchsd</sublink>
	</link>
	<thumbnail>https://image.tmdb.org/t/p/w1280none</thumbnail>
	<fanart>https://image.tmdb.org/t/p/w1280none</fanart>
</item>
<item>
	<title>Starcrash (1978)</title>
	<meta>
		<content>movie</content>
		<imdb>tt0079946</imdb>
		<title>Starcrash</title>
		<year>1978</year>
	</meta>
	<link>
		<sublink>search</sublink>
		<sublink>searchsd</sublink>
	</link>
	<thumbnail>https://image.tmdb.org/t/p/w1280none</thumbnail>
	<fanart>https://image.tmdb.org/t/p/w1280none</fanart>
</item>
<item>
	<title>The Silencers (1996)</title>
	<meta>
		<content>movie</content>
		<imdb>tt0117651</imdb>
		<title>The Silencers</title>
		<year>1996</year>
	</meta>
	<link>
		<sublink>search</sublink>
		<sublink>searchsd</sublink>
	</link>
	<thumbnail>https://image.tmdb.org/t/p/w1280none</thumbnail>
	<fanart>https://image.tmdb.org/t/p/w1280none</fanart>
</item>
<item>
	<title>Galaxina (1980)</title>
	<meta>
		<content>movie</content>
		<imdb>tt0080771</imdb>
		<title>Galaxina</title>
		<year>1980</year>
	</meta>
	<link>
		<sublink>search</sublink>
		<sublink>searchsd</sublink>
	</link>
	<thumbnail>https://image.tmdb.org/t/p/w1280none</thumbnail>
	<fanart>https://image.tmdb.org/t/p/w1280none</fanart>
</item>
<item>
	<title>Heavy Metal (1981)</title>
	<meta>
		<content>movie</content>
		<imdb>tt0082509</imdb>
		<title>Heavy Metal</title>
		<year>1981</year>
	</meta>
	<link>
		<sublink>search</sublink>
		<sublink>searchsd</sublink>
	</link>
	<thumbnail>https://image.tmdb.org/t/p/w1280none</thumbnail>
	<fanart>https://image.tmdb.org/t/p/w1280none</fanart>
</item>
<item>
	<title>R.O.T.O.R. (1987)</title>
	<meta>
		<content>movie</content>
		<imdb>tt0098156</imdb>
		<title>R.O.T.O.R.</title>
		<year>1987</year>
	</meta>
	<link>
		<sublink>search</sublink>
		<sublink>searchsd</sublink>
	</link>
	<thumbnail>https://image.tmdb.org/t/p/w1280none</thumbnail>
	<fanart>https://image.tmdb.org/t/p/w1280none</fanart>
</item>
<item>
	<title>Droid Gunner (1995)</title>
	<meta>
		<content>movie</content>
		<imdb>tt0112906</imdb>
		<title>Droid Gunner</title>
		<year>1995</year>
	</meta>
	<link>
		<sublink>search</sublink>
		<sublink>searchsd</sublink>
	</link>
	<thumbnail>https://image.tmdb.org/t/p/w1280none</thumbnail>
	<fanart>https://image.tmdb.org/t/p/w1280none</fanart>
</item>
<item>
	<title>Cyber Tracker (1994)</title>
	<meta>
		<content>movie</content>
		<imdb>tt0109515</imdb>
		<title>Cyber Tracker</title>
		<year>1994</year>
	</meta>
	<link>
		<sublink>search</sublink>
		<sublink>searchsd</sublink>
	</link>
	<thumbnail>https://image.tmdb.org/t/p/w1280none</thumbnail>
	<fanart>https://image.tmdb.org/t/p/w1280none</fanart>
</item>
<item>
	<title>T-Force (1994)</title>
	<meta>
		<content>movie</content>
		<imdb>tt0111345</imdb>
		<title>T-Force</title>
		<year>1994</year>
	</meta>
	<link>
		<sublink>search</sublink>
		<sublink>searchsd</sublink>
	</link>
	<thumbnail>https://image.tmdb.org/t/p/w1280none</thumbnail>
	<fanart>https://image.tmdb.org/t/p/w1280none</fanart>
</item>
<item>
	<title>Solo (1996)</title>
	<meta>
		<content>movie</content>
		<imdb>tt0117688</imdb>
		<title>Solo</title>
		<year>1996</year>
	</meta>
	<link>
		<sublink>search</sublink>
		<sublink>searchsd</sublink>
	</link>
	<thumbnail>https://image.tmdb.org/t/p/w1280none</thumbnail>
	<fanart>https://image.tmdb.org/t/p/w1280none</fanart>
</item>
<item>
	<title>Westworld (1973)</title>
	<meta>
		<content>movie</content>
		<imdb>tt0070909</imdb>
		<title>Westworld</title>
		<year>1973</year>
	</meta>
	<link>
		<sublink>search</sublink>
		<sublink>searchsd</sublink>
	</link>
	<thumbnail>https://image.tmdb.org/t/p/w1280none</thumbnail>
	<fanart>https://image.tmdb.org/t/p/w1280none</fanart>
</item>
<item>
	<title>Robo Warriors (1996)</title>
	<meta>
		<content>movie</content>
		<imdb>tt0117497</imdb>
		<title>Robo Warriors</title>
		<year>1996</year>
	</meta>
	<link>
		<sublink>search</sublink>
		<sublink>searchsd</sublink>
	</link>
	<thumbnail>https://image.tmdb.org/t/p/w1280none</thumbnail>
	<fanart>https://image.tmdb.org/t/p/w1280none</fanart>
</item>
<item>
	<title>Screamers (1995)</title>
	<meta>
		<content>movie</content>
		<imdb>tt0114367</imdb>
		<title>Screamers</title>
		<year>1995</year>
	</meta>
	<link>
		<sublink>search</sublink>
		<sublink>searchsd</sublink>
	</link>
	<thumbnail>https://image.tmdb.org/t/p/w1280none</thumbnail>
	<fanart>https://image.tmdb.org/t/p/w1280none</fanart>
</item>
<item>
	<title>Class of 1999 (1990)</title>
	<meta>
		<content>movie</content>
		<imdb>tt0099277</imdb>
		<title>Class of 1999</title>
		<year>1990</year>
	</meta>
	<link>
		<sublink>search</sublink>
		<sublink>searchsd</sublink>
	</link>
	<thumbnail>https://image.tmdb.org/t/p/w1280none</thumbnail>
	<fanart>https://image.tmdb.org/t/p/w1280none</fanart>
</item>
<item>
	<title>Shadowchaser (1992 Video)</title>
	<meta>
		<content>movie</content>
		<imdb>tt0105178</imdb>
		<title>Shadowchaser</title>
		<year>1992 Video</year>
	</meta>
	<link>
		<sublink>search</sublink>
		<sublink>searchsd</sublink>
	</link>
	<thumbnail>https://image.tmdb.org/t/p/w1280none</thumbnail>
	<fanart>https://image.tmdb.org/t/p/w1280none</fanart>
</item>
<item>
	<title>Orion's Key (1996)</title>
	<meta>
		<content>movie</content>
		<imdb>tt0117396</imdb>
		<title>Orion's Key</title>
		<year>1996</year>
	</meta>
	<link>
		<sublink>search</sublink>
		<sublink>searchsd</sublink>
	</link>
	<thumbnail>https://image.tmdb.org/t/p/w1280none</thumbnail>
	<fanart>https://image.tmdb.org/t/p/w1280none</fanart>
</item>
<item>
	<title>Akira (1988)</title>
	<meta>
		<content>movie</content>
		<imdb>tt0094625</imdb>
		<title>Akira</title>
		<year>1988</year>
	</meta>
	<link>
		<sublink>search</sublink>
		<sublink>searchsd</sublink>
	</link>
	<thumbnail>https://image.tmdb.org/t/p/w1280none</thumbnail>
	<fanart>https://image.tmdb.org/t/p/w1280none</fanart>
</item>
<item>
	<title>Stake Land (2010)</title>
	<meta>
		<content>movie</content>
		<imdb>tt1464580</imdb>
		<title>Stake Land</title>
		<year>2010</year>
	</meta>
	<link>
		<sublink>search</sublink>
		<sublink>searchsd</sublink>
	</link>
	<thumbnail>https://image.tmdb.org/t/p/w1280none</thumbnail>
	<fanart>https://image.tmdb.org/t/p/w1280none</fanart>
</item>
<item>
	<title>Dune (1984)</title>
	<meta>
		<content>movie</content>
		<imdb>tt0087182</imdb>
		<title>Dune</title>
		<year>1984</year>
	</meta>
	<link>
		<sublink>search</sublink>
		<sublink>searchsd</sublink>
	</link>
	<thumbnail>https://image.tmdb.org/t/p/w1280none</thumbnail>
	<fanart>https://image.tmdb.org/t/p/w1280none</fanart>
</item>
<item>
	<title>Space Raiders (1983)</title>
	<meta>
		<content>movie</content>
		<imdb>tt0086345</imdb>
		<title>Space Raiders</title>
		<year>1983</year>
	</meta>
	<link>
		<sublink>search</sublink>
		<sublink>searchsd</sublink>
	</link>
	<thumbnail>https://image.tmdb.org/t/p/w1280none</thumbnail>
	<fanart>https://image.tmdb.org/t/p/w1280none</fanart>
</item>
<item>
	<title>Cube (1997)</title>
	<meta>
		<content>movie</content>
		<imdb>tt0123755</imdb>
		<title>Cube</title>
		<year>1997</year>
	</meta>
	<link>
		<sublink>search</sublink>
		<sublink>searchsd</sublink>
	</link>
	<thumbnail>https://image.tmdb.org/t/p/w1280none</thumbnail>
	<fanart>https://image.tmdb.org/t/p/w1280none</fanart>
</item>
<item>
	<title>Strange Days (1995)</title>
	<meta>
		<content>movie</content>
		<imdb>tt0114558</imdb>
		<title>Strange Days</title>
		<year>1995</year>
	</meta>
	<link>
		<sublink>search</sublink>
		<sublink>searchsd</sublink>
	</link>
	<thumbnail>https://image.tmdb.org/t/p/w1280none</thumbnail>
	<fanart>https://image.tmdb.org/t/p/w1280none</fanart>
</item>
<item>
	<title>The Fifth Element (1997)</title>
	<meta>
		<content>movie</content>
		<imdb>tt0119116</imdb>
		<title>The Fifth Element</title>
		<year>1997</year>
	</meta>
	<link>
		<sublink>search</sublink>
		<sublink>searchsd</sublink>
	</link>
	<thumbnail>https://image.tmdb.org/t/p/w1280none</thumbnail>
	<fanart>https://image.tmdb.org/t/p/w1280none</fanart>
</item>
<item>
	<title>Doomsday (2008)</title>
	<meta>
		<content>movie</content>
		<imdb>tt0483607</imdb>
		<title>Doomsday</title>
		<year>2008</year>
	</meta>
	<link>
		<sublink>search</sublink>
		<sublink>searchsd</sublink>
	</link>
	<thumbnail>https://image.tmdb.org/t/p/w1280none</thumbnail>
	<fanart>https://image.tmdb.org/t/p/w1280none</fanart>
</item>
<item>
	<title>Lockout (2012)</title>
	<meta>
		<content>movie</content>
		<imdb>tt1592525</imdb>
		<title>Lockout</title>
		<year>2012</year>
	</meta>
	<link>
		<sublink>search</sublink>
		<sublink>searchsd</sublink>
	</link>
	<thumbnail>https://image.tmdb.org/t/p/w1280none</thumbnail>
	<fanart>https://image.tmdb.org/t/p/w1280none</fanart>
</item>
<item>
	<title>The Gene Generation (2007)</title>
	<meta>
		<content>movie</content>
		<imdb>tt0438052</imdb>
		<title>The Gene Generation</title>
		<year>2007</year>
	</meta>
	<link>
		<sublink>search</sublink>
		<sublink>searchsd</sublink>
	</link>
	<thumbnail>https://image.tmdb.org/t/p/w1280none</thumbnail>
	<fanart>https://image.tmdb.org/t/p/w1280none</fanart>
</item>
<item>
	<title>Soldier (I) (1998)</title>
	<meta>
		<content>movie</content>
		<imdb>tt0120157</imdb>
		<title>Soldier</title>
		<year>I 1998</year>
	</meta>
	<link>
		<sublink>search</sublink>
		<sublink>searchsd</sublink>
	</link>
	<thumbnail>https://image.tmdb.org/t/p/w1280none</thumbnail>
	<fanart>https://image.tmdb.org/t/p/w1280none</fanart>
</item>
<item>
	<title>Snake Eater (1989)</title>
	<meta>
		<content>movie</content>
		<imdb>tt0100645</imdb>
		<title>Snake Eater</title>
		<year>1989</year>
	</meta>
	<link>
		<sublink>search</sublink>
		<sublink>searchsd</sublink>
	</link>
	<thumbnail>https://image.tmdb.org/t/p/w1280none</thumbnail>
	<fanart>https://image.tmdb.org/t/p/w1280none</fanart>
</item>
<item>
	<title>Heavy Metal 2000 (2000)</title>
	<meta>
		<content>movie</content>
		<imdb>tt0119273</imdb>
		<title>Heavy Metal 2000</title>
		<year>2000</year>
	</meta>
	<link>
		<sublink>search</sublink>
		<sublink>searchsd</sublink>
	</link>
	<thumbnail>https://image.tmdb.org/t/p/w1280none</thumbnail>
	<fanart>https://image.tmdb.org/t/p/w1280none</fanart>
</item>
<item>
	<title>TRON (1982)</title>
	<meta>
		<content>movie</content>
		<imdb>tt0084827</imdb>
		<title>TRON</title>
		<year>1982</year>
	</meta>
	<link>
		<sublink>search</sublink>
		<sublink>searchsd</sublink>
	</link>
	<thumbnail>https://image.tmdb.org/t/p/w1280none</thumbnail>
	<fanart>https://image.tmdb.org/t/p/w1280none</fanart>
</item>
<item>
	<title>964 Pinocchio (1991)</title>
	<meta>
		<content>movie</content>
		<imdb>tt0225009</imdb>
		<title>964 Pinocchio</title>
		<year>1991</year>
	</meta>
	<link>
		<sublink>search</sublink>
		<sublink>searchsd</sublink>
	</link>
	<thumbnail>https://image.tmdb.org/t/p/w1280none</thumbnail>
	<fanart>https://image.tmdb.org/t/p/w1280none</fanart>
</item>
<item>
	<title>Tetsuo, the Iron Man (1989)</title>
	<meta>
		<content>movie</content>
		<imdb>tt0096251</imdb>
		<title>Tetsuo, the Iron Man</title>
		<year>1989</year>
	</meta>
	<link>
		<sublink>search</sublink>
		<sublink>searchsd</sublink>
	</link>
	<thumbnail>https://image.tmdb.org/t/p/w1280none</thumbnail>
	<fanart>https://image.tmdb.org/t/p/w1280none</fanart>
</item>
<item>
	<title>Mars Attacks! (1996)</title>
	<meta>
		<content>movie</content>
		<imdb>tt0116996</imdb>
		<title>Mars Attacks!</title>
		<year>1996</year>
	</meta>
	<link>
		<sublink>search</sublink>
		<sublink>searchsd</sublink>
	</link>
	<thumbnail>https://image.tmdb.org/t/p/w1280none</thumbnail>
	<fanart>https://image.tmdb.org/t/p/w1280none</fanart>
</item>
<item>
	<title>Hobo with a Shotgun (2011)</title>
	<meta>
		<content>movie</content>
		<imdb>tt1640459</imdb>
		<title>Hobo with a Shotgun</title>
		<year>2011</year>
	</meta>
	<link>
		<sublink>search</sublink>
		<sublink>searchsd</sublink>
	</link>
	<thumbnail>https://image.tmdb.org/t/p/w1280none</thumbnail>
	<fanart>https://image.tmdb.org/t/p/w1280none</fanart>
</item>
<item>
	<title>Battletruck (1982)</title>
	<meta>
		<content>movie</content>
		<imdb>tt0084887</imdb>
		<title>Battletruck</title>
		<year>1982</year>
	</meta>
	<link>
		<sublink>search</sublink>
		<sublink>searchsd</sublink>
	</link>
	<thumbnail>https://image.tmdb.org/t/p/w1280/2lsBcpFABFcplE4smdJSD7BsEEE.jpg</thumbnail>
	<fanart>https://image.tmdb.org/t/p/w1280/yqAioQ7gTmzBQXoBEt4ohBR3hPQ.jpg</fanart>
</item>
<item>
	<title>Warriors of the Apocalypse (1985)</title>
	<meta>
		<content>movie</content>
		<imdb>tt0090296</imdb>
		<title>Warriors of the Apocalypse</title>
		<year>1985</year>
	</meta>
	<link>
		<sublink>search</sublink>
		<sublink>searchsd</sublink>
	</link>
	<thumbnail>https://image.tmdb.org/t/p/w1280/fQ1ajVV80Vh20BmE4uZueVSs95x.jpg</thumbnail>
	<fanart>https://image.tmdb.org/t/p/w1280/fKULyYUFD7fYaGye98Ifi4nVOtM.jpg</fanart>
</item>
<dir>
	<title>[COLOR white]Next Page >>[/COLOR]</title>
	<imdburl>list/ls021122966/?page=2</imdburl>
	<thumbnail>https://image.ibb.co/gtsNjw/next.png</thumbnail>
</dir>
