<item>
	<title>The Departed (2006)</title>
	<meta>
		<content>movie</content>
		<imdb>tt0407887</imdb>
		<title>The Departed</title>
		<year>2006</year>
	</meta>
	<link>
		<sublink>search</sublink>
		<sublink>searchsd</sublink>
	</link>
	<thumbnail>https://image.tmdb.org/t/p/w1280/tGLO9zw5ZtCeyyEWgbYGgsFxC6i.jpg</thumbnail>
	<fanart>https://image.tmdb.org/t/p/w1280/8Od5zV7Q7zNOX0y9tyNgpTmoiGA.jpg</fanart>
</item>
<item>
	<title>Scarface (1983)</title>
	<meta>
		<content>movie</content>
		<imdb>tt0086250</imdb>
		<title>Scarface</title>
		<year>1983</year>
	</meta>
	<link>
		<sublink>search</sublink>
		<sublink>searchsd</sublink>
	</link>
	<thumbnail>https://image.tmdb.org/t/p/w1280/zr2p353wrd6j3wjLgDT4TcaestB.jpg</thumbnail>
	<fanart>https://image.tmdb.org/t/p/w1280/51fjuzYoJKvGW43j32nBpWW6Tm1.jpg</fanart>
</item>
<item>
	<title>Goodfellas (1990)</title>
	<meta>
		<content>movie</content>
		<imdb>tt0099685</imdb>
		<title>Goodfellas</title>
		<year>1990</year>
	</meta>
	<link>
		<sublink>search</sublink>
		<sublink>searchsd</sublink>
	</link>
	<thumbnail>https://image.tmdb.org/t/p/w1280/hAPeXBdGDGmXRPj4OZZ0poH65Iu.jpg</thumbnail>
	<fanart>https://image.tmdb.org/t/p/w1280/xDEOxA01480uLTWuvQCw61VmDBt.jpg</fanart>
</item>
<item>
	<title>City of God (2002)</title>
	<meta>
		<content>movie</content>
		<imdb>tt0317248</imdb>
		<title>City of God</title>
		<year>2002</year>
	</meta>
	<link>
		<sublink>search</sublink>
		<sublink>searchsd</sublink>
	</link>
	<thumbnail>https://image.tmdb.org/t/p/w1280/gCqnQaq8T4CfioP9uETLx9iMJF4.jpg</thumbnail>
	<fanart>https://image.tmdb.org/t/p/w1280/k4BAPrE5WkNLvpsPsiMfu8W4Zyi.jpg</fanart>
</item>
<item>
	<title>Casino (1995)</title>
	<meta>
		<content>movie</content>
		<imdb>tt0112641</imdb>
		<title>Casino</title>
		<year>1995</year>
	</meta>
	<link>
		<sublink>search</sublink>
		<sublink>searchsd</sublink>
	</link>
	<thumbnail>https://image.tmdb.org/t/p/w1280/jC0dqpkRMwh3A1X2PHahTxOaLbp.jpg</thumbnail>
	<fanart>https://image.tmdb.org/t/p/w1280/eP41pD4YfyVOjdpEaTmoNrL9DGx.jpg</fanart>
</item>
<item>
	<title>Infernal Affairs (2002)</title>
	<meta>
		<content>movie</content>
		<imdb>tt0338564</imdb>
		<title>Infernal Affairs</title>
		<year>2002</year>
	</meta>
	<link>
		<sublink>search</sublink>
		<sublink>searchsd</sublink>
	</link>
	<thumbnail>https://image.tmdb.org/t/p/w1280/g4LGFGLGjVXkWGYCePbTidw5LKV.jpg</thumbnail>
	<fanart>https://image.tmdb.org/t/p/w1280/u7OoqcZzOIL6VXD9JZ5EOSTLt6p.jpg</fanart>
</item>
<item>
	<title>Layer Cake (2004)</title>
	<meta>
		<content>movie</content>
		<imdb>tt0375912</imdb>
		<title>Layer Cake</title>
		<year>2004</year>
	</meta>
	<link>
		<sublink>search</sublink>
		<sublink>searchsd</sublink>
	</link>
	<thumbnail>https://image.tmdb.org/t/p/w1280/y6BzUkrx789OhVMDXZiBBVHu6OQ.jpg</thumbnail>
	<fanart>https://image.tmdb.org/t/p/w1280/rk6RDd6HNbehPtIfPivDJyfpLlD.jpg</fanart>
</item>
<item>
	<title>A Prophet (2009)</title>
	<meta>
		<content>movie</content>
		<imdb>tt1235166</imdb>
		<title>A Prophet</title>
		<year>2009</year>
	</meta>
	<link>
		<sublink>search</sublink>
		<sublink>searchsd</sublink>
	</link>
	<thumbnail>https://image.tmdb.org/t/p/w1280/o2P7a795t4WeLT7IMf19t7ZRbXd.jpg</thumbnail>
	<fanart>https://image.tmdb.org/t/p/w1280/iKZ7ZSYeTkIftzlq8Uf0waYXChh.jpg</fanart>
</item>
<item>
	<title>Donnie Brasco (1997)</title>
	<meta>
		<content>movie</content>
		<imdb>tt0119008</imdb>
		<title>Donnie Brasco</title>
		<year>1997</year>
	</meta>
	<link>
		<sublink>search</sublink>
		<sublink>searchsd</sublink>
	</link>
	<thumbnail>https://image.tmdb.org/t/p/w1280/xtKLvpOfARi1XVm8u2FTdhY5Piq.jpg</thumbnail>
	<fanart>https://image.tmdb.org/t/p/w1280/1aVNngSHPmcYYCXS0NaqpcbUo9M.jpg</fanart>
</item>
<item>
	<title>The Usual Suspects (1995)</title>
	<meta>
		<content>movie</content>
		<imdb>tt0114814</imdb>
		<title>The Usual Suspects</title>
		<year>1995</year>
	</meta>
	<link>
		<sublink>search</sublink>
		<sublink>searchsd</sublink>
	</link>
	<thumbnail>https://image.tmdb.org/t/p/w1280/jgJoRWltoS17nD5MAQ1yK2Ztefw.jpg</thumbnail>
	<fanart>https://image.tmdb.org/t/p/w1280/c7e3nH3wtSBDrHRB63onrGptl6D.jpg</fanart>
</item>
<item>
	<title>Paid in Full (2002)</title>
	<meta>
		<content>movie</content>
		<imdb>tt0259484</imdb>
		<title>Paid in Full</title>
		<year>2002</year>
	</meta>
	<link>
		<sublink>search</sublink>
		<sublink>searchsd</sublink>
	</link>
	<thumbnail>https://image.tmdb.org/t/p/w1280/k8hSrpnoQe8OFd10BljdYF0m1Wi.jpg</thumbnail>
	<fanart>https://image.tmdb.org/t/p/w1280/wCbhLdn0iuC6ulGHBo7idulOfef.jpg</fanart>
</item>
<item>
	<title>Once Upon a Time in America (1984)</title>
	<meta>
		<content>movie</content>
		<imdb>tt0087843</imdb>
		<title>Once Upon a Time in America</title>
		<year>1984</year>
	</meta>
	<link>
		<sublink>search</sublink>
		<sublink>searchsd</sublink>
	</link>
	<thumbnail>https://image.tmdb.org/t/p/w1280/x733R4ISI0RbKeHhVkXdTMFmTFr.jpg</thumbnail>
	<fanart>https://image.tmdb.org/t/p/w1280/vnT6HzjLSDrAweHn9xWykb8Ii6T.jpg</fanart>
</item>
<item>
	<title>American Gangster (2007)</title>
	<meta>
		<content>movie</content>
		<imdb>tt0765429</imdb>
		<title>American Gangster</title>
		<year>2007</year>
	</meta>
	<link>
		<sublink>search</sublink>
		<sublink>searchsd</sublink>
	</link>
	<thumbnail>https://image.tmdb.org/t/p/w1280/uDSP5H5akJ85xMGSHRtaqHGBRLD.jpg</thumbnail>
	<fanart>https://image.tmdb.org/t/p/w1280/uSWzHRan14Kxe7AgbA43CSN1fXw.jpg</fanart>
</item>
<item>
	<title>The Long Good Friday (1980)</title>
	<meta>
		<content>movie</content>
		<imdb>tt0081070</imdb>
		<title>The Long Good Friday</title>
		<year>1980</year>
	</meta>
	<link>
		<sublink>search</sublink>
		<sublink>searchsd</sublink>
	</link>
	<thumbnail>https://image.tmdb.org/t/p/w1280/pXS667me5Jfoj1b0xuxgjEMKunF.jpg</thumbnail>
	<fanart>https://image.tmdb.org/t/p/w1280/ojyJAzu3r6uAlQHe1Cxgx5QBJHQ.jpg</fanart>
</item>
<item>
	<title>Snatch (2000)</title>
	<meta>
		<content>movie</content>
		<imdb>tt0208092</imdb>
		<title>Snatch</title>
		<year>2000</year>
	</meta>
	<link>
		<sublink>search</sublink>
		<sublink>searchsd</sublink>
	</link>
	<thumbnail>https://image.tmdb.org/t/p/w1280/on9JlbGEccLsYkjeEph2Whm1DIp.jpg</thumbnail>
	<fanart>https://image.tmdb.org/t/p/w1280/cNLZ7YGRikb4IsLblrzu86ndZPw.jpg</fanart>
</item>
<item>
	<title>The Godfather (1972)</title>
	<meta>
		<content>movie</content>
		<imdb>tt0068646</imdb>
		<title>The Godfather</title>
		<year>1972</year>
	</meta>
	<link>
		<sublink>search</sublink>
		<sublink>searchsd</sublink>
	</link>
	<thumbnail>https://image.tmdb.org/t/p/w1280/rPdtLWNsZmAtoZl9PK7S2wE3qiS.jpg</thumbnail>
	<fanart>https://image.tmdb.org/t/p/w1280/6xKCYgH16UuwEGAyroLU6p8HLIn.jpg</fanart>
</item>
<item>
	<title>Pulp Fiction (1994)</title>
	<meta>
		<content>movie</content>
		<imdb>tt0110912</imdb>
		<title>Pulp Fiction</title>
		<year>1994</year>
	</meta>
	<link>
		<sublink>search</sublink>
		<sublink>searchsd</sublink>
	</link>
	<thumbnail>https://image.tmdb.org/t/p/w1280/dM2w364MScsjFf8pfMbaWUcWrR.jpg</thumbnail>
	<fanart>https://image.tmdb.org/t/p/w1280/mte63qJaVnoxkkXbHkdFujBnBgd.jpg</fanart>
</item>
<item>
	<title>Reservoir Dogs (1992)</title>
	<meta>
		<content>movie</content>
		<imdb>tt0105236</imdb>
		<title>Reservoir Dogs</title>
		<year>1992</year>
	</meta>
	<link>
		<sublink>search</sublink>
		<sublink>searchsd</sublink>
	</link>
	<thumbnail>https://image.tmdb.org/t/p/w1280/tB2ITHg556e7aTV6cqQqVAXkdxN.jpg</thumbnail>
	<fanart>https://image.tmdb.org/t/p/w1280/gjOiE5EYH5sqcJYlSDZnVWRMgNV.jpg</fanart>
</item>
<item>
	<title>Sonatine (1993)</title>
	<meta>
		<content>movie</content>
		<imdb>tt0108188</imdb>
		<title>Sonatine</title>
		<year>1993</year>
	</meta>
	<link>
		<sublink>search</sublink>
		<sublink>searchsd</sublink>
	</link>
	<thumbnail>https://image.tmdb.org/t/p/w1280/2YRqFTZrW6GKCCieZ0CAVoyw0EV.jpg</thumbnail>
	<fanart>https://image.tmdb.org/t/p/w1280/n0CaCKJLE3kvAU2TESvN4xJbseg.jpg</fanart>
</item>
<item>
	<title>Lock, Stock and Two Smoking Barrels (1998)</title>
	<meta>
		<content>movie</content>
		<imdb>tt0120735</imdb>
		<title>Lock, Stock and Two Smoking Barrels</title>
		<year>1998</year>
	</meta>
	<link>
		<sublink>search</sublink>
		<sublink>searchsd</sublink>
	</link>
	<thumbnail>https://image.tmdb.org/t/p/w1280/qV7QaSf7f7yC2lc985zfyOJIAIN.jpg</thumbnail>
	<fanart>https://image.tmdb.org/t/p/w1280/kzeR7BA0htJ7BeI6QEUX3PVp39s.jpg</fanart>
</item>
<item>
	<title>Blow (2001)</title>
	<meta>
		<content>movie</content>
		<imdb>tt0221027</imdb>
		<title>Blow</title>
		<year>2001</year>
	</meta>
	<link>
		<sublink>search</sublink>
		<sublink>searchsd</sublink>
	</link>
	<thumbnail>https://image.tmdb.org/t/p/w1280/yCLLbZzAa7jreGus7pvjZmL0bj7.jpg</thumbnail>
	<fanart>https://image.tmdb.org/t/p/w1280/lVlzUCVxMZCMnZxwauBK92jBS2b.jpg</fanart>
</item>
<item>
	<title>Carlito's Way (1993)</title>
	<meta>
		<content>movie</content>
		<imdb>tt0106519</imdb>
		<title>Carlito's Way</title>
		<year>1993</year>
	</meta>
	<link>
		<sublink>search</sublink>
		<sublink>searchsd</sublink>
	</link>
	<thumbnail>https://image.tmdb.org/t/p/w1280/tGPqPHuOCbyFxwllrYgKkPDu9xB.jpg</thumbnail>
	<fanart>https://image.tmdb.org/t/p/w1280/96SWzd50N2HavBkg07QLEcievZh.jpg</fanart>
</item>
<item>
	<title>Road to Perdition (2002)</title>
	<meta>
		<content>movie</content>
		<imdb>tt0257044</imdb>
		<title>Road to Perdition</title>
		<year>2002</year>
	</meta>
	<link>
		<sublink>search</sublink>
		<sublink>searchsd</sublink>
	</link>
	<thumbnail>https://image.tmdb.org/t/p/w1280/jn0GH8klINSQtRNifY8W2Kv4ajl.jpg</thumbnail>
	<fanart>https://image.tmdb.org/t/p/w1280/z1ePpG598FI2az9fZrvHmKbV5Tz.jpg</fanart>
</item>
<item>
	<title>Rise of the Footsoldier (2007)</title>
	<meta>
		<content>movie</content>
		<imdb>tt0901507</imdb>
		<title>Rise of the Footsoldier</title>
		<year>2007</year>
	</meta>
	<link>
		<sublink>search</sublink>
		<sublink>searchsd</sublink>
	</link>
	<thumbnail>https://image.tmdb.org/t/p/w1280/iPJdTZ9pe7fjo4rB6YgsLDLOgO6.jpg</thumbnail>
	<fanart>https://image.tmdb.org/t/p/w1280/xkjeG2Iv9sX88uNvk4pNipBPx6i.jpg</fanart>
</item>
<item>
	<title>Ghosts of Citxc3xa9 Soleil (2006)</title>
	<meta>
		<content>movie</content>
		<imdb>tt0479046</imdb>
		<title>Ghosts of Citxc3xa9 Soleil</title>
		<year>2006</year>
	</meta>
	<link>
		<sublink>search</sublink>
		<sublink>searchsd</sublink>
	</link>
	<thumbnail>https://image.tmdb.org/t/p/w1280/pKiEJOV4t1c1Q4jwEDPPreNgDbA.jpg</thumbnail>
	<fanart>https://image.tmdb.org/t/p/w1280/28bUP7M17KWleH3Fz6ZbbxZQO4.jpg</fanart>
</item>
<item>
	<title>Chopper (2000)</title>
	<meta>
		<content>movie</content>
		<imdb>tt0221073</imdb>
		<title>Chopper</title>
		<year>2000</year>
	</meta>
	<link>
		<sublink>search</sublink>
		<sublink>searchsd</sublink>
	</link>
	<thumbnail>https://image.tmdb.org/t/p/w1280/8QMcZ0SgHdysnScc2mOCwGaruOU.jpg</thumbnail>
	<fanart>https://image.tmdb.org/t/p/w1280/aJXXucB3feb9qFsF0BByUzYtEMw.jpg</fanart>
</item>
<item>
	<title>New Jack City (1991)</title>
	<meta>
		<content>movie</content>
		<imdb>tt0102526</imdb>
		<title>New Jack City</title>
		<year>1991</year>
	</meta>
	<link>
		<sublink>search</sublink>
		<sublink>searchsd</sublink>
	</link>
	<thumbnail>https://image.tmdb.org/t/p/w1280/txv0O2JFb2FimlR3Afhzc1z2Gas.jpg</thumbnail>
	<fanart>https://image.tmdb.org/t/p/w1280/dwXtZnPJwYI8tOju4k8VnBu3EVS.jpg</fanart>
</item>
<item>
	<title>Sin City (2005)</title>
	<meta>
		<content>movie</content>
		<imdb>tt0401792</imdb>
		<title>Sin City</title>
		<year>2005</year>
	</meta>
	<link>
		<sublink>search</sublink>
		<sublink>searchsd</sublink>
	</link>
	<thumbnail>https://image.tmdb.org/t/p/w1280/vKJVGOKPyWqp9d2EX5NH1liqRqR.jpg</thumbnail>
	<fanart>https://image.tmdb.org/t/p/w1280/my81Hjt7NpZhaMX9bHi4wVhFy0v.jpg</fanart>
</item>
<item>
	<title>King of New York (1990)</title>
	<meta>
		<content>movie</content>
		<imdb>tt0099939</imdb>
		<title>King of New York</title>
		<year>1990</year>
	</meta>
	<link>
		<sublink>search</sublink>
		<sublink>searchsd</sublink>
	</link>
	<thumbnail>https://image.tmdb.org/t/p/w1280/2KU2fz0XvIjV6YTuPts2w86zgXu.jpg</thumbnail>
	<fanart>https://image.tmdb.org/t/p/w1280/sevFBRTzk9tk4qHCZdG2NZCRrAB.jpg</fanart>
</item>
<item>
	<title>RocknRolla (2008)</title>
	<meta>
		<content>movie</content>
		<imdb>tt1032755</imdb>
		<title>RocknRolla</title>
		<year>2008</year>
	</meta>
	<link>
		<sublink>search</sublink>
		<sublink>searchsd</sublink>
	</link>
	<thumbnail>https://image.tmdb.org/t/p/w1280/9tnHUDuUDrNJxJ3raxpKIrnYXlH.jpg</thumbnail>
	<fanart>https://image.tmdb.org/t/p/w1280/axbO2zZWdSzF7Y2tnSve9QIEhiV.jpg</fanart>
</item>
<item>
	<title>Snow on Tha Bluff (2011)</title>
	<meta>
		<content>movie</content>
		<imdb>tt1719634</imdb>
		<title>Snow on Tha Bluff</title>
		<year>2011</year>
	</meta>
	<link>
		<sublink>search</sublink>
		<sublink>searchsd</sublink>
	</link>
	<thumbnail>https://image.tmdb.org/t/p/w1280/irEhU7xmtGggXHENeXgsTOlONLt.jpg</thumbnail>
	<fanart>https://image.tmdb.org/t/p/w1280/4QMKoFZMZJtI0IXOFrh3amCmDtv.jpg</fanart>
</item>
<item>
	<title>Scarface (1932)</title>
	<meta>
		<content>movie</content>
		<imdb>tt0023427</imdb>
		<title>Scarface</title>
		<year>1932</year>
	</meta>
	<link>
		<sublink>search</sublink>
		<sublink>searchsd</sublink>
	</link>
	<thumbnail>https://image.tmdb.org/t/p/w1280/ai9WOjgNRXo42D0GJIIdi7toZ5x.jpg</thumbnail>
	<fanart>https://image.tmdb.org/t/p/w1280/fX1DFPMZYsRG17BmMPJAKUaBZEz.jpg</fanart>
</item>
<item>
	<title>Sexy Beast (2000)</title>
	<meta>
		<content>movie</content>
		<imdb>tt0203119</imdb>
		<title>Sexy Beast</title>
		<year>2000</year>
	</meta>
	<link>
		<sublink>search</sublink>
		<sublink>searchsd</sublink>
	</link>
	<thumbnail>https://image.tmdb.org/t/p/w1280/rpo9njGpJVLPqRrdM6R7wIqiQ7K.jpg</thumbnail>
	<fanart>https://image.tmdb.org/t/p/w1280/sDSwD63e0qfNE1YvH8aczFoSGTt.jpg</fanart>
</item>
<item>
	<title>Animal Kingdom (2010)</title>
	<meta>
		<content>movie</content>
		<imdb>tt1313092</imdb>
		<title>Animal Kingdom</title>
		<year>2010</year>
	</meta>
	<link>
		<sublink>search</sublink>
		<sublink>searchsd</sublink>
	</link>
	<thumbnail>https://image.tmdb.org/t/p/w1280/zhj8YPQKuRev5N3KoHacsPnF4mB.jpg</thumbnail>
	<fanart>https://image.tmdb.org/t/p/w1280/1V8C68OvU7IDjZO9GtfwfmHa8X7.jpg</fanart>
</item>
<item>
	<title>Quadrophenia (1979)</title>
	<meta>
		<content>movie</content>
		<imdb>tt0079766</imdb>
		<title>Quadrophenia</title>
		<year>1979</year>
	</meta>
	<link>
		<sublink>search</sublink>
		<sublink>searchsd</sublink>
	</link>
	<thumbnail>https://image.tmdb.org/t/p/w1280/6ek1jQgI2XsPZ1zwTUvYeEiWYld.jpg</thumbnail>
	<fanart>https://image.tmdb.org/t/p/w1280/8CAO7f6jp3nJGYJCCKMuOF7ZbUC.jpg</fanart>
</item>
<item>
	<title>The Football Factory (2004)</title>
	<meta>
		<content>movie</content>
		<imdb>tt0385705</imdb>
		<title>The Football Factory</title>
		<year>2004</year>
	</meta>
	<link>
		<sublink>search</sublink>
		<sublink>searchsd</sublink>
	</link>
	<thumbnail>https://image.tmdb.org/t/p/w1280/ja76eLRw7XSc1VdlNXEb8ufTIoW.jpg</thumbnail>
	<fanart>https://image.tmdb.org/t/p/w1280/9S6gAxuvrXn1Zp8m4NDOInbz0MU.jpg</fanart>
</item>
<item>
	<title>Alpha Dog (2006)</title>
	<meta>
		<content>movie</content>
		<imdb>tt0426883</imdb>
		<title>Alpha Dog</title>
		<year>2006</year>
	</meta>
	<link>
		<sublink>search</sublink>
		<sublink>searchsd</sublink>
	</link>
	<thumbnail>https://image.tmdb.org/t/p/w1280/t9pirEsDxe102mSQGoDZWBbdcCD.jpg</thumbnail>
	<fanart>https://image.tmdb.org/t/p/w1280/LxmZLr6VHeibkq5DG0LvRKJWrX.jpg</fanart>
</item>
<item>
	<title>Savages (2012)</title>
	<meta>
		<content>movie</content>
		<imdb>tt1615065</imdb>
		<title>Savages</title>
		<year>2012</year>
	</meta>
	<link>
		<sublink>search</sublink>
		<sublink>searchsd</sublink>
	</link>
	<thumbnail>https://image.tmdb.org/t/p/w1280/ecN4PGSU6zhYlAUL8Jh4qyE2um9.jpg</thumbnail>
	<fanart>https://image.tmdb.org/t/p/w1280/hAQ6V21C8EhTaEVuF8Rq054yqTj.jpg</fanart>
</item>
<item>
	<title>Essex Boys (2000)</title>
	<meta>
		<content>movie</content>
		<imdb>tt0191996</imdb>
		<title>Essex Boys</title>
		<year>2000</year>
	</meta>
	<link>
		<sublink>search</sublink>
		<sublink>searchsd</sublink>
	</link>
	<thumbnail>https://image.tmdb.org/t/p/w1280/utskEljHWucO6lFsZLvWrRIE8c6.jpg</thumbnail>
	<fanart>https://image.tmdb.org/t/p/w1280/l5mdQKqdVzVEo47qiXAdH7dwdqL.jpg</fanart>
</item>
<item>
	<title>Neds (2010)</title>
	<meta>
		<content>movie</content>
		<imdb>tt1560970</imdb>
		<title>Neds</title>
		<year>2010</year>
	</meta>
	<link>
		<sublink>search</sublink>
		<sublink>searchsd</sublink>
	</link>
	<thumbnail>https://image.tmdb.org/t/p/w1280/58jYaHOg8emGal0IxVwmQvBtf9a.jpg</thumbnail>
	<fanart>https://image.tmdb.org/t/p/w1280/6jKRvE4vpVR3QimkThnsp95Q8tE.jpg</fanart>
</item>
<item>
	<title>Cidade dos Homens (2007)</title>
	<meta>
		<content>movie</content>
		<imdb>tt0870090</imdb>
		<title>Cidade dos Homens</title>
		<year>2007</year>
	</meta>
	<link>
		<sublink>search</sublink>
		<sublink>searchsd</sublink>
	</link>
	<thumbnail>https://image.tmdb.org/t/p/w1280none</thumbnail>
	<fanart>https://image.tmdb.org/t/p/w1280none</fanart>
</item>
<item>
	<title>Bronson (2008)</title>
	<meta>
		<content>movie</content>
		<imdb>tt1172570</imdb>
		<title>Bronson</title>
		<year>2008</year>
	</meta>
	<link>
		<sublink>search</sublink>
		<sublink>searchsd</sublink>
	</link>
	<thumbnail>https://image.tmdb.org/t/p/w1280none</thumbnail>
	<fanart>https://image.tmdb.org/t/p/w1280none</fanart>
</item>
<item>
	<title>Jamesy Boy (2014)</title>
	<meta>
		<content>movie</content>
		<imdb>tt1673734</imdb>
		<title>Jamesy Boy</title>
		<year>2014</year>
	</meta>
	<link>
		<sublink>search</sublink>
		<sublink>searchsd</sublink>
	</link>
	<thumbnail>https://image.tmdb.org/t/p/w1280none</thumbnail>
	<fanart>https://image.tmdb.org/t/p/w1280none</fanart>
</item>
<item>
	<title>Love, Honor and Obey (2000)</title>
	<meta>
		<content>movie</content>
		<imdb>tt0199727</imdb>
		<title>Love, Honor and Obey</title>
		<year>2000</year>
	</meta>
	<link>
		<sublink>search</sublink>
		<sublink>searchsd</sublink>
	</link>
	<thumbnail>https://image.tmdb.org/t/p/w1280none</thumbnail>
	<fanart>https://image.tmdb.org/t/p/w1280none</fanart>
</item>
<item>
	<title>Boyz n the Hood (1991)</title>
	<meta>
		<content>movie</content>
		<imdb>tt0101507</imdb>
		<title>Boyz n the Hood</title>
		<year>1991</year>
	</meta>
	<link>
		<sublink>search</sublink>
		<sublink>searchsd</sublink>
	</link>
	<thumbnail>https://image.tmdb.org/t/p/w1280none</thumbnail>
	<fanart>https://image.tmdb.org/t/p/w1280none</fanart>
</item>
<item>
	<title>Kids (1995)</title>
	<meta>
		<content>movie</content>
		<imdb>tt0113540</imdb>
		<title>Kids</title>
		<year>1995</year>
	</meta>
	<link>
		<sublink>search</sublink>
		<sublink>searchsd</sublink>
	</link>
	<thumbnail>https://image.tmdb.org/t/p/w1280none</thumbnail>
	<fanart>https://image.tmdb.org/t/p/w1280none</fanart>
</item>
<item>
	<title>The Magician (I) (2005)</title>
	<meta>
		<content>movie</content>
		<imdb>tt0461989</imdb>
		<title>The Magician</title>
		<year>I 2005</year>
	</meta>
	<link>
		<sublink>search</sublink>
		<sublink>searchsd</sublink>
	</link>
	<thumbnail>https://image.tmdb.org/t/p/w1280none</thumbnail>
	<fanart>https://image.tmdb.org/t/p/w1280none</fanart>
</item>
<item>
	<title>Shottas (2002)</title>
	<meta>
		<content>movie</content>
		<imdb>tt0281190</imdb>
		<title>Shottas</title>
		<year>2002</year>
	</meta>
	<link>
		<sublink>search</sublink>
		<sublink>searchsd</sublink>
	</link>
	<thumbnail>https://image.tmdb.org/t/p/w1280none</thumbnail>
	<fanart>https://image.tmdb.org/t/p/w1280none</fanart>
</item>
<item>
	<title>Juice (1992)</title>
	<meta>
		<content>movie</content>
		<imdb>tt0104573</imdb>
		<title>Juice</title>
		<year>1992</year>
	</meta>
	<link>
		<sublink>search</sublink>
		<sublink>searchsd</sublink>
	</link>
	<thumbnail>https://image.tmdb.org/t/p/w1280none</thumbnail>
	<fanart>https://image.tmdb.org/t/p/w1280none</fanart>
</item>
<item>
	<title>Menace II Society (1993)</title>
	<meta>
		<content>movie</content>
		<imdb>tt0107554</imdb>
		<title>Menace II Society</title>
		<year>1993</year>
	</meta>
	<link>
		<sublink>search</sublink>
		<sublink>searchsd</sublink>
	</link>
	<thumbnail>https://image.tmdb.org/t/p/w1280none</thumbnail>
	<fanart>https://image.tmdb.org/t/p/w1280none</fanart>
</item>
<item>
	<title>The General (1998)</title>
	<meta>
		<content>movie</content>
		<imdb>tt0120706</imdb>
		<title>The General</title>
		<year>1998</year>
	</meta>
	<link>
		<sublink>search</sublink>
		<sublink>searchsd</sublink>
	</link>
	<thumbnail>https://image.tmdb.org/t/p/w1280none</thumbnail>
	<fanart>https://image.tmdb.org/t/p/w1280none</fanart>
</item>
<item>
	<title>Gangster No. 1 (2000)</title>
	<meta>
		<content>movie</content>
		<imdb>tt0210065</imdb>
		<title>Gangster No. 1</title>
		<year>2000</year>
	</meta>
	<link>
		<sublink>search</sublink>
		<sublink>searchsd</sublink>
	</link>
	<thumbnail>https://image.tmdb.org/t/p/w1280none</thumbnail>
	<fanart>https://image.tmdb.org/t/p/w1280none</fanart>
</item>
<item>
	<title>The Godfather: Part II (1974)</title>
	<meta>
		<content>movie</content>
		<imdb>tt0071562</imdb>
		<title>The Godfather: Part II</title>
		<year>1974</year>
	</meta>
	<link>
		<sublink>search</sublink>
		<sublink>searchsd</sublink>
	</link>
	<thumbnail>https://image.tmdb.org/t/p/w1280none</thumbnail>
	<fanart>https://image.tmdb.org/t/p/w1280none</fanart>
</item>
<item>
	<title>The Godfather: Part III (1990)</title>
	<meta>
		<content>movie</content>
		<imdb>tt0099674</imdb>
		<title>The Godfather: Part III</title>
		<year>1990</year>
	</meta>
	<link>
		<sublink>search</sublink>
		<sublink>searchsd</sublink>
	</link>
	<thumbnail>https://image.tmdb.org/t/p/w1280none</thumbnail>
	<fanart>https://image.tmdb.org/t/p/w1280none</fanart>
</item>
<item>
	<title>The Town (2010)</title>
	<meta>
		<content>movie</content>
		<imdb>tt0840361</imdb>
		<title>The Town</title>
		<year>2010</year>
	</meta>
	<link>
		<sublink>search</sublink>
		<sublink>searchsd</sublink>
	</link>
	<thumbnail>https://image.tmdb.org/t/p/w1280none</thumbnail>
	<fanart>https://image.tmdb.org/t/p/w1280none</fanart>
</item>
<item>
	<title>Kill the Irishman (2011)</title>
	<meta>
		<content>movie</content>
		<imdb>tt1416801</imdb>
		<title>Kill the Irishman</title>
		<year>2011</year>
	</meta>
	<link>
		<sublink>search</sublink>
		<sublink>searchsd</sublink>
	</link>
	<thumbnail>https://image.tmdb.org/t/p/w1280none</thumbnail>
	<fanart>https://image.tmdb.org/t/p/w1280none</fanart>
</item>
<item>
	<title>Pusher (1996)</title>
	<meta>
		<content>movie</content>
		<imdb>tt0117407</imdb>
		<title>Pusher</title>
		<year>1996</year>
	</meta>
	<link>
		<sublink>search</sublink>
		<sublink>searchsd</sublink>
	</link>
	<thumbnail>https://image.tmdb.org/t/p/w1280none</thumbnail>
	<fanart>https://image.tmdb.org/t/p/w1280none</fanart>
</item>
<item>
	<title>Carlito's Way: Rise to Power (2005 Video)</title>
	<meta>
		<content>movie</content>
		<imdb>tt0427038</imdb>
		<title>Carlito's Way: Rise to Power</title>
		<year>2005 Video</year>
	</meta>
	<link>
		<sublink>search</sublink>
		<sublink>searchsd</sublink>
	</link>
	<thumbnail>https://image.tmdb.org/t/p/w1280none</thumbnail>
	<fanart>https://image.tmdb.org/t/p/w1280none</fanart>
</item>
<item>
	<title>Get Carter (1971)</title>
	<meta>
		<content>movie</content>
		<imdb>tt0067128</imdb>
		<title>Get Carter</title>
		<year>1971</year>
	</meta>
	<link>
		<sublink>search</sublink>
		<sublink>searchsd</sublink>
	</link>
	<thumbnail>https://image.tmdb.org/t/p/w1280none</thumbnail>
	<fanart>https://image.tmdb.org/t/p/w1280none</fanart>
</item>
<item>
	<title>Chinatown (1974)</title>
	<meta>
		<content>movie</content>
		<imdb>tt0071315</imdb>
		<title>Chinatown</title>
		<year>1974</year>
	</meta>
	<link>
		<sublink>search</sublink>
		<sublink>searchsd</sublink>
	</link>
	<thumbnail>https://image.tmdb.org/t/p/w1280none</thumbnail>
	<fanart>https://image.tmdb.org/t/p/w1280none</fanart>
</item>
<item>
	<title>Gangs of New York (2002)</title>
	<meta>
		<content>movie</content>
		<imdb>tt0217505</imdb>
		<title>Gangs of New York</title>
		<year>2002</year>
	</meta>
	<link>
		<sublink>search</sublink>
		<sublink>searchsd</sublink>
	</link>
	<thumbnail>https://image.tmdb.org/t/p/w1280none</thumbnail>
	<fanart>https://image.tmdb.org/t/p/w1280none</fanart>
</item>
<item>
	<title>Harry Brown (2009)</title>
	<meta>
		<content>movie</content>
		<imdb>tt1289406</imdb>
		<title>Harry Brown</title>
		<year>2009</year>
	</meta>
	<link>
		<sublink>search</sublink>
		<sublink>searchsd</sublink>
	</link>
	<thumbnail>https://image.tmdb.org/t/p/w1280none</thumbnail>
	<fanart>https://image.tmdb.org/t/p/w1280none</fanart>
</item>
<item>
	<title>Mr. Nice (2010)</title>
	<meta>
		<content>movie</content>
		<imdb>tt1183911</imdb>
		<title>Mr. Nice</title>
		<year>2010</year>
	</meta>
	<link>
		<sublink>search</sublink>
		<sublink>searchsd</sublink>
	</link>
	<thumbnail>https://image.tmdb.org/t/p/w1280none</thumbnail>
	<fanart>https://image.tmdb.org/t/p/w1280none</fanart>
</item>
<item>
	<title>Mean Streets (1973)</title>
	<meta>
		<content>movie</content>
		<imdb>tt0070379</imdb>
		<title>Mean Streets</title>
		<year>1973</year>
	</meta>
	<link>
		<sublink>search</sublink>
		<sublink>searchsd</sublink>
	</link>
	<thumbnail>https://image.tmdb.org/t/p/w1280none</thumbnail>
	<fanart>https://image.tmdb.org/t/p/w1280none</fanart>
</item>
<item>
	<title>Miller's Crossing (1990)</title>
	<meta>
		<content>movie</content>
		<imdb>tt0100150</imdb>
		<title>Miller's Crossing</title>
		<year>1990</year>
	</meta>
	<link>
		<sublink>search</sublink>
		<sublink>searchsd</sublink>
	</link>
	<thumbnail>https://image.tmdb.org/t/p/w1280none</thumbnail>
	<fanart>https://image.tmdb.org/t/p/w1280none</fanart>
</item>
<item>
	<title>The Krays (1990)</title>
	<meta>
		<content>movie</content>
		<imdb>tt0099951</imdb>
		<title>The Krays</title>
		<year>1990</year>
	</meta>
	<link>
		<sublink>search</sublink>
		<sublink>searchsd</sublink>
	</link>
	<thumbnail>https://image.tmdb.org/t/p/w1280none</thumbnail>
	<fanart>https://image.tmdb.org/t/p/w1280none</fanart>
</item>
<item>
	<title>Gangster Squad (2013)</title>
	<meta>
		<content>movie</content>
		<imdb>tt1321870</imdb>
		<title>Gangster Squad</title>
		<year>2013</year>
	</meta>
	<link>
		<sublink>search</sublink>
		<sublink>searchsd</sublink>
	</link>
	<thumbnail>https://image.tmdb.org/t/p/w1280none</thumbnail>
	<fanart>https://image.tmdb.org/t/p/w1280none</fanart>
</item>
<item>
	<title>The Untouchables (1987)</title>
	<meta>
		<content>movie</content>
		<imdb>tt0094226</imdb>
		<title>The Untouchables</title>
		<year>1987</year>
	</meta>
	<link>
		<sublink>search</sublink>
		<sublink>searchsd</sublink>
	</link>
	<thumbnail>https://image.tmdb.org/t/p/w1280none</thumbnail>
	<fanart>https://image.tmdb.org/t/p/w1280none</fanart>
</item>
<item>
	<title>Heat (1995)</title>
	<meta>
		<content>movie</content>
		<imdb>tt0113277</imdb>
		<title>Heat</title>
		<year>1995</year>
	</meta>
	<link>
		<sublink>search</sublink>
		<sublink>searchsd</sublink>
	</link>
	<thumbnail>https://image.tmdb.org/t/p/w1280none</thumbnail>
	<fanart>https://image.tmdb.org/t/p/w1280none</fanart>
</item>
<item>
	<title>No Country for Old Men (2007)</title>
	<meta>
		<content>movie</content>
		<imdb>tt0477348</imdb>
		<title>No Country for Old Men</title>
		<year>2007</year>
	</meta>
	<link>
		<sublink>search</sublink>
		<sublink>searchsd</sublink>
	</link>
	<thumbnail>https://image.tmdb.org/t/p/w1280none</thumbnail>
	<fanart>https://image.tmdb.org/t/p/w1280none</fanart>
</item>
<item>
	<title>The Warriors (1979)</title>
	<meta>
		<content>movie</content>
		<imdb>tt0080120</imdb>
		<title>The Warriors</title>
		<year>1979</year>
	</meta>
	<link>
		<sublink>search</sublink>
		<sublink>searchsd</sublink>
	</link>
	<thumbnail>https://image.tmdb.org/t/p/w1280none</thumbnail>
	<fanart>https://image.tmdb.org/t/p/w1280none</fanart>
</item>
<item>
	<title>Desperado (1995)</title>
	<meta>
		<content>movie</content>
		<imdb>tt0112851</imdb>
		<title>Desperado</title>
		<year>1995</year>
	</meta>
	<link>
		<sublink>search</sublink>
		<sublink>searchsd</sublink>
	</link>
	<thumbnail>https://image.tmdb.org/t/p/w1280none</thumbnail>
	<fanart>https://image.tmdb.org/t/p/w1280none</fanart>
</item>
<item>
	<title>The Business (2005)</title>
	<meta>
		<content>movie</content>
		<imdb>tt0429715</imdb>
		<title>The Business</title>
		<year>2005</year>
	</meta>
	<link>
		<sublink>search</sublink>
		<sublink>searchsd</sublink>
	</link>
	<thumbnail>https://image.tmdb.org/t/p/w1280none</thumbnail>
	<fanart>https://image.tmdb.org/t/p/w1280none</fanart>
</item>
<item>
	<title>McVicar (1980)</title>
	<meta>
		<content>movie</content>
		<imdb>tt0081144</imdb>
		<title>McVicar</title>
		<year>1980</year>
	</meta>
	<link>
		<sublink>search</sublink>
		<sublink>searchsd</sublink>
	</link>
	<thumbnail>https://image.tmdb.org/t/p/w1280none</thumbnail>
	<fanart>https://image.tmdb.org/t/p/w1280none</fanart>
</item>
<item>
	<title>Eastern Promises (2007)</title>
	<meta>
		<content>movie</content>
		<imdb>tt0765443</imdb>
		<title>Eastern Promises</title>
		<year>2007</year>
	</meta>
	<link>
		<sublink>search</sublink>
		<sublink>searchsd</sublink>
	</link>
	<thumbnail>https://image.tmdb.org/t/p/w1280none</thumbnail>
	<fanart>https://image.tmdb.org/t/p/w1280none</fanart>
</item>
<item>
	<title>Hard Boiled (1992)</title>
	<meta>
		<content>movie</content>
		<imdb>tt0104684</imdb>
		<title>Hard Boiled</title>
		<year>1992</year>
	</meta>
	<link>
		<sublink>search</sublink>
		<sublink>searchsd</sublink>
	</link>
	<thumbnail>https://image.tmdb.org/t/p/w1280none</thumbnail>
	<fanart>https://image.tmdb.org/t/p/w1280none</fanart>
</item>
<item>
	<title>Lucky Number Slevin (2006)</title>
	<meta>
		<content>movie</content>
		<imdb>tt0425210</imdb>
		<title>Lucky Number Slevin</title>
		<year>2006</year>
	</meta>
	<link>
		<sublink>search</sublink>
		<sublink>searchsd</sublink>
	</link>
	<thumbnail>https://image.tmdb.org/t/p/w1280none</thumbnail>
	<fanart>https://image.tmdb.org/t/p/w1280none</fanart>
</item>
<item>
	<title>Machine-Gun Kelly (1958)</title>
	<meta>
		<content>movie</content>
		<imdb>tt0051887</imdb>
		<title>Machine-Gun Kelly</title>
		<year>1958</year>
	</meta>
	<link>
		<sublink>search</sublink>
		<sublink>searchsd</sublink>
	</link>
	<thumbnail>https://image.tmdb.org/t/p/w1280none</thumbnail>
	<fanart>https://image.tmdb.org/t/p/w1280none</fanart>
</item>
<item>
	<title>A Bronx Tale (1993)</title>
	<meta>
		<content>movie</content>
		<imdb>tt0106489</imdb>
		<title>A Bronx Tale</title>
		<year>1993</year>
	</meta>
	<link>
		<sublink>search</sublink>
		<sublink>searchsd</sublink>
	</link>
	<thumbnail>https://image.tmdb.org/t/p/w1280none</thumbnail>
	<fanart>https://image.tmdb.org/t/p/w1280none</fanart>
</item>
<item>
	<title>White Heat (1949)</title>
	<meta>
		<content>movie</content>
		<imdb>tt0042041</imdb>
		<title>White Heat</title>
		<year>1949</year>
	</meta>
	<link>
		<sublink>search</sublink>
		<sublink>searchsd</sublink>
	</link>
	<thumbnail>https://image.tmdb.org/t/p/w1280none</thumbnail>
	<fanart>https://image.tmdb.org/t/p/w1280none</fanart>
</item>
<item>
	<title>Ordinary Decent Criminal (2000)</title>
	<meta>
		<content>movie</content>
		<imdb>tt0160611</imdb>
		<title>Ordinary Decent Criminal</title>
		<year>2000</year>
	</meta>
	<link>
		<sublink>search</sublink>
		<sublink>searchsd</sublink>
	</link>
	<thumbnail>https://image.tmdb.org/t/p/w1280none</thumbnail>
	<fanart>https://image.tmdb.org/t/p/w1280none</fanart>
</item>
<item>
	<title>Billy Bathgate (1991)</title>
	<meta>
		<content>movie</content>
		<imdb>tt0101453</imdb>
		<title>Billy Bathgate</title>
		<year>1991</year>
	</meta>
	<link>
		<sublink>search</sublink>
		<sublink>searchsd</sublink>
	</link>
	<thumbnail>https://image.tmdb.org/t/p/w1280none</thumbnail>
	<fanart>https://image.tmdb.org/t/p/w1280none</fanart>
</item>
<item>
	<title>The Limey (1999)</title>
	<meta>
		<content>movie</content>
		<imdb>tt0165854</imdb>
		<title>The Limey</title>
		<year>1999</year>
	</meta>
	<link>
		<sublink>search</sublink>
		<sublink>searchsd</sublink>
	</link>
	<thumbnail>https://image.tmdb.org/t/p/w1280none</thumbnail>
	<fanart>https://image.tmdb.org/t/p/w1280none</fanart>
</item>
<item>
	<title>Last Man Standing (1996)</title>
	<meta>
		<content>movie</content>
		<imdb>tt0116830</imdb>
		<title>Last Man Standing</title>
		<year>1996</year>
	</meta>
	<link>
		<sublink>search</sublink>
		<sublink>searchsd</sublink>
	</link>
	<thumbnail>https://image.tmdb.org/t/p/w1280none</thumbnail>
	<fanart>https://image.tmdb.org/t/p/w1280none</fanart>
</item>
<item>
	<title>Hoodlum (1997)</title>
	<meta>
		<content>movie</content>
		<imdb>tt0119311</imdb>
		<title>Hoodlum</title>
		<year>1997</year>
	</meta>
	<link>
		<sublink>search</sublink>
		<sublink>searchsd</sublink>
	</link>
	<thumbnail>https://image.tmdb.org/t/p/w1280/pl4S4tU4qcXp9wBHnJCso2xcq8P.jpg</thumbnail>
	<fanart>https://image.tmdb.org/t/p/w1280/8X2XRNOs3izinVwlPwd8ODWMZYe.jpg</fanart>
</item>
<item>
	<title>Ill Manors (2012)</title>
	<meta>
		<content>movie</content>
		<imdb>tt1760967</imdb>
		<title>Ill Manors</title>
		<year>2012</year>
	</meta>
	<link>
		<sublink>search</sublink>
		<sublink>searchsd</sublink>
	</link>
	<thumbnail>https://image.tmdb.org/t/p/w1280/uOFTeOrO6pX4BkrHz2Na0P08YPj.jpg</thumbnail>
	<fanart>https://image.tmdb.org/t/p/w1280/9LHxuKsf0eEBWbHHLri3wbBbWCZ.jpg</fanart>
</item>
<item>
	<title>Mobsters (1991)</title>
	<meta>
		<content>movie</content>
		<imdb>tt0102460</imdb>
		<title>Mobsters</title>
		<year>1991</year>
	</meta>
	<link>
		<sublink>search</sublink>
		<sublink>searchsd</sublink>
	</link>
	<thumbnail>https://image.tmdb.org/t/p/w1280/cnwwWcrQObhjQskLMjxAW0nbwmQ.jpg</thumbnail>
	<fanart>https://image.tmdb.org/t/p/w1280/xSpe14ZBb6fvnYdNWzJVNNQ0taQ.jpg</fanart>
</item>
<item>
	<title>Adulthood (2008)</title>
	<meta>
		<content>movie</content>
		<imdb>tt1126596</imdb>
		<title>Adulthood</title>
		<year>2008</year>
	</meta>
	<link>
		<sublink>search</sublink>
		<sublink>searchsd</sublink>
	</link>
	<thumbnail>https://image.tmdb.org/t/p/w1280/lTgAoC4qBGxKPCSHv27Ha76XHi2.jpg</thumbnail>
	<fanart>https://image.tmdb.org/t/p/w1280/f9FRgQdL0vvo76GDHMmTywtVrzm.jpg</fanart>
</item>
<item>
	<title>Koroshiya 1 (2001)</title>
	<meta>
		<content>movie</content>
		<imdb>tt0296042</imdb>
		<title>Koroshiya 1</title>
		<year>2001</year>
	</meta>
	<link>
		<sublink>search</sublink>
		<sublink>searchsd</sublink>
	</link>
	<thumbnail>https://image.tmdb.org/t/p/w1280/k8j4YLZlda98dqp9ErymKzjYowG.jpg</thumbnail>
	<fanart>https://image.tmdb.org/t/p/w1280/bma7e5YWIcvsy1tEuYqEHVY7qO7.jpg</fanart>
</item>
<item>
	<title>Kid Cannabis (2014)</title>
	<meta>
		<content>movie</content>
		<imdb>tt0780548</imdb>
		<title>Kid Cannabis</title>
		<year>2014</year>
	</meta>
	<link>
		<sublink>search</sublink>
		<sublink>searchsd</sublink>
	</link>
	<thumbnail>https://image.tmdb.org/t/p/w1280/2WpHnrbPco4sbIRea5FPDIGztX2.jpg</thumbnail>
	<fanart>https://image.tmdb.org/t/p/w1280/3n9kKETWCvlHrVhZXBI2QzzmUbJ.jpg</fanart>
</item>
<item>
	<title>Gangster Paradise (2001 Video)</title>
	<meta>
		<content>movie</content>
		<imdb>tt0781377</imdb>
		<title>Gangster Paradise</title>
		<year>2001 Video</year>
	</meta>
	<link>
		<sublink>search</sublink>
		<sublink>searchsd</sublink>
	</link>
	<thumbnail>https://image.tmdb.org/t/p/w1280none</thumbnail>
	<fanart>https://image.tmdb.org/t/p/w1280none</fanart>
</item>
<item>
	<title>State of Grace (1990)</title>
	<meta>
		<content>movie</content>
		<imdb>tt0100685</imdb>
		<title>State of Grace</title>
		<year>1990</year>
	</meta>
	<link>
		<sublink>search</sublink>
		<sublink>searchsd</sublink>
	</link>
	<thumbnail>https://image.tmdb.org/t/p/w1280/5vwP5vUBqizNI5O7UU6mAgkTkGa.jpg</thumbnail>
	<fanart>https://image.tmdb.org/t/p/w1280/6MuU4kX50nioR4ad1jSyFXfFv5h.jpg</fanart>
</item>
<item>
	<title>American Yakuza (1993)</title>
	<meta>
		<content>movie</content>
		<imdb>tt0109099</imdb>
		<title>American Yakuza</title>
		<year>1993</year>
	</meta>
	<link>
		<sublink>search</sublink>
		<sublink>searchsd</sublink>
	</link>
	<thumbnail>https://image.tmdb.org/t/p/w1280/dsQI45qku221FJeoihqr0VKCE9c.jpg</thumbnail>
	<fanart>https://image.tmdb.org/t/p/w1280/7YV2ieTnhFsoM2DPbmxvbI7IQi5.jpg</fanart>
</item>
<item>
	<title>Gomorrah (2008)</title>
	<meta>
		<content>movie</content>
		<imdb>tt0929425</imdb>
		<title>Gomorrah</title>
		<year>2008</year>
	</meta>
	<link>
		<sublink>search</sublink>
		<sublink>searchsd</sublink>
	</link>
	<thumbnail>https://image.tmdb.org/t/p/w1280/6aVJi30jxywKXbrpcBD11AuVoKv.jpg</thumbnail>
	<fanart>https://image.tmdb.org/t/p/w1280/7p7FIvssqsYUAdmhbgHSExzNk9D.jpg</fanart>
</item>
<item>
	<title>Blood In, Blood Out (1993)</title>
	<meta>
		<content>movie</content>
		<imdb>tt0106469</imdb>
		<title>Blood In, Blood Out</title>
		<year>1993</year>
	</meta>
	<link>
		<sublink>search</sublink>
		<sublink>searchsd</sublink>
	</link>
	<thumbnail>https://image.tmdb.org/t/p/w1280/ljWRROEZCLrBlSa4eWUBHq7zvnm.jpg</thumbnail>
	<fanart>https://image.tmdb.org/t/p/w1280/zQhFkQBMnzFxddwpUTDVdCzSgf9.jpg</fanart>
</item>
