<item>
	<title>Coco (I) (2017)</title>
	<meta>
		<content>movie</content>
		<imdb>tt2380307</imdb>
		<title>Coco</title>
		<year>I 2017</year>
	</meta>
	<link>
		<sublink>search</sublink>
		<sublink>searchsd</sublink>
	</link>
	<thumbnail>https://ia.media-imdb.com/images/M/MV5BYjQ5NjM0Y2YtNjZkNC00ZDhkLWJjMWItN2QyNzFkMDE3ZjAxXkEyXkFqcGdeQXVyODIxMzk5NjA@._V1_UY98_CR1,0,67,98_AL_.jpg</thumbnail>
	<fanart/>
</item>
<item>
	<title>Pitch Perfect 3 (2017)</title>
	<meta>
		<content>movie</content>
		<imdb>tt4765284</imdb>
		<title>Pitch Perfect 3</title>
		<year>2017</year>
	</meta>
	<link>
		<sublink>search</sublink>
		<sublink>searchsd</sublink>
	</link>
	<thumbnail>https://ia.media-imdb.com/images/M/MV5BMTU5NDI1MjkwMF5BMl5BanBnXkFtZTgwNjIxNTY2MzI@._V1_SY1000_SX800_AL_.jpg</thumbnail>
	<fanart/>
</item>
<item>
	<title>Baby Driver (2017)</title>
	<meta>
		<content>movie</content>
		<imdb>tt3890160</imdb>
		<title>Baby Driver</title>
		<year>2017</year>
	</meta>
	<link>
		<sublink>search</sublink>
		<sublink>searchsd</sublink>
	</link>
	<thumbnail>https://ia.media-imdb.com/images/M/MV5BMjM3MjQ1MzkxNl5BMl5BanBnXkFtZTgwODk1ODgyMjI@._V1_SY1000_SX800_AL_.jpg</thumbnail>
	<fanart/>
</item>
<item>
	<title>Sing (2016)</title>
	<meta>
		<content>movie</content>
		<imdb>tt3470600</imdb>
		<title>Sing</title>
		<year>2016</year>
	</meta>
	<link>
		<sublink>search</sublink>
		<sublink>searchsd</sublink>
	</link>
	<thumbnail>https://ia.media-imdb.com/images/M/MV5BMTYzODYzODU2Ml5BMl5BanBnXkFtZTgwNTc1MTA2NzE@._V1_SY1000_SX800_AL_.jpg</thumbnail>
	<fanart/>
</item>
<item>
	<title>Bohemian Rhapsody (2018)</title>
	<meta>
		<content>movie</content>
		<imdb>tt1727824</imdb>
		<title>Bohemian Rhapsody</title>
		<year>2018</year>
	</meta>
	<link>
		<sublink>search</sublink>
		<sublink>searchsd</sublink>
	</link>
	<thumbnail>https://ia.media-imdb.com/images/M/MV5BZjExNWYyNTYtMWU1ZC00ZTZjLWE2NTEtNGRhNWQ2ZWY2ODcwXkEyXkFqcGdeQXVyNDg2MjUxNjM@._V1_UY98_CR44,0,67,98_AL_.jpg</thumbnail>
	<fanart/>
</item>
<item>
	<title>Pitch Perfect (2012)</title>
	<meta>
		<content>movie</content>
		<imdb>tt1981677</imdb>
		<title>Pitch Perfect</title>
		<year>2012</year>
	</meta>
	<link>
		<sublink>search</sublink>
		<sublink>searchsd</sublink>
	</link>
	<thumbnail>https://ia.media-imdb.com/images/M/MV5BMTcyMTMzNzE5N15BMl5BanBnXkFtZTcwNzg5NjM5Nw@@._V1_SY1000_SX800_AL_.jpg</thumbnail>
	<fanart/>
</item>
<item>
	<title>La La Land (I) (2016)</title>
	<meta>
		<content>movie</content>
		<imdb>tt3783958</imdb>
		<title>La La Land</title>
		<year>I 2016</year>
	</meta>
	<link>
		<sublink>search</sublink>
		<sublink>searchsd</sublink>
	</link>
	<thumbnail>https://ia.media-imdb.com/images/M/MV5BMzUzNDM2NzM2MV5BMl5BanBnXkFtZTgwNTM3NTg4OTE@._V1_SY1000_SX800_AL_.jpg</thumbnail>
	<fanart/>
</item>
<item>
	<title>School of Rock (2003)</title>
	<meta>
		<content>movie</content>
		<imdb>tt0332379</imdb>
		<title>School of Rock</title>
		<year>2003</year>
	</meta>
	<link>
		<sublink>search</sublink>
		<sublink>searchsd</sublink>
	</link>
	<thumbnail>https://ia.media-imdb.com/images/M/MV5BMjEwOTMzNjYzMl5BMl5BanBnXkFtZTcwNjczMTQyMQ@@._V1_SY1000_SX800_AL_.jpg</thumbnail>
	<fanart/>
</item>
<item>
	<title>Whiplash (2014)</title>
	<meta>
		<content>movie</content>
		<imdb>tt2582802</imdb>
		<title>Whiplash</title>
		<year>2014</year>
	</meta>
	<link>
		<sublink>search</sublink>
		<sublink>searchsd</sublink>
	</link>
	<thumbnail>https://ia.media-imdb.com/images/M/MV5BOTVhMWQ5MDktMGE3OS00MjVlLWExZWYtMzY2MTg4ZGFiZDQ5L2ltYWdlXkEyXkFqcGdeQXVyNjU0OTQ0OTY@._V1_SY1000_SX800_AL_.jpg</thumbnail>
	<fanart/>
</item>
<item>
	<title>Pitch Perfect 2 (2015)</title>
	<meta>
		<content>movie</content>
		<imdb>tt2848292</imdb>
		<title>Pitch Perfect 2</title>
		<year>2015</year>
	</meta>
	<link>
		<sublink>search</sublink>
		<sublink>searchsd</sublink>
	</link>
	<thumbnail>https://ia.media-imdb.com/images/M/MV5BMzk4OTM2NzMzNl5BMl5BanBnXkFtZTgwNTAzNDE0NDE@._V1_SY1000_SX800_AL_.jpg</thumbnail>
	<fanart/>
</item>
<item>
	<title>Rock Star (2001)</title>
	<meta>
		<content>movie</content>
		<imdb>tt0202470</imdb>
		<title>Rock Star</title>
		<year>2001</year>
	</meta>
	<link>
		<sublink>search</sublink>
		<sublink>searchsd</sublink>
	</link>
	<thumbnail>https://ia.media-imdb.com/images/M/MV5BMzAxNzNmMzMtYTU4Ni00Y2IxLTk4MGEtZGExNmFiMzBjN2MyL2ltYWdlL2ltYWdlXkEyXkFqcGdeQXVyMTQxNzMzNDI@._V1_SY1000_SX800_AL_.jpg</thumbnail>
	<fanart/>
</item>
<item>
	<title>Straight Outta Compton (2015)</title>
	<meta>
		<content>movie</content>
		<imdb>tt1398426</imdb>
		<title>Straight Outta Compton</title>
		<year>2015</year>
	</meta>
	<link>
		<sublink>search</sublink>
		<sublink>searchsd</sublink>
	</link>
	<thumbnail>https://ia.media-imdb.com/images/M/MV5BMTA5MzkyMzIxNjJeQTJeQWpwZ15BbWU4MDU0MDk0OTUx._V1_UX67_CR0,0,67,98_AL_.jpg</thumbnail>
	<fanart/>
</item>
<item>
	<title>Almost Famous (2000)</title>
	<meta>
		<content>movie</content>
		<imdb>tt0181875</imdb>
		<title>Almost Famous</title>
		<year>2000</year>
	</meta>
	<link>
		<sublink>search</sublink>
		<sublink>searchsd</sublink>
	</link>
	<thumbnail>https://ia.media-imdb.com/images/M/MV5BMzY1ZjMwMGEtYTY1ZS00ZDllLTk0ZmUtYzA3ZTA4NmYwNGNkXkEyXkFqcGdeQXVyNDk3NzU2MTQ@._V1_SY1000_SX800_AL_.jpg</thumbnail>
	<fanart/>
</item>
<item>
	<title>A Star Is Born (2018)</title>
	<meta>
		<content>movie</content>
		<imdb>tt1517451</imdb>
		<title>A Star Is Born</title>
		<year>2018</year>
	</meta>
	<link>
		<sublink>search</sublink>
		<sublink>searchsd</sublink>
	</link>
	<thumbnail>https://ia.media-imdb.com/images/M/MV5BZjgxODE0YTctNDA2Ni00YTJlLWJlNDItNTg4ZjNhOWViMDc2XkEyXkFqcGdeQXVyNzUxNjcwMTM@._V1_UY98_CR41,0,67,98_AL_.jpg</thumbnail>
	<fanart/>
</item>
<item>
	<title>Brad's Status (2017)</title>
	<meta>
		<content>movie</content>
		<imdb>tt5884230</imdb>
		<title>Brad's Status</title>
		<year>2017</year>
	</meta>
	<link>
		<sublink>search</sublink>
		<sublink>searchsd</sublink>
	</link>
	<thumbnail>https://ia.media-imdb.com/images/M/MV5BNDliZTUwZTktYmJlNC00MGE1LWEwODktNWZiNTRkMGFiNTg1XkEyXkFqcGdeQXVyNjU5NzU3MjE@._V1_SY1000_SX800_AL_.jpg</thumbnail>
	<fanart/>
</item>
<item>
	<title>Coyote Ugly (2000)</title>
	<meta>
		<content>movie</content>
		<imdb>tt0200550</imdb>
		<title>Coyote Ugly</title>
		<year>2000</year>
	</meta>
	<link>
		<sublink>search</sublink>
		<sublink>searchsd</sublink>
	</link>
	<thumbnail>https://ia.media-imdb.com/images/M/MV5BZWZhZmFkMjQtMWYyMC00NmQ3LTk5M2MtZDU3ZjNjYmM0ZTYxXkEyXkFqcGdeQXVyNjE5MjUyOTM@._V1_SY1000_SX800_AL_.jpg</thumbnail>
	<fanart/>
</item>
<item>
	<title>Dirty Dancing (1987)</title>
	<meta>
		<content>movie</content>
		<imdb>tt0092890</imdb>
		<title>Dirty Dancing</title>
		<year>1987</year>
	</meta>
	<link>
		<sublink>search</sublink>
		<sublink>searchsd</sublink>
	</link>
	<thumbnail>https://ia.media-imdb.com/images/M/MV5BMTc3MDY3ODQ2OV5BMl5BanBnXkFtZTgwOTQ2NTYxMTE@._V1_SY1000_SX800_AL_.jpg</thumbnail>
	<fanart/>
</item>
<item>
	<title>The Pianist (2002)</title>
	<meta>
		<content>movie</content>
		<imdb>tt0253474</imdb>
		<title>The Pianist</title>
		<year>2002</year>
	</meta>
	<link>
		<sublink>search</sublink>
		<sublink>searchsd</sublink>
	</link>
	<thumbnail>https://ia.media-imdb.com/images/M/MV5BOWRiZDIxZjktMTA1NC00MDQ2LWEzMjUtMTliZmY3NjQ3ODJiXkEyXkFqcGdeQXVyNjU0OTQ0OTY@._V1_UY98_CR2,0,67,98_AL_.jpg</thumbnail>
	<fanart/>
</item>
<item>
	<title>Dick Tracy (1990)</title>
	<meta>
		<content>movie</content>
		<imdb>tt0099422</imdb>
		<title>Dick Tracy</title>
		<year>1990</year>
	</meta>
	<link>
		<sublink>search</sublink>
		<sublink>searchsd</sublink>
	</link>
	<thumbnail>https://ia.media-imdb.com/images/M/MV5BMzA5MDg5ZDAtOWE1YS00Nzg2LTk5NzUtMDY3ZDZlN2U2M2ZlXkEyXkFqcGdeQXVyNjUwNzk3NDc@._V1_SY1000_SX800_AL_.jpg</thumbnail>
	<fanart/>
</item>
<item>
	<title>All Eyez on Me (2017)</title>
	<meta>
		<content>movie</content>
		<imdb>tt1666185</imdb>
		<title>All Eyez on Me</title>
		<year>2017</year>
	</meta>
	<link>
		<sublink>search</sublink>
		<sublink>searchsd</sublink>
	</link>
	<thumbnail>https://ia.media-imdb.com/images/M/MV5BMTc5NzQ4NzU4OF5BMl5BanBnXkFtZTgwNTkxMzE0MjI@._V1_SY1000_SX800_AL_.jpg</thumbnail>
	<fanart/>
</item>
<item>
	<title>Paradox (II) (2018)</title>
	<meta>
		<content>movie</content>
		<imdb>tt7949046</imdb>
		<title>Paradox</title>
		<year>II 2018</year>
	</meta>
	<link>
		<sublink>search</sublink>
		<sublink>searchsd</sublink>
	</link>
	<thumbnail>https://ia.media-imdb.com/images/M/MV5BNDk0ODY0N2ItODYxNi00ZjVmLThmYWItN2FlYWNiMTY5MmJiXkEyXkFqcGdeQXVyMTMxODk2OTU@._V1_SY1000_SX800_AL_.jpg</thumbnail>
	<fanart/>
</item>
<item>
	<title>O Brother, Where Art Thou? (2000)</title>
	<meta>
		<content>movie</content>
		<imdb>tt0190590</imdb>
		<title>O Brother, Where Art Thou?</title>
		<year>2000</year>
	</meta>
	<link>
		<sublink>search</sublink>
		<sublink>searchsd</sublink>
	</link>
	<thumbnail>https://ia.media-imdb.com/images/M/MV5BMWY1ZjNiZGEtMTMxNi00OTNlLWI3ZTQtOGY5MzNlYzMwYzIxXkEyXkFqcGdeQXVyMTMxODk2OTU@._V1_SY1000_SX800_AL_.jpg</thumbnail>
	<fanart/>
</item>
<item>
	<title>Amadeus (1984)</title>
	<meta>
		<content>movie</content>
		<imdb>tt0086879</imdb>
		<title>Amadeus</title>
		<year>1984</year>
	</meta>
	<link>
		<sublink>search</sublink>
		<sublink>searchsd</sublink>
	</link>
	<thumbnail>https://ia.media-imdb.com/images/M/MV5BMTg5NDkwMTk5N15BMl5BanBnXkFtZTYwODg3MDk2._V1_UX67_CR0,0,67,98_AL_.jpg</thumbnail>
	<fanart/>
</item>
<item>
	<title>8 Mile (2002)</title>
	<meta>
		<content>movie</content>
		<imdb>tt0298203</imdb>
		<title>8 Mile</title>
		<year>2002</year>
	</meta>
	<link>
		<sublink>search</sublink>
		<sublink>searchsd</sublink>
	</link>
	<thumbnail>https://ia.media-imdb.com/images/M/MV5BOWI3MDIzZmYtN2Y3MC00YTljLWFiYmYtNWIzMjg1ZWQ1ODlhXkEyXkFqcGdeQXVyNjU0OTQ0OTY@._V1_SY1000_SX800_AL_.jpg</thumbnail>
	<fanart/>
</item>
<item>
	<title>Walk the Line (2005)</title>
	<meta>
		<content>movie</content>
		<imdb>tt0358273</imdb>
		<title>Walk the Line</title>
		<year>2005</year>
	</meta>
	<link>
		<sublink>search</sublink>
		<sublink>searchsd</sublink>
	</link>
	<thumbnail>https://ia.media-imdb.com/images/M/MV5BMjIyOTU3MjUxOF5BMl5BanBnXkFtZTcwMTQ0NjYzMw@@._V1_SY1000_SX800_AL_.jpg</thumbnail>
	<fanart/>
</item>
<item>
	<title>The Blues Brothers (1980)</title>
	<meta>
		<content>movie</content>
		<imdb>tt0080455</imdb>
		<title>The Blues Brothers</title>
		<year>1980</year>
	</meta>
	<link>
		<sublink>search</sublink>
		<sublink>searchsd</sublink>
	</link>
	<thumbnail>https://ia.media-imdb.com/images/M/MV5BYTdlMDExOGUtN2I3MS00MjY5LWE1NTAtYzc3MzIxN2M3OWY1XkEyXkFqcGdeQXVyNzkwMjQ5NzM@._V1_SY1000_SX800_AL_.jpg</thumbnail>
	<fanart/>
</item>
<item>
	<title>Song to Song (2017)</title>
	<meta>
		<content>movie</content>
		<imdb>tt2062700</imdb>
		<title>Song to Song</title>
		<year>2017</year>
	</meta>
	<link>
		<sublink>search</sublink>
		<sublink>searchsd</sublink>
	</link>
	<thumbnail>https://ia.media-imdb.com/images/M/MV5BNzI1MTg0MzEyOF5BMl5BanBnXkFtZTgwNzk4Mjk0MTI@._V1_SY1000_SX800_AL_.jpg</thumbnail>
	<fanart/>
</item>
<item>
	<title>Freaky Friday (2003)</title>
	<meta>
		<content>movie</content>
		<imdb>tt0322330</imdb>
		<title>Freaky Friday</title>
		<year>2003</year>
	</meta>
	<link>
		<sublink>search</sublink>
		<sublink>searchsd</sublink>
	</link>
	<thumbnail>https://ia.media-imdb.com/images/M/MV5BYmU4NTk4OWYtMjE4My00MGVkLTgwY2EtZTZjN2YyOGFiMDQ0L2ltYWdlL2ltYWdlXkEyXkFqcGdeQXVyMTQxNzMzNDI@._V1_SY1000_SX800_AL_.jpg</thumbnail>
	<fanart/>
</item>
<item>
	<title>Footloose (1984)</title>
	<meta>
		<content>movie</content>
		<imdb>tt0087277</imdb>
		<title>Footloose</title>
		<year>1984</year>
	</meta>
	<link>
		<sublink>search</sublink>
		<sublink>searchsd</sublink>
	</link>
	<thumbnail>https://ia.media-imdb.com/images/M/MV5BYTE2NjQ1MjQtOTdmNi00NjJmLWJlYTItNmFhYzBmMWM4NTQ1XkEyXkFqcGdeQXVyMTQxNzMzNDI@._V1_SY1000_SX800_AL_.jpg</thumbnail>
	<fanart/>
</item>
<item>
	<title>Saving Mr. Banks (2013)</title>
	<meta>
		<content>movie</content>
		<imdb>tt2140373</imdb>
		<title>Saving Mr. Banks</title>
		<year>2013</year>
	</meta>
	<link>
		<sublink>search</sublink>
		<sublink>searchsd</sublink>
	</link>
	<thumbnail>https://ia.media-imdb.com/images/M/MV5BMTc0MTQ3NzE4Nl5BMl5BanBnXkFtZTcwMzA4NDM5OQ@@._V1_SY1000_SX800_AL_.jpg</thumbnail>
	<fanart/>
</item>
<item>
	<title>Begin Again (II) (2013)</title>
	<meta>
		<content>movie</content>
		<imdb>tt1980929</imdb>
		<title>Begin Again</title>
		<year>II 2013</year>
	</meta>
	<link>
		<sublink>search</sublink>
		<sublink>searchsd</sublink>
	</link>
	<thumbnail>https://ia.media-imdb.com/images/M/MV5BNjAxMTI4MTgzMV5BMl5BanBnXkFtZTgwOTAwODEwMjE@._V1_SY1000_SX800_AL_.jpg</thumbnail>
	<fanart/>
</item>
<item>
	<title>Hairspray (2007)</title>
	<meta>
		<content>movie</content>
		<imdb>tt0427327</imdb>
		<title>Hairspray</title>
		<year>2007</year>
	</meta>
	<link>
		<sublink>search</sublink>
		<sublink>searchsd</sublink>
	</link>
	<thumbnail>https://ia.media-imdb.com/images/M/MV5BMTIyMTMzNzIyNV5BMl5BanBnXkFtZTcwMjM1NDk0MQ@@._V1_SY1000_SX800_AL_.jpg</thumbnail>
	<fanart/>
</item>
<item>
	<title>A Face in the Crowd (1957)</title>
	<meta>
		<content>movie</content>
		<imdb>tt0050371</imdb>
		<title>A Face in the Crowd</title>
		<year>1957</year>
	</meta>
	<link>
		<sublink>search</sublink>
		<sublink>searchsd</sublink>
	</link>
	<thumbnail>https://ia.media-imdb.com/images/M/MV5BNDRiZWE4MGEtNWI4MS00MjY1LTllNTQtNGFjZTY1MTcxZjY1XkEyXkFqcGdeQXVyNjc1NTYyMjg@._V1_SY1000_SX800_AL_.jpg</thumbnail>
	<fanart/>
</item>
<item>
	<title>Sing Street (2016)</title>
	<meta>
		<content>movie</content>
		<imdb>tt3544112</imdb>
		<title>Sing Street</title>
		<year>2016</year>
	</meta>
	<link>
		<sublink>search</sublink>
		<sublink>searchsd</sublink>
	</link>
	<thumbnail>https://ia.media-imdb.com/images/M/MV5BMjEzODA3MDcxMl5BMl5BanBnXkFtZTgwODgxNDk3NzE@._V1_SY1000_SX800_AL_.jpg</thumbnail>
	<fanart/>
</item>
<item>
	<title>That Thing You Do! (1996)</title>
	<meta>
		<content>movie</content>
		<imdb>tt0117887</imdb>
		<title>That Thing You Do!</title>
		<year>1996</year>
	</meta>
	<link>
		<sublink>search</sublink>
		<sublink>searchsd</sublink>
	</link>
	<thumbnail>https://ia.media-imdb.com/images/M/MV5BOWVmN2ZhZjgtZGEzMy00NDkxLWI5YWQtYTE2ZTk0YzIyMzc0XkEyXkFqcGdeQXVyMTQxNzMzNDI@._V1_SY1000_SX800_AL_.jpg</thumbnail>
	<fanart/>
</item>
<item>
	<title>Magic Mike XXL (2015)</title>
	<meta>
		<content>movie</content>
		<imdb>tt2268016</imdb>
		<title>Magic Mike XXL</title>
		<year>2015</year>
	</meta>
	<link>
		<sublink>search</sublink>
		<sublink>searchsd</sublink>
	</link>
	<thumbnail>https://ia.media-imdb.com/images/M/MV5BNDMyODU3ODk3Ml5BMl5BanBnXkFtZTgwNDc1ODkwNjE@._V1_SY1000_SX800_AL_.jpg</thumbnail>
	<fanart/>
</item>
<item>
	<title>The Piano (1993)</title>
	<meta>
		<content>movie</content>
		<imdb>tt0107822</imdb>
		<title>The Piano</title>
		<year>1993</year>
	</meta>
	<link>
		<sublink>search</sublink>
		<sublink>searchsd</sublink>
	</link>
	<thumbnail>https://ia.media-imdb.com/images/M/MV5BMWVkNzg3NDktOTFmMi00YjU2LTk0MzMtYTVjZjRiYTliZDkzXkEyXkFqcGdeQXVyMTAwMzUyOTc@._V1_SY1000_SX800_AL_.jpg</thumbnail>
	<fanart/>
</item>
<item>
	<title>Inside Llewyn Davis (2013)</title>
	<meta>
		<content>movie</content>
		<imdb>tt2042568</imdb>
		<title>Inside Llewyn Davis</title>
		<year>2013</year>
	</meta>
	<link>
		<sublink>search</sublink>
		<sublink>searchsd</sublink>
	</link>
	<thumbnail>https://ia.media-imdb.com/images/M/MV5BMjAxNjcyNDQxM15BMl5BanBnXkFtZTgwNzU2NDA0MDE@._V1_SY1000_SX800_AL_.jpg</thumbnail>
	<fanart/>
</item>
<item>
	<title>Popstar: Never Stop Never Stopping (2016)</title>
	<meta>
		<content>movie</content>
		<imdb>tt3960412</imdb>
		<title>Popstar: Never Stop Never Stopping</title>
		<year>2016</year>
	</meta>
	<link>
		<sublink>search</sublink>
		<sublink>searchsd</sublink>
	</link>
	<thumbnail>https://ia.media-imdb.com/images/M/MV5BMjMxMzk2ODI4N15BMl5BanBnXkFtZTgwNzgzNzQ5ODE@._V1_SY1000_SX800_AL_.jpg</thumbnail>
	<fanart/>
</item>
<item>
	<title>Sid and Nancy (1986)</title>
	<meta>
		<content>movie</content>
		<imdb>tt0091954</imdb>
		<title>Sid and Nancy</title>
		<year>1986</year>
	</meta>
	<link>
		<sublink>search</sublink>
		<sublink>searchsd</sublink>
	</link>
	<thumbnail>https://ia.media-imdb.com/images/M/MV5BYzRiODJiYjMtN2RiNy00NGVhLWJlN2MtODc4ZThiMGJmYzk0XkEyXkFqcGdeQXVyMTQxNzMzNDI@._V1_SY1000_SX800_AL_.jpg</thumbnail>
	<fanart/>
</item>
<item>
	<title>Flashdance (1983)</title>
	<meta>
		<content>movie</content>
		<imdb>tt0085549</imdb>
		<title>Flashdance</title>
		<year>1983</year>
	</meta>
	<link>
		<sublink>search</sublink>
		<sublink>searchsd</sublink>
	</link>
	<thumbnail>https://ia.media-imdb.com/images/M/MV5BMjA5NjE2OTUxOF5BMl5BanBnXkFtZTgwNDE1NDIxMDE@._V1_SY1000_SX800_AL_.jpg</thumbnail>
	<fanart/>
</item>
<item>
	<title>Walk Hard: The Dewey Cox Story (2007)</title>
	<meta>
		<content>movie</content>
		<imdb>tt0841046</imdb>
		<title>Walk Hard: The Dewey Cox Story</title>
		<year>2007</year>
	</meta>
	<link>
		<sublink>search</sublink>
		<sublink>searchsd</sublink>
	</link>
	<thumbnail>https://ia.media-imdb.com/images/M/MV5BMTk5NDMyNTk0N15BMl5BanBnXkFtZTcwMTQ4MDUzMw@@._V1_SY1000_SX800_AL_.jpg</thumbnail>
	<fanart/>
</item>
<item>
	<title>Forever My Girl (2018)</title>
	<meta>
		<content>movie</content>
		<imdb>tt4103724</imdb>
		<title>Forever My Girl</title>
		<year>2018</year>
	</meta>
	<link>
		<sublink>search</sublink>
		<sublink>searchsd</sublink>
	</link>
	<thumbnail>https://ia.media-imdb.com/images/M/MV5BMjAwNTA5NTYyNl5BMl5BanBnXkFtZTgwMDIzMzA2MzI@._V1_SY1000_SX800_AL_.jpg</thumbnail>
	<fanart/>
</item>
<item>
	<title>Youth (I) (2015)</title>
	<meta>
		<content>movie</content>
		<imdb>tt3312830</imdb>
		<title>Youth</title>
		<year>I 2015</year>
	</meta>
	<link>
		<sublink>search</sublink>
		<sublink>searchsd</sublink>
	</link>
	<thumbnail>https://ia.media-imdb.com/images/M/MV5BMjI2OTk5MzYyMl5BMl5BanBnXkFtZTgwMzY1MjE3NjE@._V1_SY1000_SX800_AL_.jpg</thumbnail>
	<fanart/>
</item>
<item>
	<title>Burlesque (I) (2010)</title>
	<meta>
		<content>movie</content>
		<imdb>tt1126591</imdb>
		<title>Burlesque</title>
		<year>I 2010</year>
	</meta>
	<link>
		<sublink>search</sublink>
		<sublink>searchsd</sublink>
	</link>
	<thumbnail>https://ia.media-imdb.com/images/M/MV5BMDU2OWQwMTctODhkNC00MmEyLTgyNzMtOWQ5YTYyOGMwZmVjXkEyXkFqcGdeQXVyMTkzODUwNzk@._V1_SY1000_SX800_AL_.jpg</thumbnail>
	<fanart/>
</item>
<item>
	<title>The Wedding Singer (1998)</title>
	<meta>
		<content>movie</content>
		<imdb>tt0120888</imdb>
		<title>The Wedding Singer</title>
		<year>1998</year>
	</meta>
	<link>
		<sublink>search</sublink>
		<sublink>searchsd</sublink>
	</link>
	<thumbnail>https://ia.media-imdb.com/images/M/MV5BYjM5YTQ0ZGYtMWExZi00MTFmLTg0YjUtZDcyMGNiYzE5MmNmL2ltYWdlXkEyXkFqcGdeQXVyMTQxNzMzNDI@._V1_SY1000_SX800_AL_.jpg</thumbnail>
	<fanart/>
</item>
<item>
	<title>Bill & Ted's Excellent Adventure (1989)</title>
	<meta>
		<content>movie</content>
		<imdb>tt0096928</imdb>
		<title>Bill & Ted's Excellent Adventure</title>
		<year>1989</year>
	</meta>
	<link>
		<sublink>search</sublink>
		<sublink>searchsd</sublink>
	</link>
	<thumbnail>https://ia.media-imdb.com/images/M/MV5BMTk3Mjk5MzI3OF5BMl5BanBnXkFtZTcwMTY4MzcyNA@@._V1_SY1000_SX800_AL_.jpg</thumbnail>
	<fanart/>
</item>
<item>
	<title>The Dirt </span>
</h3>
<p class="text-muted ">

	<span class="genre">
Music            </title>
	<meta>
		<content>movie</content>
		<imdb>tt0800325</imdb>
		<title>The Dirt</title>
		<year>
		</span>
	</h3>
	<p class="text-muted ">

		<span class="genre">
Music            </year>
	</meta>
	<link>
		<sublink>search</sublink>
		<sublink>searchsd</sublink>
	</link>
	<thumbnail>https://ia.media-imdb.com/images/M/MV5BNzMzMGMxZTEtYzhiMi00NjI3LTg2ZTAtNWU4YTcxZWY0MWQ4XkEyXkFqcGdeQXVyMzAyMDIxMTY@._V1_UY98_CR15,0,67,98_AL_.jpg</thumbnail>
	<fanart/>
</item>
<item>
	<title>Empire Records (1995)</title>
	<meta>
		<content>movie</content>
		<imdb>tt0112950</imdb>
		<title>Empire Records</title>
		<year>1995</year>
	</meta>
	<link>
		<sublink>search</sublink>
		<sublink>searchsd</sublink>
	</link>
	<thumbnail>https://ia.media-imdb.com/images/M/MV5BMjExMmQ1NmItOWEyOC00NzZjLWE0NWItNmE1NmNkY2NmODk5XkEyXkFqcGdeQXVyNDk3NzU2MTQ@._V1_SY1000_SX800_AL_.jpg</thumbnail>
	<fanart/>
</item>
<item>
	<title>Step Up (2006)</title>
	<meta>
		<content>movie</content>
		<imdb>tt0462590</imdb>
		<title>Step Up</title>
		<year>2006</year>
	</meta>
	<link>
		<sublink>search</sublink>
		<sublink>searchsd</sublink>
	</link>
	<thumbnail>https://ia.media-imdb.com/images/M/MV5BMTIxMDM5Mjc1Nl5BMl5BanBnXkFtZTcwMDkyODQzMQ@@._V1_SY1000_SX800_AL_.jpg</thumbnail>
	<fanart/>
</item>
<dir>
	<title>[COLOR white]Next Page >>[/COLOR]</title>
	<imdburl>http://www.imdb.com/search/title?title_type=feature&genres=music&groups=top_250/items&page=2&ref_=adv_nxt</imdburl>
	<thumbnail>https://image.ibb.co/gtsNjw/next.png</thumbnail>
</dir>
