<item>
	<title>Avengers: Infinity War (2018)</title>
	<meta>
		<content>movie</content>
		<imdb>tt4154756</imdb>
		<title>Avengers: Infinity War</title>
		<year>2018</year>
	</meta>
	<link>
		<sublink>search</sublink>
		<sublink>searchsd</sublink>
	</link>
	<thumbnail>https://ia.media-imdb.com/images/M/MV5BMjMxNjY2MDU1OV5BMl5BanBnXkFtZTgwNzY1MTUwNTM@._V1_SY1000_SX800_AL_.jpg</thumbnail>
	<fanart/>
</item>
<item>
	<title>Black Panther (2018)</title>
	<meta>
		<content>movie</content>
		<imdb>tt1825683</imdb>
		<title>Black Panther</title>
		<year>2018</year>
	</meta>
	<link>
		<sublink>search</sublink>
		<sublink>searchsd</sublink>
	</link>
	<thumbnail>https://ia.media-imdb.com/images/M/MV5BMTg1MTY2MjYzNV5BMl5BanBnXkFtZTgwMTc4NTMwNDI@._V1_SY1000_SX800_AL_.jpg</thumbnail>
	<fanart/>
</item>
<item>
	<title>Annihilation (2018)</title>
	<meta>
		<content>movie</content>
		<imdb>tt2798920</imdb>
		<title>Annihilation</title>
		<year>2018</year>
	</meta>
	<link>
		<sublink>search</sublink>
		<sublink>searchsd</sublink>
	</link>
	<thumbnail>https://ia.media-imdb.com/images/M/MV5BMTk2Mjc2NzYxNl5BMl5BanBnXkFtZTgwMTA2OTA1NDM@._V1_SY1000_SX800_AL_.jpg</thumbnail>
	<fanart/>
</item>
<item>
	<title>Pacific Rim: Uprising (2018)</title>
	<meta>
		<content>movie</content>
		<imdb>tt2557478</imdb>
		<title>Pacific Rim: Uprising</title>
		<year>2018</year>
	</meta>
	<link>
		<sublink>search</sublink>
		<sublink>searchsd</sublink>
	</link>
	<thumbnail>https://ia.media-imdb.com/images/M/MV5BMjI3Nzg0MTM5NF5BMl5BanBnXkFtZTgwOTE2MTgwNTM@._V1_SY1000_SX800_AL_.jpg</thumbnail>
	<fanart/>
</item>
<item>
	<title>Ready Player One (2018)</title>
	<meta>
		<content>movie</content>
		<imdb>tt1677720</imdb>
		<title>Ready Player One</title>
		<year>2018</year>
	</meta>
	<link>
		<sublink>search</sublink>
		<sublink>searchsd</sublink>
	</link>
	<thumbnail>https://ia.media-imdb.com/images/M/MV5BY2JiYTNmZTctYTQ1OC00YjU4LWEwMjYtZjkwY2Y5MDI0OTU3XkEyXkFqcGdeQXVyNTI4MzE4MDU@._V1_SY1000_SX800_AL_.jpg</thumbnail>
	<fanart/>
</item>
<item>
	<title>Thor: Ragnarok (2017)</title>
	<meta>
		<content>movie</content>
		<imdb>tt3501632</imdb>
		<title>Thor: Ragnarok</title>
		<year>2017</year>
	</meta>
	<link>
		<sublink>search</sublink>
		<sublink>searchsd</sublink>
	</link>
	<thumbnail>https://ia.media-imdb.com/images/M/MV5BMjMyNDkzMzI1OF5BMl5BanBnXkFtZTgwODcxODg5MjI@._V1_SY1000_SX800_AL_.jpg</thumbnail>
	<fanart/>
</item>
<item>
	<title>Deadpool 2 (2018)</title>
	<meta>
		<content>movie</content>
		<imdb>tt5463162</imdb>
		<title>Deadpool 2</title>
		<year>2018</year>
	</meta>
	<link>
		<sublink>search</sublink>
		<sublink>searchsd</sublink>
	</link>
	<thumbnail>https://ia.media-imdb.com/images/M/MV5BNzczMjUwMzk0M15BMl5BanBnXkFtZTgwNjY4OTQ3NDM@._V1_SY1000_SX800_AL_.jpg</thumbnail>
	<fanart/>
</item>
<item>
	<title>Justice League (2017)</title>
	<meta>
		<content>movie</content>
		<imdb>tt0974015</imdb>
		<title>Justice League</title>
		<year>2017</year>
	</meta>
	<link>
		<sublink>search</sublink>
		<sublink>searchsd</sublink>
	</link>
	<thumbnail>https://ia.media-imdb.com/images/M/MV5BYWVhZjZkYTItOGIwYS00NmRkLWJlYjctMWM0ZjFmMDU4ZjEzXkEyXkFqcGdeQXVyMTMxODk2OTU@._V1_SY1000_SX800_AL_.jpg</thumbnail>
	<fanart/>
</item>
<item>
	<title>Star Wars: Episode VIII - The Last Jedi (2017)</title>
	<meta>
		<content>movie</content>
		<imdb>tt2527336</imdb>
		<title>Star Wars: Episode VIII - The Last Jedi</title>
		<year>2017</year>
	</meta>
	<link>
		<sublink>search</sublink>
		<sublink>searchsd</sublink>
	</link>
	<thumbnail>https://ia.media-imdb.com/images/M/MV5BMjQ1MzcxNjg4N15BMl5BanBnXkFtZTgwNzgwMjY4MzI@._V1_SY1000_SX800_AL_.jpg</thumbnail>
	<fanart/>
</item>
<item>
	<title>A Wrinkle in Time (2018)</title>
	<meta>
		<content>movie</content>
		<imdb>tt1620680</imdb>
		<title>A Wrinkle in Time</title>
		<year>2018</year>
	</meta>
	<link>
		<sublink>search</sublink>
		<sublink>searchsd</sublink>
	</link>
	<thumbnail>https://ia.media-imdb.com/images/M/MV5BMjMxNjQ5MTI3MV5BMl5BanBnXkFtZTgwMjQ2MTAyNDM@._V1_SY1000_SX800_AL_.jpg</thumbnail>
	<fanart/>
</item>
<item>
	<title>Isle of Dogs (2018)</title>
	<meta>
		<content>movie</content>
		<imdb>tt5104604</imdb>
		<title>Isle of Dogs</title>
		<year>2018</year>
	</meta>
	<link>
		<sublink>search</sublink>
		<sublink>searchsd</sublink>
	</link>
	<thumbnail>https://ia.media-imdb.com/images/M/MV5BMTYyOTUwNjAxM15BMl5BanBnXkFtZTgwODcyMzE0NDM@._V1_SY1000_SX800_AL_.jpg</thumbnail>
	<fanart/>
</item>
<item>
	<title>X-Men: Dark Phoenix (2019)</title>
	<meta>
		<content>movie</content>
		<imdb>tt6565702</imdb>
		<title>X-Men: Dark Phoenix</title>
		<year>2019</year>
	</meta>
	<link>
		<sublink>search</sublink>
		<sublink>searchsd</sublink>
	</link>
	<thumbnail>https://ia.media-imdb.com/images/M/MV5BZWUyMWVlMjEtNjRkYS00YjNlLThmODItYzc1MTQ5NzBiOGM2XkEyXkFqcGdeQXVyNjY5NDczMTk@._V1_UY98_CR4,0,67,98_AL_.jpg</thumbnail>
	<fanart/>
</item>
<item>
	<title>Pacific Rim (2013)</title>
	<meta>
		<content>movie</content>
		<imdb>tt1663662</imdb>
		<title>Pacific Rim</title>
		<year>2013</year>
	</meta>
	<link>
		<sublink>search</sublink>
		<sublink>searchsd</sublink>
	</link>
	<thumbnail>https://ia.media-imdb.com/images/M/MV5BMTY3MTI5NjQ4Nl5BMl5BanBnXkFtZTcwOTU1OTU0OQ@@._V1_SY1000_SX800_AL_.jpg</thumbnail>
	<fanart/>
</item>
<item>
	<title>Blade Runner 2049 (2017)</title>
	<meta>
		<content>movie</content>
		<imdb>tt1856101</imdb>
		<title>Blade Runner 2049</title>
		<year>2017</year>
	</meta>
	<link>
		<sublink>search</sublink>
		<sublink>searchsd</sublink>
	</link>
	<thumbnail>https://ia.media-imdb.com/images/M/MV5BNzA1Njg4NzYxOV5BMl5BanBnXkFtZTgwODk5NjU3MzI@._V1_SY1000_SX800_AL_.jpg</thumbnail>
	<fanart/>
</item>
<item>
	<title>Downsizing (2017)</title>
	<meta>
		<content>movie</content>
		<imdb>tt1389072</imdb>
		<title>Downsizing</title>
		<year>2017</year>
	</meta>
	<link>
		<sublink>search</sublink>
		<sublink>searchsd</sublink>
	</link>
	<thumbnail>https://ia.media-imdb.com/images/M/MV5BNDYxNDQ5OTYxOV5BMl5BanBnXkFtZTgwOTcyODkxNDM@._V1_SY1000_SX800_AL_.jpg</thumbnail>
	<fanart/>
</item>
<item>
	<title>Captain Marvel (2019)</title>
	<meta>
		<content>movie</content>
		<imdb>tt4154664</imdb>
		<title>Captain Marvel</title>
		<year>2019</year>
	</meta>
	<link>
		<sublink>search</sublink>
		<sublink>searchsd</sublink>
	</link>
	<thumbnail>https://ia.media-imdb.com/images/M/MV5BMTQ3MjIyMDQxOF5BMl5BanBnXkFtZTgwNDIxNTM2OTE@._V1_SY1000_SX800_AL_.jpg</thumbnail>
	<fanart/>
</item>
<item>
	<title>Wonder Woman (2017)</title>
	<meta>
		<content>movie</content>
		<imdb>tt0451279</imdb>
		<title>Wonder Woman</title>
		<year>2017</year>
	</meta>
	<link>
		<sublink>search</sublink>
		<sublink>searchsd</sublink>
	</link>
	<thumbnail>https://ia.media-imdb.com/images/M/MV5BNDFmZjgyMTEtYTk5MC00NmY0LWJhZjktOWY2MzI5YjkzODNlXkEyXkFqcGdeQXVyMDA4NzMyOA@@._V1_SY1000_SX800_AL_.jpg</thumbnail>
	<fanart/>
</item>
<item>
	<title>Spider-Man: Homecoming (2017)</title>
	<meta>
		<content>movie</content>
		<imdb>tt2250912</imdb>
		<title>Spider-Man: Homecoming</title>
		<year>2017</year>
	</meta>
	<link>
		<sublink>search</sublink>
		<sublink>searchsd</sublink>
	</link>
	<thumbnail>https://ia.media-imdb.com/images/M/MV5BNTk4ODQ1MzgzNl5BMl5BanBnXkFtZTgwMTMyMzM4MTI@._V1_SY1000_SX800_AL_.jpg</thumbnail>
	<fanart/>
</item>
<item>
	<title>Guardians of the Galaxy Vol. 2 (2017)</title>
	<meta>
		<content>movie</content>
		<imdb>tt3896198</imdb>
		<title>Guardians of the Galaxy Vol. 2</title>
		<year>2017</year>
	</meta>
	<link>
		<sublink>search</sublink>
		<sublink>searchsd</sublink>
	</link>
	<thumbnail>https://ia.media-imdb.com/images/M/MV5BMTg2MzI1MTg3OF5BMl5BanBnXkFtZTgwNTU3NDA2MTI@._V1_SY1000_SX800_AL_.jpg</thumbnail>
	<fanart/>
</item>
<item>
	<title>Transformers: The Last Knight (2017)</title>
	<meta>
		<content>movie</content>
		<imdb>tt3371366</imdb>
		<title>Transformers: The Last Knight</title>
		<year>2017</year>
	</meta>
	<link>
		<sublink>search</sublink>
		<sublink>searchsd</sublink>
	</link>
	<thumbnail>https://ia.media-imdb.com/images/M/MV5BMTk3OTI3MDk4N15BMl5BanBnXkFtZTgwNDg2ODIyMjI@._V1_SY1000_SX800_AL_.jpg</thumbnail>
	<fanart/>
</item>
<item>
	<title>Solo: A Star Wars Story (2018)</title>
	<meta>
		<content>movie</content>
		<imdb>tt3778644</imdb>
		<title>Solo: A Star Wars Story</title>
		<year>2018</year>
	</meta>
	<link>
		<sublink>search</sublink>
		<sublink>searchsd</sublink>
	</link>
	<thumbnail>https://ia.media-imdb.com/images/M/MV5BMjAwNzI3OTA5MV5BMl5BanBnXkFtZTgwMzc0MDE4NDM@._V1_SY1000_SX800_AL_.jpg</thumbnail>
	<fanart/>
</item>
<item>
	<title>Untitled Avengers Movie (2019)</title>
	<meta>
		<content>movie</content>
		<imdb>tt4154796</imdb>
		<title>Untitled Avengers Movie</title>
		<year>2019</year>
	</meta>
	<link>
		<sublink>search</sublink>
		<sublink>searchsd</sublink>
	</link>
	<thumbnail>https://ia.media-imdb.com/images/M/MV5BNzA2ZDE2MTYtZTAxNC00ZjRkLTllNTUtZDk4MTgzYjY2MmVkXkEyXkFqcGdeQXVyNjIzNTY0NzA@._V1_UY98_CR64,0,67,98_AL_.jpg</thumbnail>
	<fanart/>
</item>
<item>
	<title>The Predator (2018)</title>
	<meta>
		<content>movie</content>
		<imdb>tt3829266</imdb>
		<title>The Predator</title>
		<year>2018</year>
	</meta>
	<link>
		<sublink>search</sublink>
		<sublink>searchsd</sublink>
	</link>
	<thumbnail>https://ia.media-imdb.com/images/M/MV5BMTM1MjUxNmEtNzA4Zi00N2U3LTliMjItYzg4ZjYxOWE1MDMzXkEyXkFqcGdeQXVyNjQyMDMzNzc@._V1_SY1000_SX800_AL_.jpg</thumbnail>
	<fanart/>
</item>
<item>
	<title>Deadpool (2016)</title>
	<meta>
		<content>movie</content>
		<imdb>tt1431045</imdb>
		<title>Deadpool</title>
		<year>2016</year>
	</meta>
	<link>
		<sublink>search</sublink>
		<sublink>searchsd</sublink>
	</link>
	<thumbnail>https://ia.media-imdb.com/images/M/MV5BYzE5MjY1ZDgtMTkyNC00MTMyLThhMjAtZGI5OTE1NzFlZGJjXkEyXkFqcGdeQXVyNjU0OTQ0OTY@._V1_SY1000_SX800_AL_.jpg</thumbnail>
	<fanart/>
</item>
<item>
	<title>Guardians of the Galaxy (2014)</title>
	<meta>
		<content>movie</content>
		<imdb>tt2015381</imdb>
		<title>Guardians of the Galaxy</title>
		<year>2014</year>
	</meta>
	<link>
		<sublink>search</sublink>
		<sublink>searchsd</sublink>
	</link>
	<thumbnail>https://ia.media-imdb.com/images/M/MV5BMTAwMjU5OTgxNjZeQTJeQWpwZ15BbWU4MDUxNDYxODEx._V1_UX67_CR0,0,67,98_AL_.jpg</thumbnail>
	<fanart/>
</item>
<item>
	<title>Valerian and the City of a Thousand Planets (2017)</title>
	<meta>
		<content>movie</content>
		<imdb>tt2239822</imdb>
		<title>Valerian and the City of a Thousand Planets</title>
		<year>2017</year>
	</meta>
	<link>
		<sublink>search</sublink>
		<sublink>searchsd</sublink>
	</link>
	<thumbnail>https://ia.media-imdb.com/images/M/MV5BMTkxMDAxNDUyNV5BMl5BanBnXkFtZTgwOTc3MzcxMjI@._V1_SY1000_SX800_AL_.jpg</thumbnail>
	<fanart/>
</item>
<item>
	<title>Venom (2018)</title>
	<meta>
		<content>movie</content>
		<imdb>tt1270797</imdb>
		<title>Venom</title>
		<year>2018</year>
	</meta>
	<link>
		<sublink>search</sublink>
		<sublink>searchsd</sublink>
	</link>
	<thumbnail>https://ia.media-imdb.com/images/M/MV5BMjQ4NTIyNDEwOF5BMl5BanBnXkFtZTgwMDY0OTU3NDM@._V1_SY1000_SX800_AL_.jpg</thumbnail>
	<fanart/>
</item>
<item>
	<title>Captain America: Civil War (2016)</title>
	<meta>
		<content>movie</content>
		<imdb>tt3498820</imdb>
		<title>Captain America: Civil War</title>
		<year>2016</year>
	</meta>
	<link>
		<sublink>search</sublink>
		<sublink>searchsd</sublink>
	</link>
	<thumbnail>https://ia.media-imdb.com/images/M/MV5BMjQ0MTgyNjAxMV5BMl5BanBnXkFtZTgwNjUzMDkyODE@._V1_SY1000_SX800_AL_.jpg</thumbnail>
	<fanart/>
</item>
<item>
	<title>Avengers: Age of Ultron (2015)</title>
	<meta>
		<content>movie</content>
		<imdb>tt2395427</imdb>
		<title>Avengers: Age of Ultron</title>
		<year>2015</year>
	</meta>
	<link>
		<sublink>search</sublink>
		<sublink>searchsd</sublink>
	</link>
	<thumbnail>https://ia.media-imdb.com/images/M/MV5BMTM4OGJmNWMtOTM4Ni00NTE3LTg3MDItZmQxYjc4N2JhNmUxXkEyXkFqcGdeQXVyNTgzMDMzMTg@._V1_SY1000_SX800_AL_.jpg</thumbnail>
	<fanart/>
</item>
<item>
	<title>Aquaman (2018)</title>
	<meta>
		<content>movie</content>
		<imdb>tt1477834</imdb>
		<title>Aquaman</title>
		<year>2018</year>
	</meta>
	<link>
		<sublink>search</sublink>
		<sublink>searchsd</sublink>
	</link>
	<thumbnail>https://ia.media-imdb.com/images/M/MV5BYjk3ZjZmYzQtMjgyYS00YmQ0LWFhMTQtODBmYzE4ZjA0Y2EzXkEyXkFqcGdeQXVyNzU3NjUxMzE@._V1_SY1000_SX800_AL_.jpg</thumbnail>
	<fanart/>
</item>
<item>
	<title>Ex Machina (2014)</title>
	<meta>
		<content>movie</content>
		<imdb>tt0470752</imdb>
		<title>Ex Machina</title>
		<year>2014</year>
	</meta>
	<link>
		<sublink>search</sublink>
		<sublink>searchsd</sublink>
	</link>
	<thumbnail>https://ia.media-imdb.com/images/M/MV5BMTUxNzc0OTIxMV5BMl5BanBnXkFtZTgwNDI3NzU2NDE@._V1_SY1000_SX800_AL_.jpg</thumbnail>
	<fanart/>
</item>
<item>
	<title>Alien: Covenant (2017)</title>
	<meta>
		<content>movie</content>
		<imdb>tt2316204</imdb>
		<title>Alien: Covenant</title>
		<year>2017</year>
	</meta>
	<link>
		<sublink>search</sublink>
		<sublink>searchsd</sublink>
	</link>
	<thumbnail>https://ia.media-imdb.com/images/M/MV5BNzI5MzM3MzkxNF5BMl5BanBnXkFtZTgwOTkyMjI4MTI@._V1_SY1000_SX800_AL_.jpg</thumbnail>
	<fanart/>
</item>
<item>
	<title>Mute (II) (2018)</title>
	<meta>
		<content>movie</content>
		<imdb>tt1464763</imdb>
		<title>Mute</title>
		<year>II 2018</year>
	</meta>
	<link>
		<sublink>search</sublink>
		<sublink>searchsd</sublink>
	</link>
	<thumbnail>https://ia.media-imdb.com/images/M/MV5BMjAwNTE3MjQ2M15BMl5BanBnXkFtZTgwNjgzNjk2NDM@._V1_SY1000_SX800_AL_.jpg</thumbnail>
	<fanart/>
</item>
<item>
	<title>Rampage (2018)</title>
	<meta>
		<content>movie</content>
		<imdb>tt2231461</imdb>
		<title>Rampage</title>
		<year>2018</year>
	</meta>
	<link>
		<sublink>search</sublink>
		<sublink>searchsd</sublink>
	</link>
	<thumbnail>https://ia.media-imdb.com/images/M/MV5BNDA1NjA3ODU3OV5BMl5BanBnXkFtZTgwOTg3MTIwNTM@._V1_SY1000_SX800_AL_.jpg</thumbnail>
	<fanart/>
</item>
<item>
	<title>Interstellar (2014)</title>
	<meta>
		<content>movie</content>
		<imdb>tt0816692</imdb>
		<title>Interstellar</title>
		<year>2014</year>
	</meta>
	<link>
		<sublink>search</sublink>
		<sublink>searchsd</sublink>
	</link>
	<thumbnail>https://ia.media-imdb.com/images/M/MV5BZjdkOTU3MDktN2IxOS00OGEyLWFmMjktY2FiMmZkNWIyODZiXkEyXkFqcGdeQXVyMTMxODk2OTU@._V1_SY1000_SX800_AL_.jpg</thumbnail>
	<fanart/>
</item>
<item>
	<title>Suicide Squad (2016)</title>
	<meta>
		<content>movie</content>
		<imdb>tt1386697</imdb>
		<title>Suicide Squad</title>
		<year>2016</year>
	</meta>
	<link>
		<sublink>search</sublink>
		<sublink>searchsd</sublink>
	</link>
	<thumbnail>https://ia.media-imdb.com/images/M/MV5BMjM1OTMxNzUyM15BMl5BanBnXkFtZTgwNjYzMTIzOTE@._V1_SY1000_SX800_AL_.jpg</thumbnail>
	<fanart/>
</item>
<item>
	<title>The Avengers (2012)</title>
	<meta>
		<content>movie</content>
		<imdb>tt0848228</imdb>
		<title>The Avengers</title>
		<year>2012</year>
	</meta>
	<link>
		<sublink>search</sublink>
		<sublink>searchsd</sublink>
	</link>
	<thumbnail>https://ia.media-imdb.com/images/M/MV5BMTk2NTI1MTU4N15BMl5BanBnXkFtZTcwODg0OTY0Nw@@._V1_SY1000_SX800_AL_.jpg</thumbnail>
	<fanart/>
</item>
<item>
	<title>Jurassic World: Fallen Kingdom (2018)</title>
	<meta>
		<content>movie</content>
		<imdb>tt4881806</imdb>
		<title>Jurassic World: Fallen Kingdom</title>
		<year>2018</year>
	</meta>
	<link>
		<sublink>search</sublink>
		<sublink>searchsd</sublink>
	</link>
	<thumbnail>https://ia.media-imdb.com/images/M/MV5BMTc3Nzc3OTgxMl5BMl5BanBnXkFtZTgwNzgzNzk2MjI@._V1_SY1000_SX800_AL_.jpg</thumbnail>
	<fanart/>
</item>
<item>
	<title>Doctor Strange (2016)</title>
	<meta>
		<content>movie</content>
		<imdb>tt1211837</imdb>
		<title>Doctor Strange</title>
		<year>2016</year>
	</meta>
	<link>
		<sublink>search</sublink>
		<sublink>searchsd</sublink>
	</link>
	<thumbnail>https://ia.media-imdb.com/images/M/MV5BNjgwNzAzNjk1Nl5BMl5BanBnXkFtZTgwMzQ2NjI1OTE@._V1_SY1000_SX800_AL_.jpg</thumbnail>
	<fanart/>
</item>
<item>
	<title>Logan (2017)</title>
	<meta>
		<content>movie</content>
		<imdb>tt3315342</imdb>
		<title>Logan</title>
		<year>2017</year>
	</meta>
	<link>
		<sublink>search</sublink>
		<sublink>searchsd</sublink>
	</link>
	<thumbnail>https://ia.media-imdb.com/images/M/MV5BYzc5MTU4N2EtYTkyMi00NjdhLTg3NWEtMTY4OTEyMzJhZTAzXkEyXkFqcGdeQXVyNjc1NTYyMjg@._V1_SY1000_SX800_AL_.jpg</thumbnail>
	<fanart/>
</item>
<item>
	<title>Power Rangers (2017)</title>
	<meta>
		<content>movie</content>
		<imdb>tt3717490</imdb>
		<title>Power Rangers</title>
		<year>2017</year>
	</meta>
	<link>
		<sublink>search</sublink>
		<sublink>searchsd</sublink>
	</link>
	<thumbnail>https://ia.media-imdb.com/images/M/MV5BMTU1MTkxNzc5NF5BMl5BanBnXkFtZTgwOTM2Mzk3MTI@._V1_SY1000_SX800_AL_.jpg</thumbnail>
	<fanart/>
</item>
<item>
	<title>The Meg (2018)</title>
	<meta>
		<content>movie</content>
		<imdb>tt4779682</imdb>
		<title>The Meg</title>
		<year>2018</year>
	</meta>
	<link>
		<sublink>search</sublink>
		<sublink>searchsd</sublink>
	</link>
	<thumbnail>https://ia.media-imdb.com/images/M/MV5BMzlhZjAyYjktNjg3Ny00YjJkLTgwMTAtODRmZmU5M2VkZjU2XkEyXkFqcGdeQXVyMzk0MjQ0NQ@@._V1_SY1000_SX800_AL_.jpg</thumbnail>
	<fanart/>
</item>
<item>
	<title>Shazam! (2019)</title>
	<meta>
		<content>movie</content>
		<imdb>tt0448115</imdb>
		<title>Shazam!</title>
		<year>2019</year>
	</meta>
	<link>
		<sublink>search</sublink>
		<sublink>searchsd</sublink>
	</link>
	<thumbnail>https://ia.media-imdb.com/images/M/MV5BNTkxNDU1NzMwOF5BMl5BanBnXkFtZTgwMjA5MDkwNTM@._V1_SY1000_SX800_AL_.jpg</thumbnail>
	<fanart/>
</item>
<item>
	<title>Inception (2010)</title>
	<meta>
		<content>movie</content>
		<imdb>tt1375666</imdb>
		<title>Inception</title>
		<year>2010</year>
	</meta>
	<link>
		<sublink>search</sublink>
		<sublink>searchsd</sublink>
	</link>
	<thumbnail>https://ia.media-imdb.com/images/M/MV5BMjAxMzY3NjcxNF5BMl5BanBnXkFtZTcwNTI5OTM0Mw@@._V1_SY1000_SX800_AL_.jpg</thumbnail>
	<fanart/>
</item>
<item>
	<title>The Titan (2018)</title>
	<meta>
		<content>movie</content>
		<imdb>tt4986098</imdb>
		<title>The Titan</title>
		<year>2018</year>
	</meta>
	<link>
		<sublink>search</sublink>
		<sublink>searchsd</sublink>
	</link>
	<thumbnail>https://ia.media-imdb.com/images/M/MV5BMjM3MDY2MjE2OF5BMl5BanBnXkFtZTgwNDg3MTA4NDM@._V1_SY1000_SX800_AL_.jpg</thumbnail>
	<fanart/>
</item>
<item>
	<title>Captain America: The First Avenger (2011)</title>
	<meta>
		<content>movie</content>
		<imdb>tt0458339</imdb>
		<title>Captain America: The First Avenger</title>
		<year>2011</year>
	</meta>
	<link>
		<sublink>search</sublink>
		<sublink>searchsd</sublink>
	</link>
	<thumbnail>https://ia.media-imdb.com/images/M/MV5BMTYzOTc2NzU3N15BMl5BanBnXkFtZTcwNjY3MDE3NQ@@._V1_SY1000_SX800_AL_.jpg</thumbnail>
	<fanart/>
</item>
<item>
	<title>Incredibles 2 (2018)</title>
	<meta>
		<content>movie</content>
		<imdb>tt3606756</imdb>
		<title>Incredibles 2</title>
		<year>2018</year>
	</meta>
	<link>
		<sublink>search</sublink>
		<sublink>searchsd</sublink>
	</link>
	<thumbnail>https://ia.media-imdb.com/images/M/MV5BOTMyNTA4OTEwMV5BMl5BanBnXkFtZTgwNjMxODE4NDM@._V1_SY1000_SX800_AL_.jpg</thumbnail>
	<fanart/>
</item>
<item>
	<title>The Cloverfield Paradox (2018)</title>
	<meta>
		<content>movie</content>
		<imdb>tt2548396</imdb>
		<title>The Cloverfield Paradox</title>
		<year>2018</year>
	</meta>
	<link>
		<sublink>search</sublink>
		<sublink>searchsd</sublink>
	</link>
	<thumbnail>https://ia.media-imdb.com/images/M/MV5BMTAwOTIxMDA0MjZeQTJeQWpwZ15BbWU4MDg1MjgzNzQz._V1_UX67_CR0,0,67,98_AL_.jpg</thumbnail>
	<fanart/>
</item>
<item>
	<title>Thor (2011)</title>
	<meta>
		<content>movie</content>
		<imdb>tt0800369</imdb>
		<title>Thor</title>
		<year>2011</year>
	</meta>
	<link>
		<sublink>search</sublink>
		<sublink>searchsd</sublink>
	</link>
	<thumbnail>https://ia.media-imdb.com/images/M/MV5BOGE4NzU1YTAtNzA3Mi00ZTA2LTg2YmYtMDJmMThiMjlkYjg2XkEyXkFqcGdeQXVyNTgzMDMzMTg@._V1_SY1000_SX800_AL_.jpg</thumbnail>
	<fanart/>
</item>
<item>
	<title>Kong: Skull Island (2017)</title>
	<meta>
		<content>movie</content>
		<imdb>tt3731562</imdb>
		<title>Kong: Skull Island</title>
		<year>2017</year>
	</meta>
	<link>
		<sublink>search</sublink>
		<sublink>searchsd</sublink>
	</link>
	<thumbnail>https://ia.media-imdb.com/images/M/MV5BMTUwMzI5ODEwNF5BMl5BanBnXkFtZTgwNjAzNjI2MDI@._V1_SY1000_SX800_AL_.jpg</thumbnail>
	<fanart/>
</item>
<dir>
	<title>[COLOR white]Next Page >>[/COLOR]</title>
	<imdburl>http://www.imdb.com/search/title?title_type=feature&genres=sci_fi&groups=top_250/items&page=2&ref_=adv_nxt</imdburl>
	<thumbnail>https://image.ibb.co/gtsNjw/next.png</thumbnail>
</dir>
