<item>
	<title>Wild Wild Country (2018– )</title>
	<meta>
		<content>movie</content>
		<imdb>tt7768848</imdb>
		<title>Wild Wild Country</title>
		<year>2018– </year>
	</meta>
	<link>
		<sublink>search</sublink>
		<sublink>searchsd</sublink>
	</link>
	<thumbnail>https://ia.media-imdb.com/images/M/MV5BMzczOTU4NzkxMl5BMl5BanBnXkFtZTgwNTAxNTI5NDM@._V1_SY1000_SX800_AL_.jpg</thumbnail>
	<fanart/>
</item>
<item>
	<title>Demon House (2018)</title>
	<meta>
		<content>movie</content>
		<imdb>tt4130484</imdb>
		<title>Demon House</title>
		<year>2018</year>
	</meta>
	<link>
		<sublink>search</sublink>
		<sublink>searchsd</sublink>
	</link>
	<thumbnail>https://ia.media-imdb.com/images/M/MV5BMjQwOTU0NTY0MV5BMl5BanBnXkFtZTgwMjQ4Njk2NDM@._V1_SY1000_SX800_AL_.jpg</thumbnail>
	<fanart/>
</item>
<item>
	<title>Take Your Pills (2018)</title>
	<meta>
		<content>movie</content>
		<imdb>tt7983844</imdb>
		<title>Take Your Pills</title>
		<year>2018</year>
	</meta>
	<link>
		<sublink>search</sublink>
		<sublink>searchsd</sublink>
	</link>
	<thumbnail>https://ia.media-imdb.com/images/M/MV5BNWQ5NDYxNjYtODc4Ni00NmIyLWEyMGYtNGM0N2ZmYjgzYTliXkEyXkFqcGdeQXVyNTg0MzU3NjM@._V1_SY1000_SX800_AL_.jpg</thumbnail>
	<fanart/>
</item>
<item>
	<title>Inside Look: The Assassination of Gianni Versace, American Crime Story (2017– )</title>
	<meta>
		<content>movie</content>
		<imdb>tt8010592</imdb>
		<title>Inside Look: The Assassination of Gianni Versace, American Crime Story</title>
		<year>2017– </year>
	</meta>
	<link>
		<sublink>search</sublink>
		<sublink>searchsd</sublink>
	</link>
	<thumbnail>https://ia.media-imdb.com/images/M/MV5BOGI0MTlhY2EtMzNmMy00MGI0LWE2OGMtOWIzM2M5YjRiYTE4XkEyXkFqcGdeQXVyNTM3MDMyMDQ@._V1_UY98_CR32,0,67,98_AL_.jpg</thumbnail>
	<fanart/>
</item>
<item>
	<title>Icarus (I) (2017)</title>
	<meta>
		<content>movie</content>
		<imdb>tt6333060</imdb>
		<title>Icarus</title>
		<year>I 2017</year>
	</meta>
	<link>
		<sublink>search</sublink>
		<sublink>searchsd</sublink>
	</link>
	<thumbnail>https://ia.media-imdb.com/images/M/MV5BMTExMDc5NjQyMjJeQTJeQWpwZ15BbWU4MDEzMzkyODIy._V1_UX67_CR0,0,67,98_AL_.jpg</thumbnail>
	<fanart/>
</item>
<item>
	<title>Flint Town (2018– )</title>
	<meta>
		<content>movie</content>
		<imdb>tt8004578</imdb>
		<title>Flint Town</title>
		<year>2018– </year>
	</meta>
	<link>
		<sublink>search</sublink>
		<sublink>searchsd</sublink>
	</link>
	<thumbnail>https://ia.media-imdb.com/images/M/MV5BMjQzOTUzMDY5M15BMl5BanBnXkFtZTgwNDIzMzc4NDM@._V1_SY1000_SX800_AL_.jpg</thumbnail>
	<fanart/>
</item>
<item>
	<title>Planet Earth II (2016)</title>
	<meta>
		<content>movie</content>
		<imdb>tt5491994</imdb>
		<title>Planet Earth II</title>
		<year>2016</year>
	</meta>
	<link>
		<sublink>search</sublink>
		<sublink>searchsd</sublink>
	</link>
	<thumbnail>https://ia.media-imdb.com/images/M/MV5BZWYxODViMGYtMGE2ZC00ZGQ3LThhMWUtYTVkNGE3OWU4NWRkL2ltYWdlL2ltYWdlXkEyXkFqcGdeQXVyMjYwNDA2MDE@._V1_SY1000_SX800_AL_.jpg</thumbnail>
	<fanart/>
</item>
<item>
	<title>Ricky Gervais: Humanity (2018 TV Special)</title>
	<meta>
		<content>movie</content>
		<imdb>tt7830574</imdb>
		<title>Ricky Gervais: Humanity</title>
		<year>2018 TV Special</year>
	</meta>
	<link>
		<sublink>search</sublink>
		<sublink>searchsd</sublink>
	</link>
	<thumbnail>https://ia.media-imdb.com/images/M/MV5BZWEyYTc2ZGYtMTE4MS00YjJkLWFiNGMtNDg0Mjc4YjllZTFkXkEyXkFqcGdeQXVyMjQzNzk2ODk@._V1_UY98_CR1,0,67,98_AL_.jpg</thumbnail>
	<fanart/>
</item>
<item>
	<title>Won't You Be My Neighbor? (2018)</title>
	<meta>
		<content>movie</content>
		<imdb>tt7681902</imdb>
		<title>Won't You Be My Neighbor?</title>
		<year>2018</year>
	</meta>
	<link>
		<sublink>search</sublink>
		<sublink>searchsd</sublink>
	</link>
	<thumbnail>https://ia.media-imdb.com/images/M/MV5BMTkxNzgwMjg4NV5BMl5BanBnXkFtZTgwMDk2MDk1NDM@._V1_SY1000_SX800_AL_.jpg</thumbnail>
	<fanart/>
</item>
<item>
	<title>No Small Parts (2014– )</title>
	<meta>
		<content>movie</content>
		<imdb>tt4150832</imdb>
		<title>No Small Parts</title>
		<year>2014– </year>
	</meta>
	<link>
		<sublink>search</sublink>
		<sublink>searchsd</sublink>
	</link>
	<thumbnail>https://ia.media-imdb.com/images/M/MV5BMjA5MzM4MzY0MV5BMl5BanBnXkFtZTgwMjI0MTQzODE@._V1_SY1000_SX800_AL_.jpg</thumbnail>
	<fanart/>
</item>
<item>
	<title>Blue Planet II (2017–2018)</title>
	<meta>
		<content>movie</content>
		<imdb>tt6769208</imdb>
		<title>Blue Planet II</title>
		<year>2017–2018</year>
	</meta>
	<link>
		<sublink>search</sublink>
		<sublink>searchsd</sublink>
	</link>
	<thumbnail>https://ia.media-imdb.com/images/M/MV5BNjI1M2ZjMzItZWI4Ny00ZWJlLWI0ZDAtMTJhNDQxOWZjM2M5XkEyXkFqcGdeQXVyMjExMjk0ODk@._V1_UY98_CR3,0,67,98_AL_.jpg</thumbnail>
	<fanart/>
</item>
<item>
	<title>Inside Look: The People v. O.J. Simpson, American Crime Story (2016–2017)</title>
	<meta>
		<content>movie</content>
		<imdb>tt6205862</imdb>
		<title>Inside Look: The People v. O.J. Simpson, American Crime Story</title>
		<year>2016–2017</year>
	</meta>
	<link>
		<sublink>search</sublink>
		<sublink>searchsd</sublink>
	</link>
	<thumbnail>https://ia.media-imdb.com/images/M/MV5BOTJlNzJmMjMtZmRlMS00NDMzLTk1ZjQtZjJhOGM5ZjlkMzdlXkEyXkFqcGdeQXVyMjIzMDIzNDY@._V1_UY98_CR3,0,67,98_AL_.jpg</thumbnail>
	<fanart/>
</item>
<item>
	<title>Dirty Money (2018– )</title>
	<meta>
		<content>movie</content>
		<imdb>tt7889220</imdb>
		<title>Dirty Money</title>
		<year>2018– </year>
	</meta>
	<link>
		<sublink>search</sublink>
		<sublink>searchsd</sublink>
	</link>
	<thumbnail>https://ia.media-imdb.com/images/M/MV5BZWVmYjJlZjgtMzU4YS00MDQxLWJmYjQtNTcyMjJkMDNmOTZkXkEyXkFqcGdeQXVyMTMxODk2OTU@._V1_SY1000_SX800_AL_.jpg</thumbnail>
	<fanart/>
</item>
<item>
	<title>Cosmos: A Spacetime Odyssey (2014– )</title>
	<meta>
		<content>movie</content>
		<imdb>tt2395695</imdb>
		<title>Cosmos: A Spacetime Odyssey</title>
		<year>2014– </year>
	</meta>
	<link>
		<sublink>search</sublink>
		<sublink>searchsd</sublink>
	</link>
	<thumbnail>https://ia.media-imdb.com/images/M/MV5BMTc5NzgwNDE3N15BMl5BanBnXkFtZTgwNDAxMTY5MTE@._V1._CR51,41,938,1336_UY98_CR1,0,67,98_AL_.jpg</thumbnail>
	<fanart/>
</item>
<item>
	<title>Hitler's Circle of Evil (2018)</title>
	<meta>
		<content>movie</content>
		<imdb>tt6600720</imdb>
		<title>Hitler's Circle of Evil</title>
		<year>2018</year>
	</meta>
	<link>
		<sublink>search</sublink>
		<sublink>searchsd</sublink>
	</link>
	<thumbnail>https://ia.media-imdb.com/images/M/MV5BMGY4MGQ4OTQtMDM5Ni00YTI1LWFjN2UtMmYwYTZiZDI3NDk2XkEyXkFqcGdeQXVyMzg2ODc2MzE@._V1_UY98_CR53,0,67,98_AL_.jpg</thumbnail>
	<fanart/>
</item>
<item>
	<title>Pope Francis: A Man of His Word (2018)</title>
	<meta>
		<content>movie</content>
		<imdb>tt6915100</imdb>
		<title>Pope Francis: A Man of His Word</title>
		<year>2018</year>
	</meta>
	<link>
		<sublink>search</sublink>
		<sublink>searchsd</sublink>
	</link>
	<thumbnail>https://ia.media-imdb.com/images/M/MV5BZWZjYzUxZGUtNzdhZC00ODU0LWE2NjEtM2ZjNjBjM2NiMDQ2XkEyXkFqcGdeQXVyMjM4NTM5NDY@._V1_SY1000_SX800_AL_.jpg</thumbnail>
	<fanart/>
</item>
<item>
	<title>Making a Murderer (2015– )</title>
	<meta>
		<content>movie</content>
		<imdb>tt5189670</imdb>
		<title>Making a Murderer</title>
		<year>2015– </year>
	</meta>
	<link>
		<sublink>search</sublink>
		<sublink>searchsd</sublink>
	</link>
	<thumbnail>https://ia.media-imdb.com/images/M/MV5BNTc4NjI4NjYyNl5BMl5BanBnXkFtZTgwNzk1NTczNzE@._V1_SY1000_SX800_AL_.jpg</thumbnail>
	<fanart/>
</item>
<item>
	<title>Planet Earth (2006)</title>
	<meta>
		<content>movie</content>
		<imdb>tt0795176</imdb>
		<title>Planet Earth</title>
		<year>2006</year>
	</meta>
	<link>
		<sublink>search</sublink>
		<sublink>searchsd</sublink>
	</link>
	<thumbnail>https://ia.media-imdb.com/images/M/MV5BNmZlYzIzMTItY2EzYS00YTEyLTg0ZjEtMDMzZjM3ODdhN2UzXkEyXkFqcGdeQXVyNjI0MDg2NzE@._V1_SY1000_SX800_AL_.jpg</thumbnail>
	<fanart/>
</item>
<item>
	<title>The World's Most Extraordinary Homes (2017–2018)</title>
	<meta>
		<content>movie</content>
		<imdb>tt7804132</imdb>
		<title>The World's Most Extraordinary Homes</title>
		<year>2017–2018</year>
	</meta>
	<link>
		<sublink>search</sublink>
		<sublink>searchsd</sublink>
	</link>
	<thumbnail>https://ia.media-imdb.com/images/M/MV5BOWQ0NzVhOTMtMGRhMy00NTliLTg5ZjUtMThhNTBkN2FlMDdkXkEyXkFqcGdeQXVyNTAyODkwOQ@@._V1_UY98_CR1,0,67,98_AL_.jpg</thumbnail>
	<fanart/>
</item>
<item>
	<title>Faces Places (2017)</title>
	<meta>
		<content>movie</content>
		<imdb>tt5598102</imdb>
		<title>Faces Places</title>
		<year>2017</year>
	</meta>
	<link>
		<sublink>search</sublink>
		<sublink>searchsd</sublink>
	</link>
	<thumbnail>https://ia.media-imdb.com/images/M/MV5BMjIwNTE2MDY1N15BMl5BanBnXkFtZTgwMTk3OTM1NDM@._V1_SY1000_SX800_AL_.jpg</thumbnail>
	<fanart/>
</item>
<item>
	<title>Hot Girls Wanted (2015)</title>
	<meta>
		<content>movie</content>
		<imdb>tt4382552</imdb>
		<title>Hot Girls Wanted</title>
		<year>2015</year>
	</meta>
	<link>
		<sublink>search</sublink>
		<sublink>searchsd</sublink>
	</link>
	<thumbnail>https://ia.media-imdb.com/images/M/MV5BMTcyMjU5NjAwN15BMl5BanBnXkFtZTgwOTM1MTc4NTE@._V1_SY1000_SX800_AL_.jpg</thumbnail>
	<fanart/>
</item>
<item>
	<title>Kingpin (2018– )</title>
	<meta>
		<content>movie</content>
		<imdb>tt8119642</imdb>
		<title>Kingpin</title>
		<year>2018– </year>
	</meta>
	<link>
		<sublink>search</sublink>
		<sublink>searchsd</sublink>
	</link>
	<thumbnail>https://ia.media-imdb.com/images/M/MV5BMTIwMDQyOTgtMjQ3Yy00ZTc4LWE5ZTMtNDA1NjYxNjdjZmQ0XkEyXkFqcGdeQXVyMjQ2NjYxNTQ@._V1_UY98_CR7,0,67,98_AL_.jpg</thumbnail>
	<fanart/>
</item>
<item>
	<title>Derren Brown: Pushed to the Edge (2016 TV Movie)</title>
	<meta>
		<content>movie</content>
		<imdb>tt5340856</imdb>
		<title>Derren Brown: Pushed to the Edge</title>
		<year>2016 TV Movie</year>
	</meta>
	<link>
		<sublink>search</sublink>
		<sublink>searchsd</sublink>
	</link>
	<thumbnail>https://ia.media-imdb.com/images/M/MV5BZmE2ZjM3ZTItMzRiZS00Yjk2LWE4NTAtZjNmMmE2Yjg1ZDQ3XkEyXkFqcGdeQXVyMTMxODk2OTU@._V1_UY98_CR1,0,67,98_AL_.jpg</thumbnail>
	<fanart/>
</item>
<item>
	<title>Lore (2017– )</title>
	<meta>
		<content>movie</content>
		<imdb>tt6130902</imdb>
		<title>Lore</title>
		<year>2017– </year>
	</meta>
	<link>
		<sublink>search</sublink>
		<sublink>searchsd</sublink>
	</link>
	<thumbnail>https://ia.media-imdb.com/images/M/MV5BMjA3ODQwNzM0OF5BMl5BanBnXkFtZTgwMjY5MTczMzI@._V1_SY1000_SX800_AL_.jpg</thumbnail>
	<fanart/>
</item>
<item>
	<title>Girls Incarcerated (2018– )</title>
	<meta>
		<content>movie</content>
		<imdb>tt8092942</imdb>
		<title>Girls Incarcerated</title>
		<year>2018– </year>
	</meta>
	<link>
		<sublink>search</sublink>
		<sublink>searchsd</sublink>
	</link>
	<thumbnail>https://ia.media-imdb.com/images/M/MV5BNzQ0MTA2YTgtNTE2YS00NDg2LTk0NDYtMWQ2MGYyNzEyYzgzXkEyXkFqcGdeQXVyMTMxODk2OTU@._V1_UY98_CR1,0,67,98_AL_.jpg</thumbnail>
	<fanart/>
</item>
<item>
	<title>Wormwood (2017)</title>
	<meta>
		<content>movie</content>
		<imdb>tt7306056</imdb>
		<title>Wormwood</title>
		<year>2017</year>
	</meta>
	<link>
		<sublink>search</sublink>
		<sublink>searchsd</sublink>
	</link>
	<thumbnail>https://ia.media-imdb.com/images/M/MV5BOTIyNzQxNjczM15BMl5BanBnXkFtZTgwODUzNDEzNDM@._V1_SY1000_SX800_AL_.jpg</thumbnail>
	<fanart/>
</item>
<item>
	<title>After Porn Ends 2 (2017)</title>
	<meta>
		<content>movie</content>
		<imdb>tt5168832</imdb>
		<title>After Porn Ends 2</title>
		<year>2017</year>
	</meta>
	<link>
		<sublink>search</sublink>
		<sublink>searchsd</sublink>
	</link>
	<thumbnail>https://ia.media-imdb.com/images/M/MV5BOGFjMTcxNDAtYjY3OS00MDQ5LWEyZmItZWI3MDZhNGViZWUzL2ltYWdlL2ltYWdlXkEyXkFqcGdeQXVyMjQ3NTAwODY@._V1_SY1000_SX800_AL_.jpg</thumbnail>
	<fanart/>
</item>
<item>
	<title>The Vietnam War (2017)</title>
	<meta>
		<content>movie</content>
		<imdb>tt1877514</imdb>
		<title>The Vietnam War</title>
		<year>2017</year>
	</meta>
	<link>
		<sublink>search</sublink>
		<sublink>searchsd</sublink>
	</link>
	<thumbnail>https://ia.media-imdb.com/images/M/MV5BZTBjYzY5ZDctZDlkYi00ODlkLThkMDctZjAzOWQxYzJiZDgzXkEyXkFqcGdeQXVyODAxMzczMjg@._V1_SY1000_SX800_AL_.jpg</thumbnail>
	<fanart/>
</item>
<item>
	<title>Earth: One Amazing Day (2017)</title>
	<meta>
		<content>movie</content>
		<imdb>tt6238896</imdb>
		<title>Earth: One Amazing Day</title>
		<year>2017</year>
	</meta>
	<link>
		<sublink>search</sublink>
		<sublink>searchsd</sublink>
	</link>
	<thumbnail>https://ia.media-imdb.com/images/M/MV5BYmZhYzY2NjItZjFkMy00ZDcyLTk5NTYtNDgwOGQ1YjdiZGZjXkEyXkFqcGdeQXVyMjQzOTEyMzY@._V1_SY1000_SX800_AL_.jpg</thumbnail>
	<fanart/>
</item>
<item>
	<title>Ugly Delicious (2018– )</title>
	<meta>
		<content>movie</content>
		<imdb>tt7907916</imdb>
		<title>Ugly Delicious</title>
		<year>2018– </year>
	</meta>
	<link>
		<sublink>search</sublink>
		<sublink>searchsd</sublink>
	</link>
	<thumbnail>https://ia.media-imdb.com/images/M/MV5BNDY3MTc3NDM3NF5BMl5BanBnXkFtZTgwMjk0NjI5NDM@._V1_SY1000_SX800_AL_.jpg</thumbnail>
	<fanart/>
</item>
<item>
	<title>Hot Girls Wanted: Turned On (2017– )</title>
	<meta>
		<content>movie</content>
		<imdb>tt6333104</imdb>
		<title>Hot Girls Wanted: Turned On</title>
		<year>2017– </year>
	</meta>
	<link>
		<sublink>search</sublink>
		<sublink>searchsd</sublink>
	</link>
	<thumbnail>https://ia.media-imdb.com/images/M/MV5BMjM5NDI3ODMxM15BMl5BanBnXkFtZTgwNTIwOTcwMjI@._V1_SY1000_SX800_AL_.jpg</thumbnail>
	<fanart/>
</item>
<item>
	<title>The Defiant Ones (2017)</title>
	<meta>
		<content>movie</content>
		<imdb>tt6958022</imdb>
		<title>The Defiant Ones</title>
		<year>2017</year>
	</meta>
	<link>
		<sublink>search</sublink>
		<sublink>searchsd</sublink>
	</link>
	<thumbnail>https://ia.media-imdb.com/images/M/MV5BNjAyMjg0MTMtZmUxZC00MzhiLTk1YzYtOGE4YWNmYmIzMjc4XkEyXkFqcGdeQXVyMTMxODk2OTU@._V1_SY1000_SX800_AL_.jpg</thumbnail>
	<fanart/>
</item>
<item>
	<title>The World at War (1973–1976)</title>
	<meta>
		<content>movie</content>
		<imdb>tt0071075</imdb>
		<title>The World at War</title>
		<year>1973–1976</year>
	</meta>
	<link>
		<sublink>search</sublink>
		<sublink>searchsd</sublink>
	</link>
	<thumbnail>https://ia.media-imdb.com/images/M/MV5BYzExN2NhZDctOWEzMy00NzYwLTg3MDktNjYyNTQyOWY4MGYwXkEyXkFqcGdeQXVyNTAyODkwOQ@@._V1_UY98_CR2,0,67,98_AL_.jpg</thumbnail>
	<fanart/>
</item>
<item>
	<title>Jane (II) (2017)</title>
	<meta>
		<content>movie</content>
		<imdb>tt7207238</imdb>
		<title>Jane</title>
		<year>II 2017</year>
	</meta>
	<link>
		<sublink>search</sublink>
		<sublink>searchsd</sublink>
	</link>
	<thumbnail>https://ia.media-imdb.com/images/M/MV5BZjdiNTg2MTQtNmE0ZC00NmMyLWI3MDYtYjE0MDEyNmI5ZTU2XkEyXkFqcGdeQXVyMTMxODk2OTU@._V1_UY98_CR4,0,67,98_AL_.jpg</thumbnail>
	<fanart/>
</item>
<item>
	<title>Augie (2018)</title>
	<meta>
		<content>movie</content>
		<imdb>tt5910262</imdb>
		<title>Augie</title>
		<year>2018</year>
	</meta>
	<link>
		<sublink>search</sublink>
		<sublink>searchsd</sublink>
	</link>
	<thumbnail>https://ia.media-imdb.com/images/M/MV5BYjk3ZWFmMTItZmMxMi00ZjdiLThhMDctM2IxMjYzZmM0NzdhXkEyXkFqcGdeQXVyNzg1Nzg4MzU@._V1_SY1000_SX800_AL_.jpg</thumbnail>
	<fanart/>
</item>
<item>
	<title>The Jinx: The Life and Deaths of Robert Durst (2015)</title>
	<meta>
		<content>movie</content>
		<imdb>tt4299972</imdb>
		<title>The Jinx: The Life and Deaths of Robert Durst</title>
		<year>2015</year>
	</meta>
	<link>
		<sublink>search</sublink>
		<sublink>searchsd</sublink>
	</link>
	<thumbnail>https://ia.media-imdb.com/images/M/MV5BMjI0OTc3MzY5Ml5BMl5BanBnXkFtZTgwNjk3MDUyNDE@._V1_SY1000_SX800_AL_.jpg</thumbnail>
	<fanart/>
</item>
<item>
	<title>One Strange Rock (2018– )</title>
	<meta>
		<content>movie</content>
		<imdb>tt7651892</imdb>
		<title>One Strange Rock</title>
		<year>2018– </year>
	</meta>
	<link>
		<sublink>search</sublink>
		<sublink>searchsd</sublink>
	</link>
	<thumbnail>https://ia.media-imdb.com/images/M/MV5BMzBlYjhmYTMtNzY1ZS00ZGU2LWFmMzktYTg5ZGU1N2JlMGRmXkEyXkFqcGdeQXVyMTg3MDg4NzM@._V1_SY1000_SX800_AL_.jpg</thumbnail>
	<fanart/>
</item>
<item>
	<title>Jackass: The Movie (2002)</title>
	<meta>
		<content>movie</content>
		<imdb>tt0322802</imdb>
		<title>Jackass: The Movie</title>
		<year>2002</year>
	</meta>
	<link>
		<sublink>search</sublink>
		<sublink>searchsd</sublink>
	</link>
	<thumbnail>https://ia.media-imdb.com/images/M/MV5BOTgwMmU0YzktOGNhNi00MDcyLTg1OGEtZGQwM2RlMTAyYzhlXkEyXkFqcGdeQXVyMTQxNzMzNDI@._V1_SY1000_SX800_AL_.jpg</thumbnail>
	<fanart/>
</item>
<item>
	<title>The Bible (2013– )</title>
	<meta>
		<content>movie</content>
		<imdb>tt2245988</imdb>
		<title>The Bible</title>
		<year>2013– </year>
	</meta>
	<link>
		<sublink>search</sublink>
		<sublink>searchsd</sublink>
	</link>
	<thumbnail>https://ia.media-imdb.com/images/M/MV5BNjU2OTM4MTE4OV5BMl5BanBnXkFtZTgwMDUwNzE2MDE@._V1_SY1000_SX800_AL_.jpg</thumbnail>
	<fanart/>
</item>
<item>
	<title>Chef's Table (2015– )</title>
	<meta>
		<content>movie</content>
		<imdb>tt4295140</imdb>
		<title>Chef's Table</title>
		<year>2015– </year>
	</meta>
	<link>
		<sublink>search</sublink>
		<sublink>searchsd</sublink>
	</link>
	<thumbnail>https://ia.media-imdb.com/images/M/MV5BYjhlZGFlZTMtYzQxNC00NDRjLTg2YzctM2ZhYzYzYWM5OGY1XkEyXkFqcGdeQXVyNTA4NzY1MzY@._V1_SY1000_SX800_AL_.jpg</thumbnail>
	<fanart/>
</item>
<item>
	<title>Pandas (2018)</title>
	<meta>
		<content>movie</content>
		<imdb>tt7860270</imdb>
		<title>Pandas</title>
		<year>2018</year>
	</meta>
	<link>
		<sublink>search</sublink>
		<sublink>searchsd</sublink>
	</link>
	<thumbnail>https://ia.media-imdb.com/images/M/MV5BMTg3NzY4NTI3N15BMl5BanBnXkFtZTgwMzc0MDc4NDM@._V1_SY1000_SX800_AL_.jpg</thumbnail>
	<fanart/>
</item>
<item>
	<title>DC's Legends of Tomorrow: Their Time Is Now (2016 TV Movie)</title>
	<meta>
		<content>movie</content>
		<imdb>tt5362352</imdb>
		<title>DC's Legends of Tomorrow: Their Time Is Now</title>
		<year>2016 TV Movie</year>
	</meta>
	<link>
		<sublink>search</sublink>
		<sublink>searchsd</sublink>
	</link>
	<thumbnail>https://ia.media-imdb.com/images/M/MV5BMDVlMzc2OWYtZjMyMy00NDE3LTg0M2UtZTNmMzgzYjBkYWI4XkEyXkFqcGdeQXVyMzgxODM4NjM@._V1_SY1000_SX800_AL_.jpg</thumbnail>
	<fanart/>
</item>
<item>
	<title>Bombshell: The Hedy Lamarr Story (2017)</title>
	<meta>
		<content>movie</content>
		<imdb>tt6752848</imdb>
		<title>Bombshell: The Hedy Lamarr Story</title>
		<year>2017</year>
	</meta>
	<link>
		<sublink>search</sublink>
		<sublink>searchsd</sublink>
	</link>
	<thumbnail>https://ia.media-imdb.com/images/M/MV5BOWRmNjE5NjctMjY5OC00ZWZlLTlkMjUtMDQ2MmRmMWY4Njc0XkEyXkFqcGdeQXVyNjg1MDUyNTI@._V1_SY1000_SX800_AL_.jpg</thumbnail>
	<fanart/>
</item>
<item>
	<title>Li hai le, wo de guo (2018)</title>
	<meta>
		<content>movie</content>
		<imdb>tt8081062</imdb>
		<title>Li hai le, wo de guo</title>
		<year>2018</year>
	</meta>
	<link>
		<sublink>search</sublink>
		<sublink>searchsd</sublink>
	</link>
	<thumbnail>https://ia.media-imdb.com/images/M/MV5BMzRlNTMyODctMGYxNi00NGVjLWEwNTQtN2QxOTNiNTY3ZDBiXkEyXkFqcGdeQXVyMTk2MDc1MjQ@._V1_SY1000_SX800_AL_.jpg</thumbnail>
	<fanart/>
</item>
<item>
	<title>Inside Job (2010)</title>
	<meta>
		<content>movie</content>
		<imdb>tt1645089</imdb>
		<title>Inside Job</title>
		<year>2010</year>
	</meta>
	<link>
		<sublink>search</sublink>
		<sublink>searchsd</sublink>
	</link>
	<thumbnail>https://ia.media-imdb.com/images/M/MV5BMTQ3MjkyODA2Nl5BMl5BanBnXkFtZTcwNzQxMTU4Mw@@._V1_SY1000_SX800_AL_.jpg</thumbnail>
	<fanart/>
</item>
<item>
	<title>American Dynasties: The Kennedys (2018– )</title>
	<meta>
		<content>movie</content>
		<imdb>tt6903230</imdb>
		<title>American Dynasties: The Kennedys</title>
		<year>2018– </year>
	</meta>
	<link>
		<sublink>search</sublink>
		<sublink>searchsd</sublink>
	</link>
	<thumbnail>https://ia.media-imdb.com/images/M/MV5BMjM4MDI0NzY4OF5BMl5BanBnXkFtZTgwMzIwMjkwNTM@._V1_SY1000_SX800_AL_.jpg</thumbnail>
	<fanart/>
</item>
<item>
	<title>The Director and The Jedi (2018)</title>
	<meta>
		<content>movie</content>
		<imdb>tt8080556</imdb>
		<title>The Director and The Jedi</title>
		<year>2018</year>
	</meta>
	<link>
		<sublink>search</sublink>
		<sublink>searchsd</sublink>
	</link>
	<thumbnail>https://ia.media-imdb.com/images/M/MV5BMTEyMTQxODA3OTNeQTJeQWpwZ15BbWU4MDAwODg5OTQz._V1_UX67_CR0,0,67,98_AL_.jpg</thumbnail>
	<fanart/>
</item>
<item>
	<title>The Devil and Father Amorth (2017)</title>
	<meta>
		<content>movie</content>
		<imdb>tt6883152</imdb>
		<title>The Devil and Father Amorth</title>
		<year>2017</year>
	</meta>
	<link>
		<sublink>search</sublink>
		<sublink>searchsd</sublink>
	</link>
	<thumbnail>https://ia.media-imdb.com/images/M/MV5BMjIxMTUyNjQ2NV5BMl5BanBnXkFtZTgwMDI0OTg5NDM@._V1_SY1000_SX800_AL_.jpg</thumbnail>
	<fanart/>
</item>
<item>
	<title>The Farthest (2017)</title>
	<meta>
		<content>movie</content>
		<imdb>tt6223974</imdb>
		<title>The Farthest</title>
		<year>2017</year>
	</meta>
	<link>
		<sublink>search</sublink>
		<sublink>searchsd</sublink>
	</link>
	<thumbnail>https://ia.media-imdb.com/images/M/MV5BYzE3MTFiNjItY2MwNy00NzBkLTgzMmQtMjRhMzg3ZDUzMzQwXkEyXkFqcGdeQXVyNzMxNjIyMTA@._V1_SY1000_SX800_AL_.jpg</thumbnail>
	<fanart/>
</item>
<item>
	<title>Life (2009)</title>
	<meta>
		<content>movie</content>
		<imdb>tt1533395</imdb>
		<title>Life</title>
		<year>2009</year>
	</meta>
	<link>
		<sublink>search</sublink>
		<sublink>searchsd</sublink>
	</link>
	<thumbnail>https://ia.media-imdb.com/images/M/MV5BMzc0NzY3MjA0Nl5BMl5BanBnXkFtZTcwNTE3NzQyMw@@._V1._CR0,1,361,471_UY98_CR4,0,67,98_AL_.jpg</thumbnail>
	<fanart/>
</item>
<dir>
	<title>[COLOR white]Next Page >>[/COLOR]</title>
	<imdburl>http://www.imdb.com/search/title?title_type=https%3A//www.imdb.com/search/title%3Ftitle_type%3Dfeature&genres=documentary&genres=documentary&groups=top_250/items&page=2&ref_=adv_nxt</imdburl>
	<thumbnail>https://image.ibb.co/gtsNjw/next.png</thumbnail>
</dir>
