<item>
	<title>I Can Only Imagine (2018)</title>
	<meta>
		<content>movie</content>
		<imdb>tt6450186</imdb>
		<title>I Can Only Imagine</title>
		<year>2018</year>
	</meta>
	<link>
		<sublink>search</sublink>
		<sublink>searchsd</sublink>
	</link>
	<thumbnail>https://ia.media-imdb.com/images/M/MV5BMTRjNDc5NTAtZGJlYS00NTg4LTk2NTEtNGUwY2NiZWM3YTY2XkEyXkFqcGdeQXVyNTQ3MjE4NTU@._V1_SY1000_SX800_AL_.jpg</thumbnail>
	<fanart/>
</item>
<item>
	<title>A Wrinkle in Time (2018)</title>
	<meta>
		<content>movie</content>
		<imdb>tt1620680</imdb>
		<title>A Wrinkle in Time</title>
		<year>2018</year>
	</meta>
	<link>
		<sublink>search</sublink>
		<sublink>searchsd</sublink>
	</link>
	<thumbnail>https://ia.media-imdb.com/images/M/MV5BMjMxNjQ5MTI3MV5BMl5BanBnXkFtZTgwMjQ2MTAyNDM@._V1_SY1000_SX800_AL_.jpg</thumbnail>
	<fanart/>
</item>
<item>
	<title>Coco (I) (2017)</title>
	<meta>
		<content>movie</content>
		<imdb>tt2380307</imdb>
		<title>Coco</title>
		<year>I 2017</year>
	</meta>
	<link>
		<sublink>search</sublink>
		<sublink>searchsd</sublink>
	</link>
	<thumbnail>https://ia.media-imdb.com/images/M/MV5BYjQ5NjM0Y2YtNjZkNC00ZDhkLWJjMWItN2QyNzFkMDE3ZjAxXkEyXkFqcGdeQXVyODIxMzk5NjA@._V1_UY98_CR1,0,67,98_AL_.jpg</thumbnail>
	<fanart/>
</item>
<item>
	<title>Ferdinand (2017)</title>
	<meta>
		<content>movie</content>
		<imdb>tt3411444</imdb>
		<title>Ferdinand</title>
		<year>2017</year>
	</meta>
	<link>
		<sublink>search</sublink>
		<sublink>searchsd</sublink>
	</link>
	<thumbnail>https://ia.media-imdb.com/images/M/MV5BOTIwMDI0NjQ4OF5BMl5BanBnXkFtZTgwNjU0MzAyNDM@._V1_SY1000_SX800_AL_.jpg</thumbnail>
	<fanart/>
</item>
<item>
	<title>Fantastic Beasts: The Crimes of Grindelwald (2018)</title>
	<meta>
		<content>movie</content>
		<imdb>tt4123430</imdb>
		<title>Fantastic Beasts: The Crimes of Grindelwald</title>
		<year>2018</year>
	</meta>
	<link>
		<sublink>search</sublink>
		<sublink>searchsd</sublink>
	</link>
	<thumbnail>https://ia.media-imdb.com/images/M/MV5BNzQwNzI2NzU3Nl5BMl5BanBnXkFtZTgwNDU4NzIwNTM@._V1_UY98_CR5,0,67,98_AL_.jpg</thumbnail>
	<fanart/>
</item>
<item>
	<title>Peter Rabbit (2018)</title>
	<meta>
		<content>movie</content>
		<imdb>tt5117670</imdb>
		<title>Peter Rabbit</title>
		<year>2018</year>
	</meta>
	<link>
		<sublink>search</sublink>
		<sublink>searchsd</sublink>
	</link>
	<thumbnail>https://ia.media-imdb.com/images/M/MV5BMTk5NzI0ODUwN15BMl5BanBnXkFtZTgwOTIxNjA0NDM@._V1_SY1000_SX800_AL_.jpg</thumbnail>
	<fanart/>
</item>
<item>
	<title>Wonder (I) (2017)</title>
	<meta>
		<content>movie</content>
		<imdb>tt2543472</imdb>
		<title>Wonder</title>
		<year>I 2017</year>
	</meta>
	<link>
		<sublink>search</sublink>
		<sublink>searchsd</sublink>
	</link>
	<thumbnail>https://ia.media-imdb.com/images/M/MV5BYjFhOWY0OTgtNDkzMC00YWJkLTk1NGEtYWUxNjhmMmQ5ZjYyXkEyXkFqcGdeQXVyMjMxOTE0ODA@._V1_SY1000_SX800_AL_.jpg</thumbnail>
	<fanart/>
</item>
<item>
	<title>Sherlock Gnomes (2018)</title>
	<meta>
		<content>movie</content>
		<imdb>tt2296777</imdb>
		<title>Sherlock Gnomes</title>
		<year>2018</year>
	</meta>
	<link>
		<sublink>search</sublink>
		<sublink>searchsd</sublink>
	</link>
	<thumbnail>https://ia.media-imdb.com/images/M/MV5BMTk4NzU3NzU2NV5BMl5BanBnXkFtZTgwNDc4NTI3NDM@._V1_SY1000_SX800_AL_.jpg</thumbnail>
	<fanart/>
</item>
<item>
	<title>Paddington 2 (2017)</title>
	<meta>
		<content>movie</content>
		<imdb>tt4468740</imdb>
		<title>Paddington 2</title>
		<year>2017</year>
	</meta>
	<link>
		<sublink>search</sublink>
		<sublink>searchsd</sublink>
	</link>
	<thumbnail>https://ia.media-imdb.com/images/M/MV5BMmYwNWZlNzEtNjE4Zi00NzQ4LWI2YmUtOWZhNzZhZDYyNmVmXkEyXkFqcGdeQXVyNzYzODM3Mzg@._V1_SY1000_SX800_AL_.jpg</thumbnail>
	<fanart/>
</item>
<item>
	<title>Fantastic Beasts and Where to Find Them (2016)</title>
	<meta>
		<content>movie</content>
		<imdb>tt3183660</imdb>
		<title>Fantastic Beasts and Where to Find Them</title>
		<year>2016</year>
	</meta>
	<link>
		<sublink>search</sublink>
		<sublink>searchsd</sublink>
	</link>
	<thumbnail>https://ia.media-imdb.com/images/M/MV5BMjMxOTM1OTI4MV5BMl5BanBnXkFtZTgwODE5OTYxMDI@._V1_SY1000_SX800_AL_.jpg</thumbnail>
	<fanart/>
</item>
<item>
	<title>Beauty and the Beast (2017)</title>
	<meta>
		<content>movie</content>
		<imdb>tt2771200</imdb>
		<title>Beauty and the Beast</title>
		<year>2017</year>
	</meta>
	<link>
		<sublink>search</sublink>
		<sublink>searchsd</sublink>
	</link>
	<thumbnail>https://ia.media-imdb.com/images/M/MV5BMTUwNjUxMTM4NV5BMl5BanBnXkFtZTgwODExMDQzMTI@._V1_SY1000_SX800_AL_.jpg</thumbnail>
	<fanart/>
</item>
<item>
	<title>Jumanji (1995)</title>
	<meta>
		<content>movie</content>
		<imdb>tt0113497</imdb>
		<title>Jumanji</title>
		<year>1995</year>
	</meta>
	<link>
		<sublink>search</sublink>
		<sublink>searchsd</sublink>
	</link>
	<thumbnail>https://ia.media-imdb.com/images/M/MV5BZTk2ZmUwYmEtNTcwZS00YmMyLWFkYjMtNTRmZDA3YWExMjc2XkEyXkFqcGdeQXVyMTQxNzMzNDI@._V1_UY98_CR3,0,67,98_AL_.jpg</thumbnail>
	<fanart/>
</item>
<item>
	<title>Mary Poppins Returns (2018)</title>
	<meta>
		<content>movie</content>
		<imdb>tt5028340</imdb>
		<title>Mary Poppins Returns</title>
		<year>2018</year>
	</meta>
	<link>
		<sublink>search</sublink>
		<sublink>searchsd</sublink>
	</link>
	<thumbnail>https://ia.media-imdb.com/images/M/MV5BMTY4MjYzOTc1NF5BMl5BanBnXkFtZTgwMTkyNzU5NDM@._V1_SY1000_SX800_AL_.jpg</thumbnail>
	<fanart/>
</item>
<item>
	<title>Moana (I) (2016)</title>
	<meta>
		<content>movie</content>
		<imdb>tt3521164</imdb>
		<title>Moana</title>
		<year>I 2016</year>
	</meta>
	<link>
		<sublink>search</sublink>
		<sublink>searchsd</sublink>
	</link>
	<thumbnail>https://ia.media-imdb.com/images/M/MV5BMjI4MzU5NTExNF5BMl5BanBnXkFtZTgwNzY1MTEwMDI@._V1_SY1000_SX800_AL_.jpg</thumbnail>
	<fanart/>
</item>
<item>
	<title>Harry Potter and the Sorcerer's Stone (2001)</title>
	<meta>
		<content>movie</content>
		<imdb>tt0241527</imdb>
		<title>Harry Potter and the Sorcerer's Stone</title>
		<year>2001</year>
	</meta>
	<link>
		<sublink>search</sublink>
		<sublink>searchsd</sublink>
	</link>
	<thumbnail>https://ia.media-imdb.com/images/M/MV5BNjQ3NWNlNmQtMTE5ZS00MDdmLTlkZjUtZTBlM2UxMGFiMTU3XkEyXkFqcGdeQXVyNjUwNzk3NDc@._V1_SY1000_SX800_AL_.jpg</thumbnail>
	<fanart/>
</item>
<item>
	<title>Zootopia (2016)</title>
	<meta>
		<content>movie</content>
		<imdb>tt2948356</imdb>
		<title>Zootopia</title>
		<year>2016</year>
	</meta>
	<link>
		<sublink>search</sublink>
		<sublink>searchsd</sublink>
	</link>
	<thumbnail>https://ia.media-imdb.com/images/M/MV5BOTMyMjEyNzIzMV5BMl5BanBnXkFtZTgwNzIyNjU0NzE@._V1_SY1000_SX800_AL_.jpg</thumbnail>
	<fanart/>
</item>
<item>
	<title>Benji (2018)</title>
	<meta>
		<content>movie</content>
		<imdb>tt1799516</imdb>
		<title>Benji</title>
		<year>2018</year>
	</meta>
	<link>
		<sublink>search</sublink>
		<sublink>searchsd</sublink>
	</link>
	<thumbnail>https://ia.media-imdb.com/images/M/MV5BMTc5MzIyMDk5Ml5BMl5BanBnXkFtZTgwMzA5MTA4NDM@._V1_SY1000_SX800_AL_.jpg</thumbnail>
	<fanart/>
</item>
<item>
	<title>Incredibles 2 (2018)</title>
	<meta>
		<content>movie</content>
		<imdb>tt3606756</imdb>
		<title>Incredibles 2</title>
		<year>2018</year>
	</meta>
	<link>
		<sublink>search</sublink>
		<sublink>searchsd</sublink>
	</link>
	<thumbnail>https://ia.media-imdb.com/images/M/MV5BOTMyNTA4OTEwMV5BMl5BanBnXkFtZTgwNjMxODE4NDM@._V1_SY1000_SX800_AL_.jpg</thumbnail>
	<fanart/>
</item>
<item>
	<title>The Jungle Book (2016)</title>
	<meta>
		<content>movie</content>
		<imdb>tt3040964</imdb>
		<title>The Jungle Book</title>
		<year>2016</year>
	</meta>
	<link>
		<sublink>search</sublink>
		<sublink>searchsd</sublink>
	</link>
	<thumbnail>https://ia.media-imdb.com/images/M/MV5BMTc3NTUzNTI4MV5BMl5BanBnXkFtZTgwNjU0NjU5NzE@._V1_SY1000_SX800_AL_.jpg</thumbnail>
	<fanart/>
</item>
<item>
	<title>Sing (2016)</title>
	<meta>
		<content>movie</content>
		<imdb>tt3470600</imdb>
		<title>Sing</title>
		<year>2016</year>
	</meta>
	<link>
		<sublink>search</sublink>
		<sublink>searchsd</sublink>
	</link>
	<thumbnail>https://ia.media-imdb.com/images/M/MV5BMTYzODYzODU2Ml5BMl5BanBnXkFtZTgwNTc1MTA2NzE@._V1_SY1000_SX800_AL_.jpg</thumbnail>
	<fanart/>
</item>
<item>
	<title>The Goonies (1985)</title>
	<meta>
		<content>movie</content>
		<imdb>tt0089218</imdb>
		<title>The Goonies</title>
		<year>1985</year>
	</meta>
	<link>
		<sublink>search</sublink>
		<sublink>searchsd</sublink>
	</link>
	<thumbnail>https://ia.media-imdb.com/images/M/MV5BOTlmMWU5YTQtOWMxMi00OWE0LTg2MDItMjEyZDBjNWY0NDdhL2ltYWdlXkEyXkFqcGdeQXVyNTAyODkwOQ@@._V1_SY1000_SX800_AL_.jpg</thumbnail>
	<fanart/>
</item>
<item>
	<title>Leap! (2016)</title>
	<meta>
		<content>movie</content>
		<imdb>tt2261287</imdb>
		<title>Leap!</title>
		<year>2016</year>
	</meta>
	<link>
		<sublink>search</sublink>
		<sublink>searchsd</sublink>
	</link>
	<thumbnail>https://ia.media-imdb.com/images/M/MV5BZjEzMmFlNWUtYTFhOC00ZDMxLTllZmItZjc3ODMwNTk2ZmNlXkEyXkFqcGdeQXVyNTY2ODgzODg@._V1_SY1000_SX800_AL_.jpg</thumbnail>
	<fanart/>
</item>
<item>
	<title>The Lion King (1994)</title>
	<meta>
		<content>movie</content>
		<imdb>tt0110357</imdb>
		<title>The Lion King</title>
		<year>1994</year>
	</meta>
	<link>
		<sublink>search</sublink>
		<sublink>searchsd</sublink>
	</link>
	<thumbnail>https://ia.media-imdb.com/images/M/MV5BYTYxNGMyZTYtMjE3MS00MzNjLWFjNmYtMDk3N2FmM2JiM2M1XkEyXkFqcGdeQXVyNjY5NDU4NzI@._V1_SY1000_SX800_AL_.jpg</thumbnail>
	<fanart/>
</item>
<item>
	<title>Christopher Robin (2018)</title>
	<meta>
		<content>movie</content>
		<imdb>tt4575576</imdb>
		<title>Christopher Robin</title>
		<year>2018</year>
	</meta>
	<link>
		<sublink>search</sublink>
		<sublink>searchsd</sublink>
	</link>
	<thumbnail>https://ia.media-imdb.com/images/M/MV5BYzUxMDQ3YTctMmY2NS00MzcwLWJlZWEtZDU3NmRmYWIzMDM0XkEyXkFqcGdeQXVyODQ0NzA0NDI@._V1_SY1000_SX800_AL_.jpg</thumbnail>
	<fanart/>
</item>
<item>
	<title>Cars 3 (2017)</title>
	<meta>
		<content>movie</content>
		<imdb>tt3606752</imdb>
		<title>Cars 3</title>
		<year>2017</year>
	</meta>
	<link>
		<sublink>search</sublink>
		<sublink>searchsd</sublink>
	</link>
	<thumbnail>https://ia.media-imdb.com/images/M/MV5BMTc0NzU2OTYyN15BMl5BanBnXkFtZTgwMTkwOTg2MTI@._V1_SY1000_SX800_AL_.jpg</thumbnail>
	<fanart/>
</item>
<item>
	<title>Frozen (I) (2013)</title>
	<meta>
		<content>movie</content>
		<imdb>tt2294629</imdb>
		<title>Frozen</title>
		<year>I 2013</year>
	</meta>
	<link>
		<sublink>search</sublink>
		<sublink>searchsd</sublink>
	</link>
	<thumbnail>https://ia.media-imdb.com/images/M/MV5BMTQ1MjQwMTE5OF5BMl5BanBnXkFtZTgwNjk3MTcyMDE@._V1_SY1000_SX800_AL_.jpg</thumbnail>
	<fanart/>
</item>
<item>
	<title>Early Man (2018)</title>
	<meta>
		<content>movie</content>
		<imdb>tt4701724</imdb>
		<title>Early Man</title>
		<year>2018</year>
	</meta>
	<link>
		<sublink>search</sublink>
		<sublink>searchsd</sublink>
	</link>
	<thumbnail>https://ia.media-imdb.com/images/M/MV5BYWMxYWVjNzAtMTY0YS00YWQyLWExMGItMjUxODkwYzQyNzMwXkEyXkFqcGdeQXVyMjMxOTE0ODA@._V1_SY1000_SX800_AL_.jpg</thumbnail>
	<fanart/>
</item>
<item>
	<title>Trolls (2016)</title>
	<meta>
		<content>movie</content>
		<imdb>tt1679335</imdb>
		<title>Trolls</title>
		<year>2016</year>
	</meta>
	<link>
		<sublink>search</sublink>
		<sublink>searchsd</sublink>
	</link>
	<thumbnail>https://ia.media-imdb.com/images/M/MV5BMTkxNDc3OTcxMV5BMl5BanBnXkFtZTgwODk2NjAzOTE@._V1_SY1000_SX800_AL_.jpg</thumbnail>
	<fanart/>
</item>
<item>
	<title>The Karate Kid (1984)</title>
	<meta>
		<content>movie</content>
		<imdb>tt0087538</imdb>
		<title>The Karate Kid</title>
		<year>1984</year>
	</meta>
	<link>
		<sublink>search</sublink>
		<sublink>searchsd</sublink>
	</link>
	<thumbnail>https://ia.media-imdb.com/images/M/MV5BNTkzY2YzNmYtY2ViMS00MThiLWFlYTEtOWQ1OTBiOGEwMTdhXkEyXkFqcGdeQXVyMTQxNzMzNDI@._V1_SY1000_SX800_AL_.jpg</thumbnail>
	<fanart/>
</item>
<item>
	<title>The Incredibles (2004)</title>
	<meta>
		<content>movie</content>
		<imdb>tt0317705</imdb>
		<title>The Incredibles</title>
		<year>2004</year>
	</meta>
	<link>
		<sublink>search</sublink>
		<sublink>searchsd</sublink>
	</link>
	<thumbnail>https://ia.media-imdb.com/images/M/MV5BMTY5OTU0OTc2NV5BMl5BanBnXkFtZTcwMzU4MDcyMQ@@._V1_SY1000_SX800_AL_.jpg</thumbnail>
	<fanart/>
</item>
<item>
	<title>Inside Out (I) (2015)</title>
	<meta>
		<content>movie</content>
		<imdb>tt2096673</imdb>
		<title>Inside Out</title>
		<year>I 2015</year>
	</meta>
	<link>
		<sublink>search</sublink>
		<sublink>searchsd</sublink>
	</link>
	<thumbnail>https://ia.media-imdb.com/images/M/MV5BOTgxMDQwMDk0OF5BMl5BanBnXkFtZTgwNjU5OTg2NDE@._V1_SY1000_SX800_AL_.jpg</thumbnail>
	<fanart/>
</item>
<item>
	<title>Harry Potter and the Goblet of Fire (2005)</title>
	<meta>
		<content>movie</content>
		<imdb>tt0330373</imdb>
		<title>Harry Potter and the Goblet of Fire</title>
		<year>2005</year>
	</meta>
	<link>
		<sublink>search</sublink>
		<sublink>searchsd</sublink>
	</link>
	<thumbnail>https://ia.media-imdb.com/images/M/MV5BMTI1NDMyMjExOF5BMl5BanBnXkFtZTcwOTc4MjQzMQ@@._V1_SY1000_SX800_AL_.jpg</thumbnail>
	<fanart/>
</item>
<item>
	<title>The Emoji Movie (2017)</title>
	<meta>
		<content>movie</content>
		<imdb>tt4877122</imdb>
		<title>The Emoji Movie</title>
		<year>2017</year>
	</meta>
	<link>
		<sublink>search</sublink>
		<sublink>searchsd</sublink>
	</link>
	<thumbnail>https://ia.media-imdb.com/images/M/MV5BMTkzMzM3OTM2Ml5BMl5BanBnXkFtZTgwMDM0NDU3MjI@._V1_SY1000_SX800_AL_.jpg</thumbnail>
	<fanart/>
</item>
<item>
	<title>The Princess Bride (1987)</title>
	<meta>
		<content>movie</content>
		<imdb>tt0093779</imdb>
		<title>The Princess Bride</title>
		<year>1987</year>
	</meta>
	<link>
		<sublink>search</sublink>
		<sublink>searchsd</sublink>
	</link>
	<thumbnail>https://ia.media-imdb.com/images/M/MV5BMGM4M2Q5N2MtNThkZS00NTc1LTk1NTItNWEyZjJjNDRmNDk5XkEyXkFqcGdeQXVyMjA0MDQ0Mjc@._V1_SY1000_SX800_AL_.jpg</thumbnail>
	<fanart/>
</item>
<item>
	<title>Tomorrowland (2015)</title>
	<meta>
		<content>movie</content>
		<imdb>tt1964418</imdb>
		<title>Tomorrowland</title>
		<year>2015</year>
	</meta>
	<link>
		<sublink>search</sublink>
		<sublink>searchsd</sublink>
	</link>
	<thumbnail>https://ia.media-imdb.com/images/M/MV5BMTQ4OTgzNTkwNF5BMl5BanBnXkFtZTgwMzI3MDE3NDE@._V1_SY1000_SX800_AL_.jpg</thumbnail>
	<fanart/>
</item>
<item>
	<title>Wonderstruck (2017)</title>
	<meta>
		<content>movie</content>
		<imdb>tt5208216</imdb>
		<title>Wonderstruck</title>
		<year>2017</year>
	</meta>
	<link>
		<sublink>search</sublink>
		<sublink>searchsd</sublink>
	</link>
	<thumbnail>https://ia.media-imdb.com/images/M/MV5BMjM3NjY0MTYwM15BMl5BanBnXkFtZTgwMDI5NzA2MzI@._V1_SY1000_SX800_AL_.jpg</thumbnail>
	<fanart/>
</item>
<item>
	<title>Hotel Transylvania 3: Summer Vacation (2018)</title>
	<meta>
		<content>movie</content>
		<imdb>tt5220122</imdb>
		<title>Hotel Transylvania 3: Summer Vacation</title>
		<year>2018</year>
	</meta>
	<link>
		<sublink>search</sublink>
		<sublink>searchsd</sublink>
	</link>
	<thumbnail>https://ia.media-imdb.com/images/M/MV5BNTQwOTg0MDI3Nl5BMl5BanBnXkFtZTgwNjkyNzgxNDM@._V1_SY1000_SX800_AL_.jpg</thumbnail>
	<fanart/>
</item>
<item>
	<title>The Boss Baby (2017)</title>
	<meta>
		<content>movie</content>
		<imdb>tt3874544</imdb>
		<title>The Boss Baby</title>
		<year>2017</year>
	</meta>
	<link>
		<sublink>search</sublink>
		<sublink>searchsd</sublink>
	</link>
	<thumbnail>https://ia.media-imdb.com/images/M/MV5BMTg5MzUxNzgxNV5BMl5BanBnXkFtZTgwMTM2NzQ3MjI@._V1_UY98_CR0,0,67,98_AL_.jpg</thumbnail>
	<fanart/>
</item>
<item>
	<title>Cinderella (I) (2015)</title>
	<meta>
		<content>movie</content>
		<imdb>tt1661199</imdb>
		<title>Cinderella</title>
		<year>I 2015</year>
	</meta>
	<link>
		<sublink>search</sublink>
		<sublink>searchsd</sublink>
	</link>
	<thumbnail>https://ia.media-imdb.com/images/M/MV5BMjMxODYyODEzN15BMl5BanBnXkFtZTgwMDk4OTU0MzE@._V1_SY1000_SX800_AL_.jpg</thumbnail>
	<fanart/>
</item>
<item>
	<title>Harry Potter and the Prisoner of Azkaban (2004)</title>
	<meta>
		<content>movie</content>
		<imdb>tt0304141</imdb>
		<title>Harry Potter and the Prisoner of Azkaban</title>
		<year>2004</year>
	</meta>
	<link>
		<sublink>search</sublink>
		<sublink>searchsd</sublink>
	</link>
	<thumbnail>https://ia.media-imdb.com/images/M/MV5BMTY4NTIwODg0N15BMl5BanBnXkFtZTcwOTc0MjEzMw@@._V1_SY1000_SX800_AL_.jpg</thumbnail>
	<fanart/>
</item>
<item>
	<title>Fantastic Mr. Fox (2009)</title>
	<meta>
		<content>movie</content>
		<imdb>tt0432283</imdb>
		<title>Fantastic Mr. Fox</title>
		<year>2009</year>
	</meta>
	<link>
		<sublink>search</sublink>
		<sublink>searchsd</sublink>
	</link>
	<thumbnail>https://ia.media-imdb.com/images/M/MV5BOGUwYTU4NGEtNDM4MS00NDRjLTkwNmQtOTkwMWMyMjhmMjdlXkEyXkFqcGdeQXVyMTMxODk2OTU@._V1_SY1000_SX800_AL_.jpg</thumbnail>
	<fanart/>
</item>
<item>
	<title>Toy Story (1995)</title>
	<meta>
		<content>movie</content>
		<imdb>tt0114709</imdb>
		<title>Toy Story</title>
		<year>1995</year>
	</meta>
	<link>
		<sublink>search</sublink>
		<sublink>searchsd</sublink>
	</link>
	<thumbnail>https://ia.media-imdb.com/images/M/MV5BMDU2ZWJlMjktMTRhMy00ZTA5LWEzNDgtYmNmZTEwZTViZWJkXkEyXkFqcGdeQXVyNDQ2OTk4MzI@._V1_SY1000_SX800_AL_.jpg</thumbnail>
	<fanart/>
</item>
<item>
	<title>Harry Potter and the Chamber of Secrets (2002)</title>
	<meta>
		<content>movie</content>
		<imdb>tt0295297</imdb>
		<title>Harry Potter and the Chamber of Secrets</title>
		<year>2002</year>
	</meta>
	<link>
		<sublink>search</sublink>
		<sublink>searchsd</sublink>
	</link>
	<thumbnail>https://ia.media-imdb.com/images/M/MV5BMTcxODgwMDkxNV5BMl5BanBnXkFtZTYwMDk2MDg3._V1_UX67_CR0,0,67,98_AL_.jpg</thumbnail>
	<fanart/>
</item>
<item>
	<title>The Grinch (2018)</title>
	<meta>
		<content>movie</content>
		<imdb>tt2709692</imdb>
		<title>The Grinch</title>
		<year>2018</year>
	</meta>
	<link>
		<sublink>search</sublink>
		<sublink>searchsd</sublink>
	</link>
	<thumbnail>https://ia.media-imdb.com/images/M/MV5BZWVkOGM4NGUtNDE1OS00MmZiLWJmNTktODQ2Y2MxY2Y5YTIxXkEyXkFqcGdeQXVyMjMxOTE0ODA@._V1_SY1000_SX800_AL_.jpg</thumbnail>
	<fanart/>
</item>
<item>
	<title>The Sandlot (1993)</title>
	<meta>
		<content>movie</content>
		<imdb>tt0108037</imdb>
		<title>The Sandlot</title>
		<year>1993</year>
	</meta>
	<link>
		<sublink>search</sublink>
		<sublink>searchsd</sublink>
	</link>
	<thumbnail>https://ia.media-imdb.com/images/M/MV5BODllYjM1ODItYjBmOC00MzkwLWJmM2YtMjMyZDU3MGJhNjc4L2ltYWdlL2ltYWdlXkEyXkFqcGdeQXVyMTQxNzMzNDI@._V1_SY1000_SX800_AL_.jpg</thumbnail>
	<fanart/>
</item>
<item>
	<title>The Hobbit: An Unexpected Journey (2012)</title>
	<meta>
		<content>movie</content>
		<imdb>tt0903624</imdb>
		<title>The Hobbit: An Unexpected Journey</title>
		<year>2012</year>
	</meta>
	<link>
		<sublink>search</sublink>
		<sublink>searchsd</sublink>
	</link>
	<thumbnail>https://ia.media-imdb.com/images/M/MV5BMTcwNTE4MTUxMl5BMl5BanBnXkFtZTcwMDIyODM4OA@@._V1_SY1000_SX800_AL_.jpg</thumbnail>
	<fanart/>
</item>
<item>
	<title>Charlie and the Chocolate Factory (2005)</title>
	<meta>
		<content>movie</content>
		<imdb>tt0367594</imdb>
		<title>Charlie and the Chocolate Factory</title>
		<year>2005</year>
	</meta>
	<link>
		<sublink>search</sublink>
		<sublink>searchsd</sublink>
	</link>
	<thumbnail>https://ia.media-imdb.com/images/M/MV5BNjcxMjg1Njg2NF5BMl5BanBnXkFtZTcwMjQ4NzMzMw@@._V1_SY1000_SX800_AL_.jpg</thumbnail>
	<fanart/>
</item>
<item>
	<title>My Girl (1991)</title>
	<meta>
		<content>movie</content>
		<imdb>tt0102492</imdb>
		<title>My Girl</title>
		<year>1991</year>
	</meta>
	<link>
		<sublink>search</sublink>
		<sublink>searchsd</sublink>
	</link>
	<thumbnail>https://ia.media-imdb.com/images/M/MV5BYWM2ZDliNjItZTcxOC00NTY2LWE1ODctNzRhNGM3YWIyYjBiXkEyXkFqcGdeQXVyNTIzOTk5ODM@._V1_SY1000_SX800_AL_.jpg</thumbnail>
	<fanart/>
</item>
<item>
	<title>Wreck-It Ralph (2012)</title>
	<meta>
		<content>movie</content>
		<imdb>tt1772341</imdb>
		<title>Wreck-It Ralph</title>
		<year>2012</year>
	</meta>
	<link>
		<sublink>search</sublink>
		<sublink>searchsd</sublink>
	</link>
	<thumbnail>https://ia.media-imdb.com/images/M/MV5BNzMxNTExOTkyMF5BMl5BanBnXkFtZTcwMzEyNDc0OA@@._V1_SY1000_SX800_AL_.jpg</thumbnail>
	<fanart/>
</item>
<item>
	<title>Paddington (2014)</title>
	<meta>
		<content>movie</content>
		<imdb>tt1109624</imdb>
		<title>Paddington</title>
		<year>2014</year>
	</meta>
	<link>
		<sublink>search</sublink>
		<sublink>searchsd</sublink>
	</link>
	<thumbnail>https://ia.media-imdb.com/images/M/MV5BMTAxOTMwOTkwNDZeQTJeQWpwZ15BbWU4MDEyMTI1NjMx._V1_UX67_CR0,0,67,98_AL_.jpg</thumbnail>
	<fanart/>
</item>
<dir>
	<title>[COLOR white]Next Page >>[/COLOR]</title>
	<imdburl>http://www.imdb.com/search/title?title_type=feature&genres=family&groups=top_250/items&page=2&ref_=adv_nxt</imdburl>
	<thumbnail>https://image.ibb.co/gtsNjw/next.png</thumbnail>
</dir>
