<xml>

<dir>
	<title>By Year (Mix)(up to 2020)</title>
	<link>file://shared/findby/movie-years.xml</link>
</dir>

<dir>
	<title>By Genres (TMDB)</title>
	<link>file://shared/findby/movie-genre.xml</link>
</dir>

<dir>
	<title>By Production Company (TMDB)</title>
	<link>file://shared/findby/movie-production.xml</link>
</dir>

<dir>
	<title>By Directors (TMDB)</title>
	<link>file://shared/findby/movie-directors.xml</link>
</dir>

<dir>
	<title>By Actors (Trakt)</title>
	<link>file://shared/findby/movie-actors.xml</link>
</dir>

<dir>
	<title>By Actresses (Trakt)</title>
	<link>file://shared/findby/movie-actress.xml</link>
</dir>

<dir>
	<title>By Popular People (TMDB)</title>
	<tmdb>people/popular</tmdb>
</dir>


</xml>
