<dir>
  <title>[COLOR gold][B]Action[/B][/COLOR]</title>
  <tmdb>genre/movies/28</tmdb>
</dir>

<dir>
  <title>[COLOR gold][B]Adventure[/B][/COLOR]</title>
  <tmdb>genre/movies/12</tmdb>
</dir>

<dir>
  <title>[COLOR gold][B]Animation[/B][/COLOR]</title>
  <tmdb>genre/movies/16</tmdb>
</dir>

<dir>
  <title>[COLOR gold][B]Comedy[/B][/COLOR]</title>
  <tmdb>genre/movies/35</tmdb>
</dir>

<dir>
  <title>[COLOR gold][B]Crime[/B][/COLOR]</title>
  <tmdb>genre/movies/80</tmdb>
</dir>

<dir>
  <title>[COLOR gold][B]Documentary[/B][/COLOR]</title>
  <tmdb>genre/movies/99</tmdb>
</dir>

<dir>
  <title>[COLOR gold][B]Drama[/B][/COLOR]</title>
  <tmdb>genre/movies/18</tmdb>
</dir>

<dir>
  <title>[COLOR gold][B]Family[/B][/COLOR]</title>
  <tmdb>genre/movies/10751</tmdb>
</dir>

<dir>
  <title>[COLOR gold][B]Fantasy[/B][/COLOR]</title>
  <tmdb>genre/movies/14</tmdb>
</dir>

<dir>
  <title>[COLOR gold][B]History[/B][/COLOR]</title>
  <tmdb>genre/movies/36</tmdb>
</dir>

<dir>
  <title>[COLOR gold][B]Horror[/B][/COLOR]</title>
  <tmdb>genre/movies/27</tmdb>
</dir>

<dir>
  <title>[COLOR gold][B]Music[/B][/COLOR]</title>
  <tmdb>genre/movies/10402</tmdb>
</dir>

<dir>
  <title>[COLOR gold][B]Mystery[/B][/COLOR]</title>
  <tmdb>genre/movies/9648</tmdb>
</dir>

<dir>
  <title>[COLOR gold][B]Romance[/B][/COLOR]</title>
  <tmdb>genre/movies/10749</tmdb>
</dir>

<dir>
  <title>[COLOR gold][B]Science Fiction[/B][/COLOR]</title>
  <tmdb>genre/movies/878</tmdb>
</dir>

<dir>
  <title>[COLOR gold][B]TV Movie[/B][/COLOR]</title>
  <tmdb>genre/movies/10770</tmdb>
</dir>

<dir>
  <title>[COLOR gold][B]Thriller[/B][/COLOR]</title>
  <tmdb>genre/movies/53</tmdb>
</dir>

<dir>
  <title>[COLOR gold][B]War[/B][/COLOR]</title>
  <tmdb>genre/movies/10752</tmdb>
</dir>

<dir>
  <title>[COLOR gold][B]Western[/B][/COLOR]</title>
  <tmdb>genre/movies/37</tmdb>
</dir>

