
  <dir>
    <title>[COLOR gold][B]2017 Movies[/B][/COLOR]</title>
    <tmdb>year/movies/2017</tmdb>
  </dir>

  <dir>
    <title>[COLOR gold][B]2016 Movies[/B][/COLOR]</title>
    <tmdb>year/movies/2016</tmdb>
  </dir>

  <dir>
    <title>[COLOR gold][B]2015 Movies[/B][/COLOR]</title>
    <tmdb>year/movies/2015</tmdb>
  </dir>

  <dir>
    <title>[COLOR gold][B]2014 Movies[/B][/COLOR]</title>
    <tmdb>year/movies/2014</tmdb>
  </dir>

  <dir>
    <title>[COLOR gold][B]2013 Movies[/B][/COLOR]</title>
    <tmdb>year/movies/2013</tmdb>
  </dir>

  <dir>
    <title>[COLOR gold][B]2012 Movies[/B][/COLOR]</title>
    <tmdb>year/movies/2012</tmdb>
  </dir>

  <dir>
    <title>[COLOR gold][B]2011 Movies[/B][/COLOR]</title>
    <tmdb>year/movies/2011</tmdb>
  </dir>

  <dir>
    <title>[COLOR gold][B]2010 Movies[/B][/COLOR]</title>
    <tmdb>year/movies/2010</tmdb>
  </dir>

  <dir>
    <title>[COLOR gold][B]2009 Movies[/B][/COLOR]</title>
    <tmdb>year/movies/2009</tmdb>
  </dir>

  <dir>
    <title>[COLOR gold][B]2008 Movies[/B][/COLOR]</title>
    <tmdb>year/movies/2008</tmdb>
  </dir>

  <dir>
    <title>[COLOR gold][B]2007 Movies[/B][/COLOR]</title>
    <tmdb>year/movies/2007</tmdb>
  </dir>

  <dir>
    <title>[COLOR gold][B]2006 Movies[/B][/COLOR]</title>
    <tmdb>year/movies/2006</tmdb>
  </dir>

  <dir>
    <title>[COLOR gold][B]2005 Movies[/B][/COLOR]</title>
    <tmdb>year/movies/2005</tmdb>
  </dir>

  <dir>
    <title>[COLOR gold][B]2004 Movies[/B][/COLOR]</title>
    <tmdb>year/movies/2004</tmdb>
  </dir>

  <dir>
    <title>[COLOR gold][B]2003 Movies[/B][/COLOR]</title>
    <tmdb>year/movies/2003</tmdb>
  </dir>

  <dir>
    <title>[COLOR gold][B]2002 Movies[/B][/COLOR]</title>
    <tmdb>year/movies/2002</tmdb>
  </dir>

  <dir>
    <title>[COLOR gold][B]2001 Movies[/B][/COLOR]</title>
    <tmdb>year/movies/2001</tmdb>
  </dir>

  <dir>
    <title>[COLOR gold][B]2000 Movies[/B][/COLOR]</title>
    <tmdb>year/movies/2000</tmdb>
  </dir>
  
   <dir>
    <title>[COLOR gold][B]1980 - 1999 Movies[/B][/COLOR]</title>
    <link>1999.xml</link>
  </dir>

  <dir>
    <title>[COLOR gold][B]1960 - 1979 Movies[/B][/COLOR]</title>
    <link>1979.xml</link>
  </dir>

  <dir>
    <title>[COLOR gold][B]1940 - 1959 Movies[/B][/COLOR]</title>
    <link>1959.xml</link>
  </dir>

  <<dir>
    <title>[COLOR gold][B]2017 Movies[/B][/COLOR]</title>
    <tmdb>year/movies/2017</tmdb>
  </dir>

  <dir>
    <title>[COLOR gold][B]2016 Movies[/B][/COLOR]</title>
    <tmdb>year/movies/2016</tmdb>
  </dir>

  <dir>
    <title>[COLOR gold][B]2015 Movies[/B][/COLOR]</title>
    <tmdb>year/movies/2015</tmdb>
  </dir>

  <dir>
    <title>[COLOR gold][B]2014 Movies[/B][/COLOR]</title>
    <tmdb>year/movies/2014</tmdb>
  </dir>

  <dir>
    <title>[COLOR gold][B]2013 Movies[/B][/COLOR]</title>
    <tmdb>year/movies/2013</tmdb>
  </dir>

  <dir>
    <title>[COLOR gold][B]2012 Movies[/B][/COLOR]</title>
    <tmdb>year/movies/2012</tmdb>
  </dir>

  <dir>
    <title>[COLOR gold][B]2011 Movies[/B][/COLOR]</title>
    <tmdb>year/movies/2011</tmdb>
  </dir>

  <dir>
    <title>[COLOR gold][B]2010 Movies[/B][/COLOR]</title>
    <tmdb>year/movies/2010</tmdb>
  </dir>

  <dir>
    <title>[COLOR gold][B]2009 Movies[/B][/COLOR]</title>
    <tmdb>year/movies/2009</tmdb>
  </dir>

  <dir>
    <title>[COLOR gold][B]2008 Movies[/B][/COLOR]</title>
    <tmdb>year/movies/2008</tmdb>
  </dir>

  <dir>
    <title>[COLOR gold][B]2007 Movies[/B][/COLOR]</title>
    <tmdb>year/movies/2007</tmdb>
  </dir>

  <dir>
    <title>[COLOR gold][B]2006 Movies[/B][/COLOR]</title>
    <tmdb>year/movies/2006</tmdb>
  </dir>

  <dir>
    <title>[COLOR gold][B]2005 Movies[/B][/COLOR]</title>
    <tmdb>year/movies/2005</tmdb>
  </dir>

  <dir>
    <title>[COLOR gold][B]2004 Movies[/B][/COLOR]</title>
    <tmdb>year/movies/2004</tmdb>
  </dir>

  <dir>
    <title>[COLOR gold][B]2003 Movies[/B][/COLOR]</title>
    <tmdb>year/movies/2003</tmdb>
  </dir>

  <dir>
    <title>[COLOR gold][B]2002 Movies[/B][/COLOR]</title>
    <tmdb>year/movies/2002</tmdb>
  </dir>

  <dir>
    <title>[COLOR gold][B]2001 Movies[/B][/COLOR]</title>
    <tmdb>year/movies/2001</tmdb>
  </dir>

  <dir>
    <title>[COLOR gold][B]2000 Movies[/B][/COLOR]</title>
    <tmdb>year/movies/2000</tmdb>
  </dir>
  
  <dir>
    <title>[COLOR gold][B]1980 - 1999 Movies[/B][/COLOR]</title>
    <link>https://raw.githubusercontent.com/tilliferret/ferretworld/master/1999.xml</link>
  </dir>

  <dir>
    <title>[COLOR gold][B]1960 - 1979 Movies[/B][/COLOR]</title>
    <link>https://raw.githubusercontent.com/tilliferret/ferretworld/master/1979.xml</link>
  </dir>

  <dir>
    <title>[COLOR gold][B]1940 - 1959 Movies[/B][/COLOR]</title>
    <link>https://raw.githubusercontent.com/tilliferret/ferretworld/master/1959.xml</link>
  </dir>

  <dir>
    <title>[COLOR gold][B]1920 - 1939 Movies[/B][/COLOR]</title>
    <link>https://raw.githubusercontent.com/tilliferret/ferretworld/master/1939.xml</link>
  </dir>

  <dir>
    <title>[COLOR gold][B]1900 - 1919 Movies[/B][/COLOR]</title>
    <link>https://raw.githubusercontent.com/tilliferret/ferretworld/master/1919.xml</link>
  </dir>
