<dir>
<title>[COLOR gold][B]Trending Movies[/B][/COLOR]</title>
<trakt>https://api.trakt.tv/movies/trending</trakt>
<thumbnail>special://home/addons/plugin.video.firecat/resources/media/icon.png</thumbnail>
<summary>Trending Movies</summary>
</dir>

<dir>
<title>[COLOR gold][B]Popular[/B][/COLOR]</title>
<tmdb>movies/popular</tmdb>
<thumbnail>special://home/addons/plugin.video.firecat/resources/media/icon.png</thumbnail>
<summary>Popular Movies</summary>
</dir>

<dir>
<title>[COLOR gold][B]Now Playing[/B][/COLOR]</title>
<tmdb>movies/now_playing</tmdb>
<thumbnail>special://home/addons/plugin.video.firecat/resources/media/icon.png</thumbnail>
<summary>Now Playing</summary>
</dir>

<dir>
<title>[COLOR gold][B]Top Rated[/B][/COLOR]</title>
<tmdb>movies/top_rated</tmdb>
<thumbnail>special://home/addons/plugin.video.firecat/resources/media/icon.png</thumbnail>
<summary>Top Rated</summary>
</dir>

<dir>
<title>[COLOR gold][B]Upcoming Movies[/B][/COLOR]</title>
<tmdb>movie/upcoming</tmdb>
<thumbnail>special://home/addons/plugin.video.firecat/resources/media/icon.png</thumbnail>
<summary>Shows Trailers For Upcoming Movies</summary>
</dir>

<dir>
<title>[COLOR gold][B]Genres[/B][/COLOR]</title>
<link>file://Movies/genre_movies.xml</link>
<thumbnail>special://home/addons/plugin.video.firecat/resources/media/icon.png</thumbnail>
<summary>Genres</summary>
</dir>

<dir>
<title>[COLOR gold][B]Years[/B][/COLOR]</title>
<link>file://Movies/movie-years.xml</link>
<thumbnail>special://home/addons/plugin.video.firecat/resources/media/icon.png</thumbnail>
<summary>Years</summary>
</dir>

<item>
<title>[COLOR gold][B]Pair With Sites[/B][/COLOR]</title>
<pairwith>pairlist</pairwith>
<thumbnail>special://home/addons/plugin.video.firecat/resources/media/icon.png</thumbnail>
<summary>Pair With Sites</summary>
</item>

<item>
<title>[COLOR gold][B]Authorize Trakt[/B][/COLOR]</title>
<trakt>https://api.trakt.tv/sync/collection/shows</trakt>
<summary>Authorize Trakt</summary>
</item>

<plugin>
<name>[COLOR gold][B]AUTHORIZE REAL DEBRID [COLOR white][B](RESOLVE-URL)[/B][/COLOR]</name>
<link>plugin://script.module.resolveurl/?mode=auth_rd</link>
<thumbnail>special://home/addons/plugin.video.firecat/resources/media/icon.png</thumbnail>
<fanart></fanart>
<summary>AUTHORIZE REAL DEBRID (RESOLVE-URL)</summary>
</plugin>

<plugin>
<name>[COLOR gold][B]AUTHORIZE REAL DEBRID [COLOR white][B](URLRESOLVER)[/B][/COLOR]</name>
<link>plugin://script.module.urlresolver/?mode=auth_rd</link>
<thumbnail>special://home/addons/plugin.video.firecat/resources/media/icon.png</thumbnail>
<fanart></fanart>
<summary>AUTHORIZE REAL DEBRID (URLRESOLVER)</summary>
</plugin>

<dir>
<title>[COLOR gold][B]Search[/B][/COLOR]</title>
<tmdb>search</tmdb>
<thumbnail>special://home/addons/plugin.video.firecat/resources/media/icon.png</thumbnail>
</dir>