<?xml version="1.0" encoding="UTF-8" standalone="yes"?>
<addon id="script.module.supremacy" name="[COLOR yellow][B]supremacy Scrapers[/B][/COLOR]" version="1.0" Eprovider-name="supremacy">
  <requires>
    <import addon="xbmc.python" version="2.1.0"/>
	<import addon="script.module.requests" />
	<import addon="script.module.urlresolver" />
    <import addon="script.module.beautifulsoup4" />
	<import addon="script.video.F4mProxy" />
  </requires>
  <extension point="xbmc.python.pluginsource" library="default.py">
        <provides>all</provides>
  </extension>
  <extension point="xbmc.addon.metadata">
    <summary lang="en">Dependency Addon for supremacy</summary>
    <description lang="en">Dependency Addon for supremacy</description>
	<disclaimer lang="en">Dependency Addon for supremacy</disclaimer>
    <platform>all</platform>
  </extension>
</addon>
