<?xml version="1.0" encoding="UTF-8" standalone="yes"?>
<addon id="plugin.video.moviefrance"
       name="MovieFrance"
       version="1.0"
       provider-name="Ovni-Créa-Ovni-tek">
  <requires>
    <import addon="xbmc.python" version="2.1.0"/>
    <import addon="script.module.beautifulsoup" version="3.2.1"/>
    <import addon="script.module.simple.downloader" version="0.9.4"/>
    <import addon="script.module.beautifulsoup4" />
    <import addon="script.module.requests" />
    <import addon="script.module.httplib2" />
    <import addon="script.module.liveresolver" version="0.1.24"/>
    <import addon="script.module.youtube.dl" optional="true"/>
    <import addon="plugin.video.youtube"/>
	<import addon="plugin.video.SportsDevil"/>
    <import addon="script.module.urlresolver"/>
    <import addon="script.module.simplejson" />    
     <import addon="script.module.livestreamer"/>
     <import addon="script.module.pyamf" optional="true"/>
	 <import addon="plugin.video.pulsar" version="0.6.1"/>
  </requires>
  <extension point="xbmc.python.pluginsource" library="default.py">
    <provides>video</provides>
  </extension>
  
  	
  <extension point="xbmc.addon.metadata">
    <summary>MovieFrance</summary>
    <description>
        Bienvenue sur l'addon MovieFrance Créer par Ovni-Créa  et Ovni-tek             
    </description>
    <platform>all</platform>
  </extension>
</addon>
