<xml>

<dir>
	<title>Now Playing (TMDB)</title>
	<tmdb>movies/now_playing</tmdb>
</dir>

<dir>
	<title>Popular (Trakt)</title>
	<trakt>https://api.trakt.tv/movies/popular</trakt>
</dir>

<dir>
	<title>Popular (TMDB)</title>
	<tmdb>movies/popular</tmdb>
</dir>

<dir>
	<title>Top Rated (IMDB)</title>
	<imdburl>chart/top</imdburl>
</dir>

<dir>
	<title>Top Rated (TMDB)</title>
	<tmdb>movies/top_rated</tmdb>
</dir>

<dir>
	<title>Trending (IMDB)</title>
	<imdburl>movies/trending</imdburl>
</dir>

<dir>
	<title>Trending (Trakt)</title>
	<trakt>https://api.trakt.tv/movies/trending</trakt>
</dir>

<dir>
	<title>Moviemeter Chart (IMDB)</title>
	<imdburl>chart/moviemeter</imdburl>
</dir>

<dir>
	<title>Boxsets</title>
	<link>file://shared/boxsets.xml</link>
</dir>

<dir>
	<title>Kids Boxsets</title>
	<link>file://shared/boxsets-kids.xml</link>
</dir>

<dir>
	<title>Horror Boxsets</title>
	<link>file://shared/boxsets-horror.xml</link>
</dir>


<dir>
	<title>Find By</title>
	<link>file://shared/findby-movie.xml</link>
</dir>


</xml>
