<xml>

<dir>
	<title>Her Soaps</title>
	<imdburl>/list/ls000719664/</imdburl>
</dir>

<dir>
	<title>OTB Trekkie</title>
	<trekkie>all</trekkie>
</dir>

<dir>
	<title>BnW Movies</title>
	<bnw>movies</bnw>
</dir>

<dir>
	<title>The Duke</title>
	<duke>all</duke>
</dir>

<dir>
	<title>MovieTorture</title>
	<link>file://shared/more/movietorture.xml</link>
</dir>

<dir>
	<title>Hella Documentaries</title>
	<link>file://shared/docs.xml</link>
</dir>

<dir>
	<title>PodBay</title>
	<link>file://shared/more/podbay.xml</link>
</dir>

<dir>
	<title>PodCastOne</title>
	<link>file://shared/more/podcastone.xml</link>
</dir>

<dir>
	<title>EIM 4Qed (Uses script.extendedinfo)</title>
	<link>file://shared/more/eim.xml</link>
</dir>

<dir>
	<title>[COLOR black]xxx[/COLOR]</title>
	<link>file://shared/adult/main.xml</link>
</dir>


</xml>
