<plugin>
<title>[B][COLORorange]All Episodes[/COLOR][/B]</title>
<link>plugin://plugin.video.youtube/playlist/PL19B0B5CCFEF1C0C9/</link>
<thumbnail></thumbnail>
<fanart></fanart>
</plugin>

<plugin>
<title>[B][COLORlimegreen]KAPOW![/COLOR][/B]</title>
<link>plugin://plugin.video.youtube/playlist/PL9DA338772A68C85A/</link>
<thumbnail></thumbnail>
<fanart></fanart>
</plugin>

<plugin>
<title>[B][COLORorange]TV Episodes[/COLOR][/B]</title>
<link>plugin://plugin.video.youtube/playlist/PLB41A78E48B73AAC0/</link>
<thumbnail></thumbnail>
<fanart></fanart>
</plugin>