<xml>

<dir>
	<title>Adam Sandler</title>
	<trakt>https://api.trakt.tv/people/Adam-Sandler/movies</trakt>
	<thumbnail>https://image.tmdb.org/t/p/original/dfP2bxmMmEDXBcjbyP9k0F5HlE2.jpg</thumbnail>
</dir>

<dir>
	<title>Al Pacino</title>
	<trakt>https://api.trakt.tv/people/al-pacino/movies</trakt>
	<thumbnail>https://image.tmdb.org/t/p/original/vfbfcqINRHzXNTenycHIjNO6Va7.jpg</thumbnail>
</dir>

<dir>
	<title>Anthony Hopkins</title>
	<trakt>https://api.trakt.tv/people/anthony-hopkins/movies</trakt>
	<thumbnail>https://image.tmdb.org/t/p/original/9ukJS2QWTJ22HcwR1ktMmoJ6RSL.jpg</thumbnail>
</dir>

<dir>
	<title>Anthony Quinn</title>
	<trakt>https://api.trakt.tv/people/Anthony-Quinn/movies</trakt>
	<thumbnail>https://image.tmdb.org/t/p/original/9sKpm4KCoUbmMbR86fpqcgBCHrJ.jpg</thumbnail>
</dir>

<dir>
	<title>Arnold Schwarzenegger</title>
	<trakt>https://api.trakt.tv/people/arnold-schwarzenegger/movies</trakt>
	<thumbnail>https://image.tmdb.org/t/p/original/zooXFWF1JtrV7UnZyGRxXDW11qt.jpg</thumbnail>
</dir>

<dir>
	<title>Ben Affleck</title>
	<trakt>https://api.trakt.tv/people/Ben-Affleck/movies</trakt>
	<thumbnail>https://image.tmdb.org/t/p/original/rjGdI8f7MyGXg4kpTrA0ZZq1QX8.jpg</thumbnail>
</dir>

<dir>
	<title>Ben Stiller</title>
	<trakt>https://api.trakt.tv/people/Ben-Stiller/movies</trakt>
	<thumbnail>https://image.tmdb.org/t/p/original/twp3oBAcOIZlwYTxzNgac3YsCPu.jpg</thumbnail>
</dir>

<dir>
	<title>Brad Pitt</title>
	<trakt>https://api.trakt.tv/people/Brad-Pitt/movies</trakt>
	<thumbnail>https://image.tmdb.org/t/p/original/kU3B75TyRiCgE270EyZnHjfivoq.jpg</thumbnail>
</dir>

<dir>
	<title>Bradley Cooper</title>
	<trakt>https://api.trakt.tv/people/Bradley-Cooper/movies</trakt>
	<thumbnail>https://image.tmdb.org/t/p/original/z5LUl9bljJnah3S5rtN7rScrmI8.jpg</thumbnail>
</dir>

<dir>
	<title>Christian Bale</title>
	<trakt>https://api.trakt.tv/people/Christian-Bale/movies</trakt>
	<thumbnail>https://image.tmdb.org/t/p/original/pPXnqoGD91znz4FwQ6aKuxi6Pcy.jpg</thumbnail>
</dir>

<dir>
	<title>Clint Eastwood</title>
	<trakt>https://api.trakt.tv/people/clint-eastwood/movies</trakt>
	<thumbnail>https://image.tmdb.org/t/p/original/n8h4ZHteFFXfmzUW6OEaPWanDnm.jpg</thumbnail>
</dir>

<dir>
	<title>Denzel Washington</title>
	<trakt>https://api.trakt.tv/people/Denzel-Washington/movies</trakt>
	<thumbnail>https://image.tmdb.org/t/p/original/semwsON3dN3np6cyzlCw7F2YDGe.jpg</thumbnail>
</dir>

<dir>
	<title>Dustin Hoffman</title>
	<trakt>https://api.trakt.tv/people/Dustin-Hoffman/movies</trakt>
	<thumbnail>https://image.tmdb.org/t/p/original/ffKPo8ATHVXME6cgA5BDyvy2df1.jpg</thumbnail>
</dir>

<dir>
	<title>Eddie Murphy</title>
	<trakt>https://api.trakt.tv/people/Eddie-Murphy/movies</trakt>
	<thumbnail>https://image.tmdb.org/t/p/original/bsi706zdqs0KAPdOsqz6AkLNcFF.jpg</thumbnail>
</dir>

<dir>
	<title>Harrison Ford</title>
	<trakt>https://api.trakt.tv/people/Harrison-Ford/movies</trakt>
	<thumbnail>https://image.tmdb.org/t/p/original/7CcoVFTogQgex2kJkXKMe8qHZrC.jpg</thumbnail>
</dir>

<dir>
	<title>Jack Nicholson</title>
	<trakt>https://api.trakt.tv/people/Jack-Nicholson/movies</trakt>
	<thumbnail>https://image.tmdb.org/t/p/original/z5kVLyn3sxj0wNRlFgVgT6deeRO.jpg</thumbnail>
</dir>

<dir>
	<title>Jason Statham</title>
	<trakt>https://api.trakt.tv/people/Jason-Statham/movies</trakt>
	<thumbnail>https://image.tmdb.org/t/p/original/PhWiWgasncGWD9LdbsGcmxkV4r.jpg</thumbnail>
</dir>

<dir>
	<title>Jim Carrey</title>
	<trakt>https://api.trakt.tv/people/Jim-Carrey/movies</trakt>
	<thumbnail>https://image.tmdb.org/t/p/original/5tVf0ow8MX4OwjmVoSa5v7qUDka.jpg</thumbnail>
</dir>

<dir>
	<title>Joe Pesci</title>
	<trakt>https://api.trakt.tv/people/Joe-Pesci/movies</trakt>
	<thumbnail>https://image.tmdb.org/t/p/original/2CaYAhUZgkAeqtpIzuqGcqArsOy.jpg</thumbnail>
</dir>

<dir>
	<title>John Wayne</title>
	<trakt>https://api.trakt.tv/people/john-wayne/movies</trakt>
	<thumbnail>https://image.tmdb.org/t/p/original/iw9gHSQj1l3TQeiJb5tNK2N8k2w.jpg</thumbnail>
</dir>

<dir>
	<title>Johnny Depp</title>
	<trakt>https://api.trakt.tv/people/johnny-depp/movies</trakt>
	<thumbnail>https://image.tmdb.org/t/p/original/ea4fTp9T8Zy2KWxyFsqDIBgHZmb.jpg</thumbnail>
</dir>

<dir>
	<title>Keanu Reeves</title>
	<trakt>https://api.trakt.tv/people/Keanu-Reeves/movies</trakt>
	<thumbnail>https://image.tmdb.org/t/p/original/bOlYWhVuOiU6azC4Bw6zlXZ5QTC.jpg</thumbnail>
</dir>

<dir>
	<title>Kevin Costner</title>
	<trakt>https://api.trakt.tv/people/Kevin-Costner/movies</trakt>
	<thumbnail>https://image.tmdb.org/t/p/original/ePo87kGyyY8JZ3z7Zm7Z2GYdmJ8.jpg</thumbnail>
</dir>

<dir>
	<title>Kevin Spacey</title>
	<trakt>https://api.trakt.tv/people/Kevin-Spacey/movies</trakt>
	<thumbnail>https://image.tmdb.org/t/p/original/x7wF050iuCASefLLG75s2uDPFUu.jpg</thumbnail>
</dir>

<dir>
	<title>Kurt Russell</title>
	<trakt>https://api.trakt.tv/people/Kurt-Russell/movies</trakt>
	<thumbnail>https://image.tmdb.org/t/p/original/rlnFuNkisPpuypARI7QaGCmOY6V.jpg</thumbnail>
</dir>

<dir>
	<title>Liam Neeson</title>
	<trakt>https://api.trakt.tv/people/Liam-Neeson/movies</trakt>
	<thumbnail>https://image.tmdb.org/t/p/original/9mdAohLsDu36WaXV2N3SQ388bvz.jpg</thumbnail>
</dir>

<dir>
	<title>Matt Damon</title>
	<trakt>https://api.trakt.tv/people/Matt-Damon/movies</trakt>
	<thumbnail>https://image.tmdb.org/t/p/original/elSlNgV8xVifsbHpFsqrPGxJToZ.jpg</thumbnail>
</dir>

<dir>
	<title>Mel Gibson</title>
	<trakt>https://api.trakt.tv/people/Mel-Gibson/movies</trakt>
	<thumbnail>https://image.tmdb.org/t/p/original/6VGgL0bBvPIJ9vDOyyGf5nK2zL4.jpg</thumbnail>
</dir>

<dir>
	<title>Michael Caine</title>
	<trakt>https://api.trakt.tv/people/Michael-Caine/movies</trakt>
	<thumbnail>https://image.tmdb.org/t/p/original/vvj0JMSFpOajXCE46Hy4dyqSP2U.jpg</thumbnail>
</dir>

<dir>
	<title>Mickey Rourke</title>
	<trakt>https://api.trakt.tv/people/Mickey-Rourke/movies</trakt>
	<thumbnail>https://image.tmdb.org/t/p/original/AvGzQ8fvjurGmZW3W1wlQ5WfSeT.jpg</thumbnail>
</dir>

<dir>
	<title>Morgan Freeman</title>
	<trakt>https://api.trakt.tv/people/morgan-freeman/movies</trakt>
	<thumbnail>https://image.tmdb.org/t/p/original/oGJQhOpT8S1M56tvSsbEBePV5O1.jpg</thumbnail>
</dir>

<dir>
	<title>Nicolas Cage</title>
	<trakt>https://api.trakt.tv/people/Nicolas-Cage/movies</trakt>
	<thumbnail>https://image.tmdb.org/t/p/original/fW37Gbk5PJZuXvyZwtcr0cMwPKY.jpg</thumbnail>
</dir>

<dir>
	<title>Owen Wilson</title>
	<trakt>https://api.trakt.tv/people/Owen-Wilson/movies</trakt>
	<thumbnail>https://image.tmdb.org/t/p/original/j7oYgvfDiO34VcFdSB7GhM2CSle.jpg</thumbnail>
</dir>

<dir>
	<title>Pierce Brosnan</title>
	<trakt>https://api.trakt.tv/people/pierce-brosnan/movies</trakt>
	<thumbnail>https://image.tmdb.org/t/p/original/1JXL0zrA26JjdoX8sqf57fJRDVM.jpg</thumbnail>
</dir>

<dir>
	<title>Robert Carlyle</title>
	<trakt>https://api.trakt.tv/people/Robert-Carlyle/movies</trakt>
	<thumbnail>https://image.tmdb.org/t/p/original/dLNeFPfJACiCiUz3oEdAjeKIwvZ.jpg</thumbnail>
</dir>

<dir>
	<title>Robert De Niro</title>
	<trakt>https://api.trakt.tv/people/Robert-De-Niro/movies</trakt>
	<thumbnail>https://image.tmdb.org/t/p/original/lvTSwUcvJRLAJ2FB5qFaukel516.jpg</thumbnail>
</dir>

<dir>
	<title>Robert Downey Jr</title>
	<trakt>https://api.trakt.tv/people/Robert-Downey-Jr/movies</trakt>
	<thumbnail>https://image.tmdb.org/t/p/original/1YjdSym1jTG7xjHSI0yGGWEsw5i.jpg</thumbnail>
</dir>

<dir>
	<title>Robin Williams</title>
	<trakt>https://api.trakt.tv/people/robin-williams/movies</trakt>
	<thumbnail>https://image.tmdb.org/t/p/original/5KebSMXT8uj2D0gkaMFJ8VEp53.jpg</thumbnail>
</dir>

<dir>
	<title>Russell Crowe</title>
	<trakt>https://api.trakt.tv/people/Russell-Crowe/movies</trakt>
	<thumbnail>https://image.tmdb.org/t/p/original/ktuOAyUHM2u2YPPChH8gAArxJ7b.jpg</thumbnail>
</dir>

<dir>
	<title>Ryan Reynolds</title>
	<trakt>https://api.trakt.tv/people/Ryan-Reynolds/movies</trakt>
	<thumbnail>https://image.tmdb.org/t/p/original/h1co81QaT2nJA41Sb7eZwmWl1L2.jpg</thumbnail>
</dir>

<dir>
	<title>Samuel L. Jackson</title>
	<trakt>https://api.trakt.tv/people/samuel-l-jackson/movies</trakt>
	<thumbnail>https://image.tmdb.org/t/p/original/AvCReLikjzYEf9XjTQxbv3JWgKT.jpg</thumbnail>
</dir>

<dir>
	<title>Sean Bean</title>
	<trakt>https://api.trakt.tv/people/Sean-Bean/movies</trakt>
	<thumbnail>https://image.tmdb.org/t/p/original/iIxP2IzvcLgr5WaTBD4UfSqaV3q.jpg</thumbnail>
</dir>

<dir>
	<title>Seth Rogen</title>
	<trakt>https://api.trakt.tv/people/Seth-Rogen/movies</trakt>
	<thumbnail>https://image.tmdb.org/t/p/original/3U9s4dvXQuk1l3ZT3MqwqpmeRqI.jpg</thumbnail>
</dir>

<dir>
	<title>Sylvester Stallone</title>
	<trakt>https://api.trakt.tv/people/Sylvester-Stallone/movies</trakt>
	<thumbnail>https://image.tmdb.org/t/p/original/gnmwOa46C2TP35N7ARSzboTdx2u.jpg</thumbnail>
</dir>

<dir>
	<title>Tom Cruise</title>
	<trakt>https://api.trakt.tv/people/tom-cruise/movies</trakt>
	<thumbnail>https://image.tmdb.org/t/p/original/3oWEuo0e8Nx8JvkqYCDec2iMY6K.jpg</thumbnail>
</dir>

<dir>
	<title>Tom Hanks</title>
	<trakt>https://api.trakt.tv/people/tom-hanks/movies</trakt>
	<thumbnail>https://image.tmdb.org/t/p/original/xxPMucou2wRDxLrud8i2D4dsywh.jpg</thumbnail>
</dir>

<dir>
	<title>Tommy Lee Jones</title>
	<trakt>https://api.trakt.tv/people/Tommy-Lee-Jones/movies</trakt>
	<thumbnail>https://image.tmdb.org/t/p/original/gRXugLFvr1oHZ6alLUxmYDq8cgW.jpg</thumbnail>
</dir>


</xml>
