<dir>
<title>[COLOR gold][B]Live Tv[/B][/COLOR]</title>
<link>file://LiveTV/live.xml</link>
   <animated_thumbnail></animated_thumbnail>
</dir>

<dir>
<name>[COLOR gold][B]Movies[/B][/COLOR]</name>
<link>file://Movies/moviemain.xml</link>
<animated_thumbnail></animated_thumbnail>
<thumbnail></thumbnail>
<animated_fanart></animated_fanart>
<fanart></fanart>
</dir>

<dir>
<name>[COLOR gold][B]Boxsets[/B][/COLOR]</name>
<link>file://Boxsets/boxsets.xml</link>
<thumbnail></thumbnail>
<animated_thumbnail></animated_thumbnail>
<summary></summary>
</dir>

<dir>
<name>[COLOR gold][B]TV Shows[/B][/COLOR]</name>
<link>file://TVShows/tv_shows.xml</link>
<animated_thumbnail></animated_thumbnail>
<thumbnail></thumbnail>
<animated_fanart></animated_fanart>
<fanart></fanart>
</dir>

<dir>
<name>[COLOR gold][B]Documentaries[/B][/COLOR]</name>
<link>file://Docs/docs.xml</link>
<thumbnail></thumbnail>
<animated_thumbnail></animated_thumbnail>
<summary></summary>
</dir>

<dir>
<name>[COLOR gold][B]Music[/B][/COLOR]</name>
<link>file://MusicandRadio/musicmain.xml</link>
<thumbnail></thumbnail>
<animated_thumbnail></animated_thumbnail>
 <summary></summary>
</dir>

<item>
<title>[COLOR gold][B]Authorize Trakt[/B][/COLOR]</title>
<trakt>https://api.trakt.tv/sync/collection/shows</trakt>
<summary>Authorize Trakt</summary>
</item>

<plugin>
<name>[COLOR gold][B]AUTHORIZE REAL DEBRID [COLOR white][B](RESOLVE-URL)[/B][/COLOR]</name>
<link>plugin://script.module.resolveurl/?mode=auth_rd</link>
<thumbnail>special://home/addons/plugin.video.firecat/resources/media/icon.png</thumbnail>
<fanart></fanart>
<summary>AUTHORIZE REAL DEBRID (RESOLVE-URL)</summary>
</plugin>

<plugin>
<name>[COLOR gold][B]AUTHORIZE REAL DEBRID [COLOR white][B](URLRESOLVER)[/B][/COLOR]</name>
<link>plugin://script.module.urlresolver/?mode=auth_rd</link>
<thumbnail>special://home/addons/plugin.video.firecat/resources/media/icon.png</thumbnail>
<fanart></fanart>
<summary>AUTHORIZE REAL DEBRID (URLRESOLVER)</summary>
</plugin>


<plugin>
<name>[COLOR gold][B]Settings[/B][/COLOR]</name>
<link>plugin://plugin.video.firecat/?action=openSettings</link>
<thumbnail></thumbnail>
</plugin>

<dir>
<title>[COLOR gold][B]Search[/B][/COLOR]</title>
<tmdb>search</tmdb>
<animated_thumbnail/><thumbnail/>
<animated_fanart/><fanart/>
</dir>