<xml>

<dir>
	<title>9-11</title>
	<topdocs>tdcategory/911</topdocs>
</dir>

<dir>
	<title>Art and Artists</title>
	<topdocs>tdcategory/art-artists</topdocs>
</dir>

<dir>
	<title>Biography</title>
	<topdocs>tdcategory/biography</topdocs>
</dir>

<dir>
	<title>Comedy</title>
	<topdocs>tdcategory/comedy</topdocs>
</dir>

<dir>
	<title>Conspiracy</title>
	<topdocs>tdcategory/crime-conspiracy</topdocs>
</dir>

<dir>
	<title>Crime</title>
	<topdocs>tdcategory/crime</topdocs>
</dir>

<dir>
	<title>Drugs</title>
	<topdocs>tdcategory/drugs</topdocs>
</dir>

<dir>
	<title>Economics</title>
	<topdocs>tdcategory/economics</topdocs>
</dir>

<dir>
	<title>Environment</title>
	<topdocs>tdcategory/environment</topdocs>
</dir>

<dir>
	<title>Health</title>
	<topdocs>tdcategory/health</topdocs>
</dir>

<dir>
	<title>History</title>
	<topdocs>tdcategory/history</topdocs>
</dir>

<dir>
	<title>Media</title>
	<topdocs>tdcategory/media</topdocs>
</dir>

<dir>
	<title>Military and War</title>
	<topdocs>tdcategory/military-war</topdocs>
</dir>

<dir>
	<title>Mystery</title>
	<topdocs>tdcategory/mystery</topdocs>
</dir>

<dir>
	<title>Nature and Wildlife</title>
	<topdocs>tdcategory/nature-wildlife</topdocs>
</dir>

<dir>
	<title>Performing Arts</title>
	<topdocs>tdcategory/music-performing-arts</topdocs>
</dir>

<dir>
	<title>Philosophy</title>
	<topdocs>tdcategory/philosophy</topdocs>
</dir>

<dir>
	<title>Politics</title>
	<topdocs>tdcategory/politics</topdocs>
</dir>

<dir>
	<title>Psychology</title>
	<topdocs>tdcategory/psychology</topdocs>
</dir>

<dir>
	<title>Religion</title>
	<topdocs>tdcategory/religion</topdocs>
</dir>

<dir>
	<title>Science</title>
	<topdocs>tdcategory/science-technology</topdocs>
</dir>

<dir>
	<title>Sexuality</title>
	<topdocs>tdcategory/sex</topdocs>
</dir>

<dir>
	<title>Society</title>
	<topdocs>tdcategory/society</topdocs>
</dir>

<dir>
	<title>Sports</title>
	<topdocs>tdcategory/sports</topdocs>
</dir>

<dir>
	<title>Technology</title>
	<topdocs>tdcategory/technology</topdocs>
</dir>


</xml>