<dir>
  <title>[COLOR gold][B]Action & Adventure[/B][/COLOR]</title>
  <tmdb>genre/shows/10759</tmdb>
</dir>

<dir>
  <title>[COLOR gold][B]Animation[/B][/COLOR]</title>
  <tmdb>genre/shows/16</tmdb>
</dir>

<dir>
  <title>[COLOR gold][B]Comedy[/B][/COLOR]</title>
  <tmdb>genre/shows/35</tmdb>
</dir>

<dir>
  <title>[COLOR gold][B]Crime[/B][/COLOR]</title>
  <tmdb>genre/shows/80</tmdb>
</dir>

<dir>
  <title>[COLOR gold][B]Documentary[/B][/COLOR]</title>
  <tmdb>genre/shows/99</tmdb>
</dir>

<dir>
  <title>[COLOR gold][B]Drama[/B][/COLOR]</title>
  <tmdb>genre/shows/18</tmdb>
</dir>

<dir>
  <title>[COLOR gold][B]Family[/B][/COLOR]</title>
  <tmdb>genre/shows/10751</tmdb>
</dir>

<dir>
  <title>[COLOR gold][B]Kids[/B][/COLOR]</title>
  <tmdb>genre/shows/10762</tmdb>
</dir>

<dir>
  <title>[COLOR gold][B]Mystery[/B][/COLOR]</title>
  <tmdb>genre/shows/9648</tmdb>
</dir>

<dir>
  <title>[COLOR gold][B]News[/B][/COLOR]</title>
  <tmdb>genre/shows/10763</tmdb>
</dir>

<dir>
  <title>[COLOR gold][B]Reality[/B][/COLOR]</title>
  <tmdb>genre/shows/10764</tmdb>
</dir>

<dir>
  <title>[COLOR gold][B]Sci-Fi & Fantasy[/B][/COLOR]</title>
  <tmdb>genre/shows/10765</tmdb>
</dir>

<dir>
  <title>[COLOR gold][B]Soap[/B][/COLOR]</title>
  <tmdb>genre/shows/10766</tmdb>
</dir>

<dir>
  <title>[COLOR gold][B]War & Politics[/B][/COLOR]</title>
  <tmdb>genre/shows/10768</tmdb>
</dir>

<dir>
  <title>[COLOR gold][B]Western[/B][/COLOR]</title>
  <tmdb>genre/shows/37</tmdb>
</dir>

