<dir>
  <title>[COLOR gold][B]A&E[/B][/COLOR]</title>
  <tmdb>network/shows/129</tmdb>
  <thumbnail></thumbnail>
  <fantart></fantart>
</dir>

<dir>
  <title>[COLOR gold][B]ABC[/B][/COLOR]</title>
  <tmdb>network/shows/2</tmdb>
</dir>

<dir>
  <title>[COLOR gold][B]ABC Family[/B][/COLOR]</title>
  <tmdb>network/shows/75</tmdb>
  <thumbnail></thumbnail>
  <fantart></fantart>
</dir>

<dir>
  <title>[COLOR gold][B]AMC[/B][/COLOR]</title>
  <tmdb>network/shows/174</tmdb>
</dir>

<dir>
  <title>[COLOR gold][B]Amazon[/B][/COLOR]</title>
  <tmdb>network/shows/1024</tmdb>
  <thumbnail></thumbnail>
  <fantart></fantart>
</dir>

<dir>
  <title>[COLOR gold][B]Animal Planet[/B][/COLOR]</title>
  <tmdb>network/shows/91</tmdb>
  <thumbnail></thumbnail>
  <fantart></fantart>
</dir>

<dir>
  <title>[COLOR gold][B]Bravo[/B][/COLOR]</title>
  <tmdb>network/shows/312</tmdb>
  <thumbnail></thumbnail>
  <fantart></fantart>
</dir>

<dir>
  <title>[COLOR gold][B]CBS[/B][/COLOR]</title>
  <tmdb>network/shows/16</tmdb>
  <thumbnail></thumbnail>
  <fantart></fantart>
</dir>

<dir>
  <title>[COLOR gold][B]CNBC[/B][/COLOR]</title>
  <tmdb>network/shows/175</tmdb>
  <thumbnail></thumbnail>
  <fantart></fantart>
</dir>

<dir>
  <title>[COLOR gold][B]CNN[/B][/COLOR]</title>
  <tmdb>network/shows/59</tmdb>
  <thumbnail></thumbnail>
  <fantart></fantart>
</dir>

<dir>
  <title>[COLOR gold][B]Cartoon Network[/B][/COLOR]</title>
  <tmdb>network/shows/56</tmdb>
  <thumbnail></thumbnail>
  <fantart></fantart>
</dir>

<dir>
  <title>[COLOR gold][B]Cinemax[/B][/COLOR]</title>
  <tmdb>network/shows/359</tmdb>
  <thumbnail></thumbnail>
  <fantart></fantart>
</dir>

<dir>
  <title>[COLOR gold][B]Comedy Central[/B][/COLOR]</title>
  <tmdb>network/shows/47</tmdb>
  <thumbnail></thumbnail>
  <fantart></fantart>
</dir>

<dir>
  <title>[COLOR gold][B]DIY Network[/B][/COLOR]</title>
  <tmdb>network/shows/625</tmdb>
  <thumbnail></thumbnail>
  <fantart></fantart>
</dir>

<dir>
  <title>[COLOR gold][B]Destination America[/B][/COLOR]</title>
  <tmdb>network/shows/530</tmdb>
  <thumbnail></thumbnail>
  <fantart></fantart>
</dir>

<dir>
  <title>[COLOR gold][B]Discovery[/B][/COLOR]</title>
  <tmdb>network/shows/64</tmdb>
  <thumbnail></thumbnail>
  <fantart></fantart>
</dir>

<dir>
  <title>[COLOR gold][B]Disney Channel[/B][/COLOR]</title>
  <tmdb>network/shows/54</tmdb>
  <thumbnail></thumbnail>
  <fantart></fantart>
</dir>

<dir>
  <title>[COLOR gold][B]Disney XD[/B][/COLOR]</title>
  <tmdb>network/shows/44</tmdb>
  <thumbnail></thumbnail>
  <fantart></fantart>
</dir>

<dir>
  <title>[COLOR gold][B]FX[/B][/COLOR]</title>
  <tmdb>network/shows/88</tmdb>
  <thumbnail></thumbnail>
  <fantart></fantart>
</dir>

<dir>
  <title>[COLOR gold][B]FYI[/B][/COLOR]</title>
  <tmdb>network/shows/1080</tmdb>
  <thumbnail></thumbnail>
  <fantart></fantart>
</dir>

<dir>
  <title>[COLOR gold][B]Fox[/B][/COLOR]</title>
  <tmdb>network/shows/303</tmdb>
  <thumbnail></thumbnail>
  <fantart></fantart>
</dir>

<dir>
  <title>[COLOR gold][B]HBO[/B][/COLOR]</title>
  <tmdb>network/shows/49</tmdb>
  <thumbnail></thumbnail>
  <fantart></fantart>
</dir>

<dir>
  <title>[COLOR gold][B]HGTV[/B][/COLOR]</title>
  <tmdb>network/shows/210</tmdb>
  <thumbnail></thumbnail>
  <fantart></fantart>
</dir>

<dir>
  <title>[COLOR gold][B]Hallmark[/B][/COLOR]</title>
  <tmdb>network/shows/384</tmdb>
  <thumbnail></thumbnail>
  <fantart></fantart>
</dir>

<dir>
  <title>[COLOR gold][B]History[/B][/COLOR]</title>
  <tmdb>network/shows/65</tmdb>
  <thumbnail></thumbnail>
  <fantart></fantart>
</dir>

<dir>
  <title>[COLOR gold][B]Hulu[/B][/COLOR]</title>
  <tmdb>network/shows/453</tmdb>
  <thumbnail></thumbnail>
  <fantart></fantart>
</dir>

<dir>
  <title>[COLOR gold][B]ITV[/B][/COLOR]</title>
  <tmdb>network/shows/9</tmdb>
  <thumbnail></thumbnail>
  <fantart></fantart>
</dir>

<dir>
  <title>[COLOR gold][B]Investigation Discovery[/B][/COLOR]</title>
  <tmdb>network/shows/244</tmdb>
  <thumbnail></thumbnail>
  <fantart></fantart>
</dir>

<dir>
  <title>[COLOR gold][B]Lifetime[/B][/COLOR]</title>
  <tmdb>network/shows/34</tmdb>
  <thumbnail></thumbnail>
  <fantart></fantart>
</dir>

<dir>
  <title>[COLOR gold][B]MTV[/B][/COLOR]</title>
  <tmdb>network/shows/33</tmdb>
  <thumbnail></thumbnail>
  <fantart></fantart>
</dir>

<dir>
  <title>[COLOR gold][B]NBC[/B][/COLOR]</title>
  <tmdb>network/shows/6</tmdb>
  <thumbnail></thumbnail>
  <fantart></fantart>
</dir>

<dir>
  <title>[COLOR gold][B]Nat Geo Wild[/B][/COLOR]</title>
  <tmdb>network/shows/1043</tmdb>
  <thumbnail></thumbnail>
  <fantart></fantart>
</dir>

<dir>
  <title>[COLOR gold][B]National Geographic Channel[/B][/COLOR]</title>
  <tmdb>network/shows/799</tmdb>
  <thumbnail></thumbnail>
  <fantart></fantart>
</dir>

<dir>
  <title>[COLOR gold][B]Netflix[/B][/COLOR]</title>
  <tmdb>network/shows/213</tmdb>
  <thumbnail></thumbnail>
  <fantart></fantart>
</dir>

<dir>
  <title>[COLOR gold][B]Nickelodeon[/B][/COLOR]</title>
  <tmdb>network/shows/13</tmdb>
  <thumbnail></thumbnail>
  <fantart></fantart>
</dir>

<dir>
  <title>[COLOR gold][B]PBS[/B][/COLOR]</title>
  <tmdb>network/shows/14</tmdb>
  <thumbnail></thumbnail>
  <fantart></fantart>
</dir>

<dir>
  <title>[COLOR gold][B]Showtime[/B][/COLOR]</title>
  <tmdb>network/shows/67</tmdb>
  <thumbnail></thumbnail>
  <fantart></fantart>
</dir>

<dir>
  <title>[COLOR gold][B]Spike[/B][/COLOR]</title>
  <tmdb>network/shows/55</tmdb>
  <thumbnail></thumbnail>
  <fantart></fantart>
</dir>

<dir>
  <title>[COLOR gold][B]Starz[/B][/COLOR]</title>
  <tmdb>network/shows/318</tmdb>
  <thumbnail></thumbnail>
  <fantart></fantart>
</dir>

<dir>
  <title>[COLOR gold][B]SyFy[/B][/COLOR]</title>
  <tmdb>network/shows/77</tmdb>
  <thumbnail></thumbnail>
  <fantart></fantart>
</dir>

<dir>
  <title>[COLOR gold][B]TBS[/B][/COLOR]</title>
  <tmdb>network/shows/68</tmdb>
  <thumbnail></thumbnail>
  <fantart></fantart>
</dir>

<dir>
  <title>[COLOR gold][B]TLC[/B][/COLOR]</title>
  <tmdb>network/shows/84</tmdb>
  <thumbnail></thumbnail>
  <fantart></fantart>
</dir>

<dir>
  <title>[COLOR gold][B]TNT[/B][/COLOR]</title>
  <tmdb>network/shows/41</tmdb>
  <thumbnail></thumbnail>
  <fantart></fantart>
</dir>

<dir>
  <title>[COLOR gold][B]TV Land[/B][/COLOR]</title>
  <tmdb>network/shows/397</tmdb>
  <thumbnail></thumbnail>
  <fantart></fantart>
</dir>

<dir>
  <title>[COLOR gold][B]The Lifestyle Channel[/B][/COLOR]</title>
  <tmdb>network/shows/683</tmdb>
  <thumbnail></thumbnail>
  <fantart></fantart>
</dir>

<dir>
  <title>[COLOR gold][B]The Movie Network[/B][/COLOR]</title>
  <tmdb>network/shows/245</tmdb>
  <thumbnail></thumbnail>
  <fantart></fantart>
</dir>

<dir>
  <title>[COLOR gold][B]Travel Channel[/B][/COLOR]</title>
  <tmdb>network/shows/209</tmdb>
  <thumbnail></thumbnail>
  <fantart></fantart>
</dir>

<dir>
  <title>[COLOR gold][B]USA[/B][/COLOR]</title>
  <tmdb>network/shows/30</tmdb>
  <thumbnail></thumbnail>
  <fantart></fantart>
</dir>

<dir>
  <title>[COLOR gold][B]VH1[/B][/COLOR]</title>
  <tmdb>network/shows/158</tmdb>
  <thumbnail></thumbnail>
  <fantart></fantart>
</dir>

<dir>
  <title>[COLOR gold][B]Velocity[/B][/COLOR]</title>
  <tmdb>network/shows/435</tmdb>
  <thumbnail></thumbnail>
  <fantart></fantart>
</dir>

