<dir>
<title>[COLOR gold][B]On The Air[/B][/COLOR]</title>
<tmdb>tv/on_the_air</tmdb>
<summary>Shows Airing in Next 7 Days</summary>
<thumbnail></thumbnail>
</dir>

<dir>
<title>[COLOR gold][B]Genres[/B][/COLOR]</title>
<link>file://TVShows/genre_tv.xml</link>
<summary>Search Shows by Genre</summary>
<thumbnail></thumbnail>
</dir>

<dir>
<title>[COLOR gold][B]Airing Today[/B][/COLOR]</title>
<tmdb>tv/today</tmdb>
<thumbnail></thumbnail>
</dir>

<dir>
<title>[COLOR gold][B]Popular Shows[/B][/COLOR]</title>
<trakt>https://api.trakt.tv/shows/popular</trakt>
<thumbnail></thumbnail>
</dir>

<dir>
<title>[COLOR gold][B]Networks[/B][/COLOR]</title>
<link>file://TVShows/networks.xml</link>
<summary></summary>
<thumbnail></thumbnail>
</dir>

<dir>
<title>[COLOR gold][B]Trending Shows[/B][/COLOR]</title>
<trakt>https://api.trakt.tv/shows/trending</trakt>
<thumbnail></thumbnail>
</dir>

<dir>
<title>[COLOR gold][B]Anticipated Shows[/B][/COLOR]</title>
<trakt>https://api.trakt.tv/shows/anticipated</trakt>
<thumbnail></thumbnail>
</dir>

<item>
<title>[COLOR gold][B]Pair With Sites[/B][/COLOR]</title>
<pairwith>pairlist</pairwith>
</item>

<item>
<title>[COLOR gold][B]Authorize Trakt[/B][/COLOR]</title>
<trakt>https://api.trakt.tv/sync/collection/shows</trakt>
<summary>Authorize Trakt</summary>
</item>

<plugin>
<name>[COLOR gold][B]AUTHORIZE REAL DEBRID [COLOR white][B](RESOLVE-URL)[/B][/COLOR]</name>
<link>plugin://script.module.resolveurl/?mode=auth_rd</link>
<thumbnail>special://home/addons/plugin.video.firecat/resources/media/icon.png</thumbnail>
<fanart></fanart>
<summary>AUTHORIZE REAL DEBRID (RESOLVE-URL)</summary>
</plugin>

<plugin>
<name>[COLOR gold][B]AUTHORIZE REAL DEBRID [COLOR white][B](URLRESOLVER)[/B][/COLOR]</name>
<link>plugin://script.module.urlresolver/?mode=auth_rd</link>
<thumbnail>special://home/addons/plugin.video.firecat/resources/media/icon.png</thumbnail>
<fanart></fanart>
<summary>AUTHORIZE REAL DEBRID (URLRESOLVER)</summary>
</plugin>


<dir>
	<title>[COLOR gold][B]Search[/B][/COLOR]</title>
	<tmdb>search</tmdb>
	<animated_thumbnail/>
	<thumbnail/>
	<animated_fanart/>
	<fanart/>
</dir>