<xml>

<dir>
	<title>Artists Chart</title>
	<lastfm>chart/artists</lastfm>
</dir>

<dir>
	<title>Tracks Chart</title>
	<lastfm>chart/tracks</lastfm>
</dir>

<dir>
	<title>Tags Chart</title>
	<lastfm>chart/tags</lastfm>
</dir>

<dir>
	<title>Tags to Artists</title>
	<link>file://shared/music/lastfm-tagartist.xml</link>
</dir>

<dir>
	<title>Tags to Tracks</title>
	<link>file://shared/music/lastfm-tagtrack.xml</link>
</dir>

<dir>
	<title>Tags to Albums</title>
	<link>file://shared/music/lastfm-tagalbum.xml</link>
</dir>

<dir>
	<title>Search Artist</title>
	<lastfm>search/artist</lastfm>
</dir>

<dir>
	<title>Search Album</title>
	<lastfm>search/album</lastfm>
</dir>


</xml>
