<?xml version="1.0" encoding="UTF-8" standalone="yes"?>
<addon id="plugin.video.pauls_world" name="[COLOR khaki]Eyasses[/COLOR]" version="2.0.0" provider-name="Paul">
<requires>
    <import addon="xbmc.python" version="2.1.0"/>
	<import addon="script.module.t0mm0.common" version="2.0.0"/>
    <import addon="script.module.beautifulsoup" version="3.2.1"/>
    <import addon="script.module.beautifulsoup4" />
    <import addon="script.module.simple.downloader" version="0.9.4"/>
    <import addon="script.module.requests" />
    <import addon="script.module.httplib2" />
    <import addon="script.module.youtube.dl" optional="true"/>
    <import addon="script.module.urlresolver" />
    <import addon="script.module.simplejson" /> 
    <import addon="script.common.plugin.cache" version="2.5.2"/>
    <import addon="script.module.metahandler" version="2.5.1"/>
    <import addon="repository.ytplugin" />
	<import addon="repository.tknorris.release" />
    <import addon="plugin.video.youtube" />
</requires>
  <extension point="xbmc.python.pluginsource" library="default.py">
    <provides>video</provides>
  </extension>
  <extension point="xbmc.addon.metadata">
    <summary lang="en">All In One Add-On</summary>
    <description lang="en">Eyasses Brings You Live, On Demand TV And Many Various Playlists.</description>
    <disclaimer lang="en">We Do Not Host It.</disclaimer>
    <platform>all</platform>
  </extension>
</addon>
