<?xml version="1.0" encoding="UTF-8" standalone="yes"?>
<addon id="plugin.video.DENISLIST" name="DENIS LIST" version="1.0.1" provider-name="DENIS">
    <requires>
    </requires>
    <extension point="xbmc.python.pluginsource"
               library="default.py">
        <provides>video</provides>
    </extension>
    <extension point="xbmc.addon.metadata">
        <platform>all</platform>
        <summary>TV AND MOVIES by Denis </summary>
        <description>DENIS LIST</description>
    </extension>
</addon>