<?xml version="1.0" encoding="UTF-8" standalone="yes"?>
<addon id="plugin.video.UniverseHD" name="[COLOR red][B]Universe [/B][/COLOR][COLOR white][B]HD[/B][/COLOR]" version="2.0" provider-name="@Nemzzy668 // @_DevKong // @Universe">
  <requires>
    <import addon="xbmc.python" version="2.1.0"/>
    <import addon="script.module.simplejson"/>
    <import addon="script.module.resolveurl" />
    <import addon="script.common.plugin.cache"/>
    <import addon="script.module.metahandler"/>
    <import addon="plugin.video.youtube" optional="false" />
  </requires>
  <extension point="xbmc.python.pluginsource" library="universe.py">
        <provides>video</provides>
  </extension>
  <extension point="xbmc.addon.metadata">
    <summary lang="en">Universe Streams and Movies</summary>
    <description lang="en">Universe Streams and Movies</description>
    <platform>all</platform>
  </extension>
</addon>