<?xml version="1.0" encoding="UTF-8"?>
    <addon id="repository.steptoes" name="Steptoes Repo" version="2.1" provider-name="Steptoe">
        <requires>
            <import addon="xbmc.addon" version="12.0.0"/>
        </requires>
        <extension point="xbmc.addon.repository" name="Steptoes Repo">
            <info compressed="false">http://steptoesplace.net/_repotest/addons.xml</info>
            <checksum>http://steptoesplace.net/_repotest/addons.xml.md5</checksum>
            <datadir zip="true">http://steptoesplace.net/_repotest/</datadir>
            <hashes>false</hashes>
        </extension>
        <extension point="xbmc.addon.metadata">
            <summary>Steptoes Repo</summary>
            <description>Repo For My Addons And Builds.</description>
            <platform>all</platform>
    </extension>
</addon>