<?xml version="1.0" encoding="UTF-8" standalone="yes"?>
<addon id="script.kratos.artwork" version="2017.11.12" name="The kratos Artwork" provider-name="The kratos">
    <requires>
<import addon="xbmc.python" version="2.19.0"/>
	</requires>
	<extension point="xbmc.python.script" library="default.py">
		<provides>executable</provides>
	</extension>
	<extension point="xbmc.addon.metadata">
		<summary>Themes for the kratos Addon</summary>
		<description></description>
		<platform>all</platform>
		<news>Added new artwork</news>
	</extension>
</addon>
