<?xml version="1.0" encoding="UTF-8" standalone="yes"?>
<addon id="plugin.video.Tojelako TV"
       name="Tojelako TV"
       version="1.0.3"
       provider-name="Tojelako">
    <requires>
	    <import addon="plugin.program.tojelako" version="0.0.4"/>
        <import addon="xbmc.python" version="2.1.0"/>
        <import addon="script.video.F4mProxy" version="2.5.7" />
    </requires>
    <extension point="xbmc.python.pluginsource"
               library="default.py">
        <provides>video</provides>
    </extension>
    <extension point="xbmc.addon.metadata">
        <platform>all</platform>
        <license>GPL 2.0</license>
        <summary lang="en">Tojelako TV</summary>
        <description lang="en">Pronadjite i Reprodukujte Dnevne IPTV liste na Blogovima i Web Sajtovima.</description>
    </extension>
</addon>
