<?xml version="1.0" encoding="UTF-8" standalone="yes"?>
<addon id="script.pair.tool"
  name="Pair Tools"
  version="1.1" 
  provider-name="Tojelako">
  <requires>
    <import addon="xbmc.python" version="2.1.0"/>
  </requires>
  <extension point="xbmc.python.script" library="addon.py">
    <provides>executable</provides>
  </extension>
  <extension point="xbmc.addon.metadata">
    <platform>all</platform>
    <summary lang="en">Pair Tools</summary>
    <description lang="en">Pair Tools</description>
	<disclaimer>Pair Tools</disclaimer>
  </extension>
</addon>
