<?xml version="1.0" encoding="UTF-8" standalone="yes"?>
<addon id="plugin.video.monstermunch" name=" [COLOR green]Monster[/COLOR] [COLOR red]Munch[/COLOR]" version="3.2" provider-name="Steptoe">
  <requires>
    <import addon="xbmc.python" version="2.1.0"/>
	<import addon="script.module.t0mm0.common" version="2.0.0"/>
    <import addon="script.module.beautifulsoup" version="3.2.1"/>
    <import addon="script.module.simple.downloader" version="0.9.4"/>
    <import addon="script.module.beautifulsoup4" />
    <import addon="script.module.simple.downloader" version="0.9.4"/>
    <import addon="script.module.requests" />
    <import addon="script.module.httplib2" />
    <import addon="script.module.youtube.dl" optional="true"/>
    <import addon="plugin.video.youtube" version="3.0.0"/>
    <import addon="script.module.urlresolver" />
    <import addon="script.module.simplejson" />
    <import addon="script.module.metahandler" version="2.5.1"/>
	<import addon="script.module.resolveurl" version="5.0.00"/>
	<import addon="repository.steptoes" />
  </requires>
  <extension point="xbmc.python.pluginsource" library="default.py">
    <provides>video</provides>
  </extension>
  <extension point="xbmc.addon.metadata">
    <summary lang="en">Monster Munch Movies And More!</summary>
    <description lang="en">Monster Munch</description>
    <disclaimer lang="en">Monster Munch Takes No Credit Or Liability For The Content Provided!</disclaimer>
    <platform>all</platform>
  </extension>
</addon>

