<?xml version="1.0" encoding="UTF-8" standalone="yes"?>
<addon id="plugin.video.movieteather" version="4.2.01" name="[B][COLOR lime]Exodus[/COLOR][COLOR dodgerblue]Movie[/COLOR][COLOR yellow]Fork[/COLOR][/B]" provider-name="movieteather">
	<requires>
		<import addon="xbmc.python" version="2.19.0" />
		<import addon="script.module.urlresolver" version="3.0.0" />
		<import addon="script.module.requests" />
		<import addon="script.module.metahandler" version="1.0.0" />
	</requires>
	<extension point="xbmc.python.pluginsource" library="movieteather.py">
		<provides>video</provides>
	</extension>
	<extension point="xbmc.service" library="service.py" start="startup" />
	<extension point="xbmc.addon.metadata">
		<summary lang="en">movieteather</summary>
		<description lang="en">movieteather support and assistance! Kindly note that movieteather is not an official part of the media player you are running, and therefore not to be mentioned within official support channels, this addon has nothing to do with the media player itself, nor it’s intended use, it is simply a third party plugin which has been added to your system.</description>
		<disclaimer lang="en">The author does not host or distribute any of the content displayed by this addon. The author does not have any affiliation with the content provider.</disclaimer>
		<platform>all</platform>
	</extension>
</addon>
