﻿<?xml version="1.0" encoding="UTF-8" standalone="yes"?>
<addon id="plugin.video.bonecrusher" version="7.7.7" name=" bonecrusher" provider-name="KryptKeeper">
	<requires>
		<import addon="xbmc.python" version="2.19.0" />
                <import addon="script.Superbeast.artwork" version="1.0.0.4" />
                <import addon="script.module.resolveurl" version="1.0.0.0" />
                <import addon="script.module.metahandler" />
                <import addon="script.module.requests" />
                <import addon="script.module.beautifulsoup" />
                <import addon="script.module.bc.common" version="1.0.0.3" />
                <import addon="script.module.futures" />
                <import addon="plugin.program.Crucialminds.favourites" />
                <import addon="script.crucialminds.pair" />
                <import addon="script.module.universalscrapers" version="1.0.0.0" />	
	</requires>
	<extension point="xbmc.python.pluginsource" library="bonecrusher.py">
		<provides>video</provides>
	</extension>
	<extension point="xbmc.addon.metadata">
		<summary lang="en"></summary>
		<description lang="en">Watch Movies and TV Shows in High quality! Please note that this addon is not an official part of the Kodi media player , and therefore not to be mentioned within official support channels, this addon has nothing to do with the media player itself, nor it’s intended use, it is simply a third party plugin which has been added to your system.</description>
		<disclaimer lang="en">The Author does not host or share any content, nor is affiliated with the content providers.</disclaimer>
		<platform>all</platform>
		
		<news>Update Providers</news>
		<assets>
			<icon>icon.png</icon>
			<fanart>fanart.jpg</fanart>
			<screenshot></screenshot>
			<screenshot></screenshot>
			<screenshot></screenshot>
		</assets>
	</extension>
</addon>